{
"type": "FeatureCollection",
                                                                                
"features": [
{ "type": "Feature", "properties": { "ST_NM": "Arunanchal Pradesh" }, "geometry": { "type": "Polygon", "coordinates": [ [ [ 96.162609466753565, 29.380784745020037 ], [ 96.168603208970978, 29.374324170124396 ], [ 96.180000322656838, 29.362130014288766 ], [ 96.185043671228527, 29.353062362338221 ], [ 96.190461140469324, 29.342005972997299 ], [ 96.189786524828321, 29.336605320179444 ], [ 96.187670177236953, 29.306670604364967 ], [ 96.192966491610377, 29.302021351304347 ], [ 96.207761261073415, 29.29096386389125 ], [ 96.214527923824676, 29.272140381673353 ], [ 96.230605959297634, 29.257015537637017 ], [ 96.238533064949024, 29.240608269356187 ], [ 96.24788572914315, 29.232223539185043 ], [ 96.25516258808301, 29.230344805068739 ], [ 96.270026108018556, 29.233625525597574 ], [ 96.287092754726928, 29.232368050345315 ], [ 96.297275338486145, 29.232815882147293 ], [ 96.316931401363149, 29.256157009738274 ], [ 96.324484810825425, 29.258693372201435 ], [ 96.349663298322639, 29.264378074988201 ], [ 96.355076244872862, 29.268926075178285 ], [ 96.362727537445949, 29.278590639546451 ], [ 96.367512367801567, 29.282681259832316 ], [ 96.37338814954353, 29.283343867725364 ], [ 96.379325672441894, 29.28075743190999 ], [ 96.386427732853633, 29.273369735125243 ], [ 96.391803335055954, 29.260771136179017 ], [ 96.39705561142739, 29.253410722127171 ], [ 96.395985356139306, 29.243054182504579 ], [ 96.391895968823974, 29.230562214374743 ], [ 96.384392460044069, 29.22342480970724 ], [ 96.37552767536198, 29.214862622611975 ], [ 96.3704537678272, 29.204274328597421 ], [ 96.367137610412442, 29.195194109520571 ], [ 96.362582890488056, 29.178375146895576 ], [ 96.350408205874089, 29.16776990155978 ], [ 96.336613563465221, 29.166288153375604 ], [ 96.311711769482656, 29.165191959841138 ], [ 96.29466676046269, 29.158959391862481 ], [ 96.276554717526267, 29.157520763472519 ], [ 96.270802772430045, 29.157940417716134 ], [ 96.264310085442162, 29.157009879302564 ], [ 96.259608493637131, 29.151016361915595 ], [ 96.252990328740736, 29.147021271214726 ], [ 96.242170428722375, 29.145229108536569 ], [ 96.231857628526768, 29.143255566990888 ], [ 96.221585698920933, 29.134966745918632 ], [ 96.219160309200959, 29.130115696682083 ], [ 96.212735579483478, 29.117551462629933 ], [ 96.209065739392429, 29.111262559319698 ], [ 96.204335273054483, 29.102737653619897 ], [ 96.189616364103983, 29.091424158897894 ], [ 96.173505018641777, 29.084443725497579 ], [ 96.159509949724452, 29.082492890934247 ], [ 96.128222753377429, 29.077541266016681 ], [ 96.118525176695584, 29.074465494686876 ], [ 96.14067065202903, 29.061276849646958 ], [ 96.154310239625943, 29.049881878146209 ], [ 96.164691076232259, 29.033191419648347 ], [ 96.169016710952519, 29.016739315666939 ], [ 96.172631319180084, 29.009480165277466 ], [ 96.179355309999607, 29.000041499815438 ], [ 96.183966100854946, 28.995942749658241 ], [ 96.188557353039471, 28.984620263514387 ], [ 96.188225291863773, 28.97425385832895 ], [ 96.184109353863676, 28.965000231075862 ], [ 96.165849257337413, 28.956147045849548 ], [ 96.158818901671054, 28.952060676658959 ], [ 96.157694555759178, 28.942955420456315 ], [ 96.153961310765965, 28.939563827908387 ], [ 96.148874379249264, 28.933923521953034 ], [ 96.158926030711825, 28.924719459035884 ], [ 96.166540903440023, 28.918424103089933 ], [ 96.169115665155857, 28.910373682399552 ], [ 96.170048973481414, 28.902245072851883 ], [ 96.178228453180623, 28.90055230054827 ], [ 96.189496712903065, 28.908296109977528 ], [ 96.208155963626893, 28.915435708091479 ], [ 96.218968964945816, 28.919569127113562 ], [ 96.231667185392325, 28.925586567366224 ], [ 96.251827821896541, 28.939102906474034 ], [ 96.259215006067734, 28.955548427418023 ], [ 96.264216624297831, 28.961448051986054 ], [ 96.271776523267988, 28.967603381690765 ], [ 96.285483427818008, 28.980006449138386 ], [ 96.290211474080309, 28.988346472211958 ], [ 96.29733934593412, 28.995061539958158 ], [ 96.304716077285207, 28.99857159210535 ], [ 96.312769409980319, 29.001915157258736 ], [ 96.325173750867975, 29.00909545239324 ], [ 96.340941934822467, 29.020849359510407 ], [ 96.350385629293442, 29.028598530697707 ], [ 96.36108861924447, 29.030556343100784 ], [ 96.372401372925083, 29.031251194387153 ], [ 96.392608329910558, 29.03039985836682 ], [ 96.408036037733041, 29.031592398070757 ], [ 96.424487633597494, 29.03321339728052 ], [ 96.439380844650316, 29.033775042784043 ], [ 96.453415380315619, 29.038484725789488 ], [ 96.462501884754261, 29.041996269012657 ], [ 96.470216164944134, 29.050208108117772 ], [ 96.480789684896081, 29.056306320979957 ], [ 96.49525570088997, 29.06200633112735 ], [ 96.503951894164629, 29.067051110520367 ], [ 96.511801985473312, 29.069931052675997 ], [ 96.522255588025018, 29.074594745251318 ], [ 96.52883267189037, 29.075418368662838 ], [ 96.515285701873722, 29.048698451272571 ], [ 96.508961382361974, 29.03794965255446 ], [ 96.502341800134047, 29.027378569765233 ], [ 96.496320038638942, 29.016362326160447 ], [ 96.492063354939944, 29.006483288772813 ], [ 96.487710914127433, 29.001339685578102 ], [ 96.480842644172753, 28.990017840650864 ], [ 96.484964798286853, 28.9770709864369 ], [ 96.487719616866912, 28.968741862247214 ], [ 96.490891472663407, 28.961218643925349 ], [ 96.49659308899993, 28.958173515195597 ], [ 96.504096833402173, 28.959538665377181 ], [ 96.516717375806309, 28.966152284200632 ], [ 96.522170765768294, 28.966819681882839 ], [ 96.524542415600081, 28.961016959265294 ], [ 96.525937734438969, 28.951258215194514 ], [ 96.526952793836415, 28.943754136244422 ], [ 96.533559629973013, 28.932674624434412 ], [ 96.538686580421427, 28.925671526319945 ], [ 96.541927690310729, 28.916620392217396 ], [ 96.54001848536484, 28.905274013784776 ], [ 96.539210404936284, 28.892746861478543 ], [ 96.540550709547688, 28.879654919638881 ], [ 96.549938492267643, 28.869987763424604 ], [ 96.556228898345069, 28.858545732199843 ], [ 96.562783071981244, 28.851346072863009 ], [ 96.565839761495852, 28.843369355211621 ], [ 96.569951132738652, 28.837277164209809 ], [ 96.578792361478349, 28.825803395910043 ], [ 96.587153855865836, 28.816779468997368 ], [ 96.598022128618425, 28.810425302785518 ], [ 96.606666966107639, 28.799588124092679 ], [ 96.611177871961274, 28.793216987673873 ], [ 96.614024631831342, 28.785153810100326 ], [ 96.61875601637712, 28.773647872151628 ], [ 96.618237781148764, 28.759859125698142 ], [ 96.616313574611866, 28.754823874622161 ], [ 96.612120831811012, 28.748386234237387 ], [ 96.600812379587694, 28.733008030496251 ], [ 96.588582410949584, 28.716556764682991 ], [ 96.574969154602854, 28.70968707649746 ], [ 96.562636518460636, 28.706852607661745 ], [ 96.534898852699939, 28.706547453302392 ], [ 96.525021660721109, 28.704046028601397 ], [ 96.510685163289736, 28.696188934271959 ], [ 96.501043504654092, 28.687631303142155 ], [ 96.493206954437483, 28.68356806001799 ], [ 96.486960342645773, 28.683375268753707 ], [ 96.475390837916905, 28.683318214863789 ], [ 96.473194943491933, 28.67964853305341 ], [ 96.477615727383977, 28.674550056939609 ], [ 96.481005972747482, 28.667928143668973 ], [ 96.486526886506681, 28.66028632095697 ], [ 96.489395602425191, 28.653764289090702 ], [ 96.493684665315129, 28.64568633475659 ], [ 96.497677933989507, 28.638691625518163 ], [ 96.496572910011821, 28.633112477059228 ], [ 96.486751663958159, 28.626461092105785 ], [ 96.475379921945887, 28.617393045352799 ], [ 96.460739742345311, 28.608801297541902 ], [ 96.446914084117736, 28.600927518090543 ], [ 96.441835452444252, 28.595745304302397 ], [ 96.437480837071007, 28.591914921736304 ], [ 96.434992816765146, 28.58840131187111 ], [ 96.430506949835944, 28.582065671693442 ], [ 96.424953432954624, 28.579956726421813 ], [ 96.417538572147464, 28.583378297870183 ], [ 96.409847289420952, 28.589414035729192 ], [ 96.403401731404813, 28.589299142841242 ], [ 96.402428498576398, 28.585428199951536 ], [ 96.408600755320663, 28.572825956053066 ], [ 96.409127229238322, 28.566417259448997 ], [ 96.409018872622937, 28.558928647938785 ], [ 96.403177702189282, 28.557282875104647 ], [ 96.396636403247498, 28.557616448040676 ], [ 96.388779594003097, 28.558602605925557 ], [ 96.373245298531742, 28.559123749561422 ], [ 96.357054831615244, 28.555587115253218 ], [ 96.345685915272838, 28.546053041614641 ], [ 96.337248038766063, 28.53351059633701 ], [ 96.328093245207185, 28.529002731091225 ], [ 96.326713751738339, 28.52532086256781 ], [ 96.329674594207233, 28.523681987533735 ], [ 96.33351699171584, 28.521555009056499 ], [ 96.344475971888642, 28.516118839313037 ], [ 96.355336203802835, 28.509782150525893 ], [ 96.363237913498949, 28.50456687226341 ], [ 96.368890407066715, 28.499546132647936 ], [ 96.373997962735871, 28.491551561655285 ], [ 96.375196839962257, 28.481793847308268 ], [ 96.369181556283877, 28.474285647664544 ], [ 96.343614476227174, 28.464801174334752 ], [ 96.337302472930844, 28.457557895180742 ], [ 96.326076729557485, 28.449822419768907 ], [ 96.311861930183966, 28.440485974847888 ], [ 96.29932668038208, 28.433931671709331 ], [ 96.286968297548924, 28.42557097052395 ], [ 96.276677278034015, 28.418816918965661 ], [ 96.268126031191457, 28.411856322811104 ], [ 96.265940521238122, 28.408177684652458 ], [ 96.269566022953654, 28.404993152911743 ], [ 96.279145319001316, 28.403631814057007 ], [ 96.289970486348921, 28.403444356671798 ], [ 96.301370423006688, 28.401349599104776 ], [ 96.306761662620715, 28.399405221673703 ], [ 96.312388344746353, 28.39222178970391 ], [ 96.317380974252615, 28.383043167708081 ], [ 96.321932745299989, 28.380759548914114 ], [ 96.332569466008124, 28.382366733637923 ], [ 96.363879007809999, 28.388280678110846 ], [ 96.372961572318786, 28.388826098046025 ], [ 96.376858963370523, 28.381749094545114 ], [ 96.381958908976515, 28.358509309756869 ], [ 96.394083433004084, 28.357034459372869 ], [ 96.401285095131072, 28.338823348918481 ], [ 96.414584176018991, 28.341031730430075 ], [ 96.424740850310059, 28.345255426097083 ], [ 96.428880577176926, 28.357747512038088 ], [ 96.430638478383116, 28.366841422393804 ], [ 96.43187118270896, 28.375398307086243 ], [ 96.432456358074546, 28.380446701753954 ], [ 96.433964227966783, 28.386110962051305 ], [ 96.44112658162652, 28.39541577691665 ], [ 96.44896736854929, 28.401554997964809 ], [ 96.455826379983534, 28.410054532890456 ], [ 96.460258633828971, 28.41360891441991 ], [ 96.471747753556031, 28.417183541487304 ], [ 96.481981095051538, 28.418970875705384 ], [ 96.498703224074575, 28.41787944138315 ], [ 96.508245086741397, 28.414350682438112 ], [ 96.512205767582145, 28.412584989505717 ], [ 96.522077319013135, 28.41761331490261 ], [ 96.535817163031709, 28.428913205580045 ], [ 96.553089518866273, 28.436471217772521 ], [ 96.561517720466497, 28.44729288316006 ], [ 96.58157832178216, 28.457333381230626 ], [ 96.600620478652218, 28.460447103950742 ], [ 96.623373950547432, 28.458559667994336 ], [ 96.641132416927576, 28.458250687918962 ], [ 96.662006891205124, 28.460430599592542 ], [ 96.666490093443144, 28.459830472997965 ], [ 96.677273203995242, 28.450765381417284 ], [ 96.683307688199307, 28.445187697054621 ], [ 96.689188208469091, 28.442236254299758 ], [ 96.708002774808278, 28.431353159820503 ], [ 96.718652183151789, 28.426798456983249 ], [ 96.735764391313694, 28.424592136717763 ], [ 96.74172398627303, 28.42100163032103 ], [ 96.752764326312672, 28.41544668621566 ], [ 96.759192128114307, 28.409139934060761 ], [ 96.764824666625145, 28.397885079632772 ], [ 96.76896724164493, 28.383307876857089 ], [ 96.772288961366542, 28.374334292193907 ], [ 96.775957621547036, 28.367620282050439 ], [ 96.784153055219406, 28.36390178054279 ], [ 96.798651239962794, 28.363983522621538 ], [ 96.813099378333675, 28.361536956565317 ], [ 96.827983112330855, 28.360609330156535 ], [ 96.853710998363965, 28.361707131678827 ], [ 96.863993406870293, 28.371662911813985 ], [ 96.871076202005156, 28.374181168226357 ], [ 96.88151744607336, 28.376110459530139 ], [ 96.895451807155212, 28.379436949255876 ], [ 96.900146670232687, 28.379186068981937 ], [ 96.905653190342491, 28.373159791990872 ], [ 96.911722877608781, 28.364600682375624 ], [ 96.921368584992251, 28.356523693913402 ], [ 96.92119482338245, 28.352378243760995 ], [ 96.922290885615951, 28.345324274595669 ], [ 96.927254218807207, 28.338129960829065 ], [ 96.943630564798809, 28.335104394152495 ], [ 96.954100338060186, 28.332972495484341 ], [ 96.963232760983203, 28.324997763536032 ], [ 96.97532193715773, 28.316613088223505 ], [ 96.981002075885158, 28.31518175333531 ], [ 96.988247695974451, 28.315075327564386 ], [ 96.997724676152927, 28.309066992947407 ], [ 97.00551372867568, 28.311212463284619 ], [ 97.023920415594773, 28.319057884413894 ], [ 97.028376170523927, 28.322863827903404 ], [ 97.037613721496086, 28.331475671964768 ], [ 97.0426175043944, 28.342039880336245 ], [ 97.046582749294487, 28.346942705341633 ], [ 97.053092440663647, 28.350892181528991 ], [ 97.062382130730782, 28.351117292628999 ], [ 97.067399656169243, 28.352305715236639 ], [ 97.080575694512731, 28.357870349537052 ], [ 97.093830899276668, 28.362445578500683 ], [ 97.099493942791298, 28.360198473980461 ], [ 97.105424278307851, 28.35568521370169 ], [ 97.114013079939753, 28.351582479547858 ], [ 97.12216071824264, 28.350647034433166 ], [ 97.12712778631834, 28.348853027245468 ], [ 97.131005499304422, 28.344014957924003 ], [ 97.140147853440737, 28.336933948842727 ], [ 97.153098553155758, 28.326532472795407 ], [ 97.159890282710421, 28.319394649043886 ], [ 97.166432571805785, 28.305400091840795 ], [ 97.170403223430071, 28.294609971972704 ], [ 97.174905074010042, 28.291398976781409 ], [ 97.178994454130816, 28.289624098173647 ], [ 97.184042311003907, 28.288623507968566 ], [ 97.193585289729413, 28.286667882716642 ], [ 97.203715471791668, 28.287856340397866 ], [ 97.214996985722394, 28.291281303189635 ], [ 97.225218545199766, 28.292107132638137 ], [ 97.228976446006243, 28.286631443086662 ], [ 97.235109981540461, 28.272917178485045 ], [ 97.242126158495466, 28.267220324958089 ], [ 97.255311235924864, 28.268525812316454 ], [ 97.269008808210003, 28.270282937407671 ], [ 97.282930662420199, 28.2682462418706 ], [ 97.293410712234618, 28.262575493864006 ], [ 97.307127145101731, 28.255852008463478 ], [ 97.308437662368306, 28.249970726467893 ], [ 97.313802234385662, 28.243655209520341 ], [ 97.322772178593254, 28.243686510424141 ], [ 97.328150713484717, 28.242603138524089 ], [ 97.334508562420297, 28.239521179858627 ], [ 97.342436669916424, 28.233890122531193 ], [ 97.352049240879808, 28.225969927270398 ], [ 97.365645579180182, 28.223211720044901 ], [ 97.375295288546795, 28.217176928272693 ], [ 97.381877780035552, 28.211015919349222 ], [ 97.390281657672404, 28.203849761557308 ], [ 97.401125008412464, 28.191933569079026 ], [ 97.400960884837048, 28.184913008828346 ], [ 97.392758142374419, 28.182619419250841 ], [ 97.387738834479705, 28.18595046044544 ], [ 97.382798341370403, 28.188019446140572 ], [ 97.372594137909175, 28.191900973151462 ], [ 97.364148708895868, 28.187981638641759 ], [ 97.359799725976643, 28.179945288744136 ], [ 97.352411209010143, 28.173046940963616 ], [ 97.341824587734607, 28.163756499962574 ], [ 97.331334039234605, 28.154468817182192 ], [ 97.327577651987099, 28.145793207590486 ], [ 97.325210138137436, 28.139703004090393 ], [ 97.327198567959613, 28.133084767248249 ], [ 97.332165440882477, 28.127138882453494 ], [ 97.33542793125406, 28.122665218425141 ], [ 97.340479259510289, 28.115909556181123 ], [ 97.339449548358004, 28.110884332545936 ], [ 97.327628072477637, 28.100808008183094 ], [ 97.317355075376497, 28.091874517994654 ], [ 97.310583925008189, 28.084596639223548 ], [ 97.308491747596122, 28.077060595669991 ], [ 97.308105962720049, 28.06840792688439 ], [ 97.312127178726371, 28.061224302459664 ], [ 97.319176749307587, 28.058305853132651 ], [ 97.331968482159766, 28.056561152175505 ], [ 97.345629869323091, 28.057763367685311 ], [ 97.357044744619316, 28.058744011826718 ], [ 97.366319250533024, 28.059219010349125 ], [ 97.373795361466819, 28.061338912960537 ], [ 97.374230538908307, 28.053668561055304 ], [ 97.368205521867424, 28.043493754633118 ], [ 97.377276084024118, 28.030090992705198 ], [ 97.382384660423781, 28.03117102092591 ], [ 97.389954372796126, 28.028339755475372 ], [ 97.398733855882824, 28.025027899518022 ], [ 97.405767604691277, 28.020941114840639 ], [ 97.411702667044494, 28.018131497870399 ], [ 97.415292668022289, 28.014918627592635 ], [ 97.414066188803645, 28.010067270787943 ], [ 97.411740191256854, 28.005961673192701 ], [ 97.402331162053542, 28.003866894042005 ], [ 97.391326496320801, 28.002807752575791 ], [ 97.388960728954544, 27.997068661489607 ], [ 97.382861690514687, 27.98329383654135 ], [ 97.378144653752827, 27.976980666824375 ], [ 97.378282318374374, 27.96930972766188 ], [ 97.378563985139863, 27.953976078133564 ], [ 97.375610972168715, 27.93509845672844 ], [ 97.382642625556798, 27.926774402916408 ], [ 97.387601895611056, 27.921370611464624 ], [ 97.38762233899979, 27.91722791053968 ], [ 97.380998193611788, 27.911749110233302 ], [ 97.378491283945664, 27.908638832815939 ], [ 97.379696174938601, 27.903204354697266 ], [ 97.387427668152441, 27.894238016771112 ], [ 97.388883334198567, 27.886911301215605 ], [ 97.378354935931611, 27.883666942975083 ], [ 97.371207631527056, 27.877482054353379 ], [ 97.364669410964609, 27.875698962237379 ], [ 97.343427767777314, 27.88471597696082 ], [ 97.335482028173146, 27.883854388669135 ], [ 97.321084731175461, 27.880217256021581 ], [ 97.322795651797946, 27.894167047671147 ], [ 97.323898895117964, 27.902622720861928 ], [ 97.322156774315715, 27.906982072964354 ], [ 97.31473317929283, 27.91602635423294 ], [ 97.308728200945779, 27.920820586101229 ], [ 97.301762895041634, 27.917957562891274 ], [ 97.288135084966257, 27.912678693566932 ], [ 97.280776477652353, 27.910463996116562 ], [ 97.256481136994921, 27.900489362594044 ], [ 97.24722611849063, 27.894872329294628 ], [ 97.241253722581291, 27.886407520790499 ], [ 97.236773199423681, 27.880892664864632 ], [ 97.226457328942615, 27.873119218277338 ], [ 97.220472683367689, 27.868350987608039 ], [ 97.212436722876532, 27.862973825082008 ], [ 97.202544398904934, 27.85537935887038 ], [ 97.195567756147113, 27.847369334826965 ], [ 97.189460461031501, 27.841429246162818 ], [ 97.186931526069145, 27.836866106785465 ], [ 97.181774988824714, 27.832718731184571 ], [ 97.174396537070606, 27.829400721166394 ], [ 97.167757674277311, 27.827255470263765 ], [ 97.16883536695866, 27.82038425592873 ], [ 97.160275222223788, 27.813576800828741 ], [ 97.15218643825358, 27.810187138225899 ], [ 97.144227728626845, 27.807967120386365 ], [ 97.137288682926453, 27.806084665774733 ], [ 97.133868554889943, 27.797477419047709 ], [ 97.127779033075967, 27.792079066695635 ], [ 97.124175562951905, 27.789514545559882 ], [ 97.114789026692279, 27.786957897089337 ], [ 97.102381040852435, 27.784478802554759 ], [ 97.098314115903804, 27.779627915196158 ], [ 97.100020982382489, 27.773831537295678 ], [ 97.104651997191979, 27.76618647252775 ], [ 97.101052481386944, 27.758217812801888 ], [ 97.097912815923792, 27.748251466531997 ], [ 97.096258360135266, 27.740885715903119 ], [ 97.091254421654298, 27.739430029172581 ], [ 97.082193660309258, 27.742901322338184 ], [ 97.067422899147516, 27.750779182013673 ], [ 97.061898061646275, 27.748518560683067 ], [ 97.05642549903763, 27.743101698484622 ], [ 97.047953976195117, 27.740428704721012 ], [ 97.037254716631935, 27.743292777439763 ], [ 97.028469959920756, 27.740263881473027 ], [ 97.015636733248698, 27.73179232805353 ], [ 97.013101911324213, 27.726510338981029 ], [ 97.010189926324074, 27.716629211568886 ], [ 97.005340876280457, 27.706605453478971 ], [ 96.999002584002085, 27.692624978759795 ], [ 96.992427674697467, 27.676666663735602 ], [ 96.992658521673491, 27.666834273283143 ], [ 96.990650987553067, 27.662086950052753 ], [ 96.977384490002294, 27.662994955053193 ], [ 96.958467888382415, 27.665417060449045 ], [ 96.948585291478082, 27.662585847159164 ], [ 96.942123618510266, 27.658618052681049 ], [ 96.938250673729669, 27.651096413568666 ], [ 96.933752793656538, 27.643405921346243 ], [ 96.930709841286216, 27.637668345617726 ], [ 96.92532811380147, 27.631344763550032 ], [ 96.919201385235795, 27.622584536747013 ], [ 96.912846263044685, 27.618613462441374 ], [ 96.9003369523885, 27.615446461185286 ], [ 96.897337391407575, 27.61197044567956 ], [ 96.898810419765141, 27.591572716407768 ], [ 96.89890632796471, 27.584720163005159 ], [ 96.902687742445437, 27.580969237340469 ], [ 96.90977982757704, 27.580966071726891 ], [ 96.913704740581352, 27.579466384765908 ], [ 96.913731414473261, 27.575406122894321 ], [ 96.912888957459472, 27.567303258238837 ], [ 96.913841732509979, 27.558271771625016 ], [ 96.915416438218131, 27.549233406996166 ], [ 96.919927548217856, 27.546550652890346 ], [ 96.924103931451327, 27.542164192523501 ], [ 96.92820327965768, 27.533186886465671 ], [ 96.933177467666042, 27.528066382357736 ], [ 96.937202817855791, 27.520887141228627 ], [ 96.935877261226665, 27.514052711863201 ], [ 96.93300806147289, 27.506509792992631 ], [ 96.930314109008975, 27.502672699685377 ], [ 96.925197506160032, 27.49381701434379 ], [ 96.919846306162185, 27.488743457544558 ], [ 96.915003215925708, 27.4835872872236 ], [ 96.913100191120975, 27.478646861563448 ], [ 96.910662472595106, 27.472283301932862 ], [ 96.91024196939145, 27.465337115615455 ], [ 96.910337277743224, 27.458751847020153 ], [ 96.911256035937356, 27.453424434989756 ], [ 96.916957607307779, 27.449558132601794 ], [ 96.925313535791076, 27.4471037469404 ], [ 96.932700706472474, 27.441134832306716 ], [ 96.936356428106706, 27.430172233261999 ], [ 96.940691295267129, 27.417488729321462 ], [ 96.948168886485007, 27.41143945306834 ], [ 96.964769456845033, 27.405793173815994 ], [ 96.96816594170491, 27.392219166581299 ], [ 96.974743017476328, 27.386353368213406 ], [ 96.968207688234259, 27.376619332116547 ], [ 96.970913216771578, 27.369274243411667 ], [ 96.976130933995478, 27.36703980584241 ], [ 96.981129820984506, 27.363995727520887 ], [ 96.984174771648441, 27.352855659860893 ], [ 96.988649577815806, 27.348743302961111 ], [ 96.996566958198628, 27.34529022736217 ], [ 96.997508721050679, 27.341041604286659 ], [ 96.999335209952051, 27.330102021591074 ], [ 97.002395583989085, 27.320046905939989 ], [ 97.008581364738234, 27.31572514280117 ], [ 97.015867337407769, 27.310122138026315 ], [ 97.039295233388373, 27.297796257591244 ], [ 97.042506847313234, 27.279627790290363 ], [ 97.050531243422199, 27.276353839857848 ], [ 97.055564569049693, 27.275464333012621 ], [ 97.057729507011175, 27.266596557185437 ], [ 97.062194033028277, 27.262028530892053 ], [ 97.067361932307392, 27.257263599835312 ], [ 97.072504498583783, 27.251593894142957 ], [ 97.080647621390654, 27.243546620180439 ], [ 97.088166204606694, 27.240459575848774 ], [ 97.092859353576387, 27.237504157191154 ], [ 97.09475216388131, 27.230803417443838 ], [ 97.093886649149624, 27.210978838702488 ], [ 97.099215542363424, 27.204495689024895 ], [ 97.10676256663919, 27.202584707018673 ], [ 97.115366343781773, 27.198669240493132 ], [ 97.118919668607873, 27.194017710349101 ], [ 97.122569253268466, 27.189276920693374 ], [ 97.124339370865357, 27.181769185099881 ], [ 97.125927456686838, 27.174521936338351 ], [ 97.132207363179305, 27.170284985563683 ], [ 97.138904688200853, 27.166756639407424 ], [ 97.148503573281346, 27.167605041839238 ], [ 97.151447099304221, 27.157639435711417 ], [ 97.154565492203744, 27.151376871745299 ], [ 97.165736403911978, 27.144621206803322 ], [ 97.17067232756591, 27.133459731681342 ], [ 97.170231526663656, 27.125892029293766 ], [ 97.164398409658929, 27.121382594731017 ], [ 97.154397178686906, 27.115486800375606 ], [ 97.150841226941111, 27.108778503625103 ], [ 97.148576609023337, 27.100613914900293 ], [ 97.144879548252618, 27.091920747844313 ], [ 97.138395374247182, 27.090389413740525 ], [ 97.129458945973624, 27.09287158575512 ], [ 97.120833442109699, 27.101199072279428 ], [ 97.113217112479845, 27.109156431124461 ], [ 97.107089925259913, 27.110510743576015 ], [ 97.097761638089196, 27.107853023897974 ], [ 97.087784766154073, 27.103126648575994 ], [ 97.077636717260759, 27.099302601733712 ], [ 97.070053492574687, 27.098508667640942 ], [ 97.061213613717371, 27.100531766328004 ], [ 97.051158220175807, 27.108343911642237 ], [ 97.046502697941207, 27.113183625823751 ], [ 97.044135280318983, 27.116283660862337 ], [ 97.040593501888679, 27.120756621620842 ], [ 97.033630001823212, 27.126629111844068 ], [ 97.02886624977765, 27.131290056091245 ], [ 97.019651466941696, 27.135031590135839 ], [ 97.011808892166698, 27.136494200746824 ], [ 97.005499944766711, 27.139461030002565 ], [ 96.997702382858733, 27.143625975658324 ], [ 96.991271935251689, 27.150933434030833 ], [ 96.983393453245355, 27.156457900112059 ], [ 96.97227111392084, 27.160847209531141 ], [ 96.962506427129995, 27.16242253936872 ], [ 96.954045498301184, 27.163536847947228 ], [ 96.94345978084425, 27.163940714592343 ], [ 96.926818941541001, 27.1650717793392 ], [ 96.91723626674036, 27.165467405496429 ], [ 96.901588185446485, 27.17081635718921 ], [ 96.895764844971666, 27.173420404428157 ], [ 96.881856789958931, 27.180634693036723 ], [ 96.874537547769648, 27.183704330990111 ], [ 96.865150058228664, 27.189870283486869 ], [ 96.862951413676853, 27.197113989818831 ], [ 96.862528972434177, 27.202440250717075 ], [ 96.862337261255675, 27.20948182182866 ], [ 96.865235509111528, 27.21386326577715 ], [ 96.873060766541187, 27.21692321893147 ], [ 96.879287364820073, 27.220987948634956 ], [ 96.884167607848894, 27.222818482686876 ], [ 96.888987920955856, 27.227085152457846 ], [ 96.890365352279218, 27.231120729737938 ], [ 96.89168275205742, 27.237860942528528 ], [ 96.88604512518242, 27.244979727632369 ], [ 96.88692837274624, 27.249651595944442 ], [ 96.887804342096786, 27.25388458340683 ], [ 96.884147784093045, 27.258262837460052 ], [ 96.874126930813247, 27.25749423906791 ], [ 96.865275696216486, 27.25941311712171 ], [ 96.860788036039082, 27.262894389164785 ], [ 96.854741884030773, 27.270730941180034 ], [ 96.852892546953512, 27.281124650682159 ], [ 96.850927558859837, 27.290891958097461 ], [ 96.848901359310332, 27.296778416590712 ], [ 96.83542790977026, 27.301097886458365 ], [ 96.830443783353985, 27.30521867720023 ], [ 96.824071588433128, 27.311079957374204 ], [ 96.820801129168842, 27.315081484522921 ], [ 96.816332976185947, 27.320196878683078 ], [ 96.812001191901572, 27.327102139552153 ], [ 96.807886775554323, 27.335631198321209 ], [ 96.805143122956792, 27.341172142680307 ], [ 96.801665756669422, 27.345185991440417 ], [ 96.794119785499788, 27.34726561971263 ], [ 96.784653459589549, 27.349633425842001 ], [ 96.778946681144475, 27.352950026622466 ], [ 96.772315433810263, 27.35582851997026 ], [ 96.759156341392099, 27.354193244922385 ], [ 96.753547419977508, 27.353676548434009 ], [ 96.747128974722443, 27.35497187525192 ], [ 96.740063323363756, 27.355419731335587 ], [ 96.727849161209861, 27.363411557597374 ], [ 96.721951547525975, 27.367990831711552 ], [ 96.71199806156136, 27.371812287607042 ], [ 96.708179650770319, 27.366268451028247 ], [ 96.705791049617289, 27.362233498777016 ], [ 96.698525605772147, 27.356639623020214 ], [ 96.693174114393912, 27.356611705365935 ], [ 96.682608180223383, 27.360075398361005 ], [ 96.675658095344886, 27.362053326799639 ], [ 96.669618598319744, 27.363476289898927 ], [ 96.660302367460361, 27.362590889358103 ], [ 96.655512973045347, 27.360128536602758 ], [ 96.645593275509327, 27.359065733097168 ], [ 96.638627345475697, 27.360497737980268 ], [ 96.629871324801854, 27.363122916589361 ], [ 96.619983927316468, 27.36413699662512 ], [ 96.612051073198529, 27.360705939127854 ], [ 96.608448343216537, 27.356515988721981 ], [ 96.602023524466119, 27.35198585896029 ], [ 96.597810028010429, 27.347795510154697 ], [ 96.597436715831805, 27.342829146248164 ], [ 96.600274745982802, 27.335941077718587 ], [ 96.595800182632388, 27.333920309174971 ], [ 96.591129104824404, 27.332174647741851 ], [ 96.585408607221495, 27.328175558655175 ], [ 96.579397741912317, 27.324993443392771 ], [ 96.574896305919822, 27.320532188209995 ], [ 96.565462254879208, 27.318016213377575 ], [ 96.561299365973014, 27.31661862734785 ], [ 96.55568416009595, 27.31199214871873 ], [ 96.549938208981246, 27.306097720433513 ], [ 96.544715374614896, 27.301101045776704 ], [ 96.537065540742162, 27.295684352650824 ], [ 96.530213928030435, 27.289443161073052 ], [ 96.521780954627388, 27.285380566360118 ], [ 96.516509886022504, 27.292023658664959 ], [ 96.511298091733579, 27.295505005351743 ], [ 96.504887730484427, 27.299089059112816 ], [ 96.499548249552106, 27.300857744089683 ], [ 96.493542622793882, 27.297764583468791 ], [ 96.485549487119215, 27.296762838534221 ], [ 96.478713540597482, 27.299636292980608 ], [ 96.470288563966108, 27.304054749427223 ], [ 96.46622420298462, 27.30264449374846 ], [ 96.461155002501414, 27.300719566854582 ], [ 96.452062124567476, 27.301436686254135 ], [ 96.445703374511197, 27.301954830650971 ], [ 96.439337543193119, 27.302024720564475 ], [ 96.433065744088879, 27.301626528641407 ], [ 96.424536967706956, 27.297837407870134 ], [ 96.415672969032357, 27.291603352412835 ], [ 96.408195595450422, 27.291681843442348 ], [ 96.401304712042872, 27.29030629709797 ], [ 96.391149971294226, 27.28634304779348 ], [ 96.382404760471388, 27.289314394343876 ], [ 96.373324117813866, 27.290752044271471 ], [ 96.363739166829134, 27.292015024274008 ], [ 96.361144701866579, 27.285906380175334 ], [ 96.354826626347801, 27.281730667836086 ], [ 96.347339381807103, 27.280257729410721 ], [ 96.340811155410563, 27.283476966888543 ], [ 96.335397490302, 27.287861237406219 ], [ 96.320068964211373, 27.289987326454025 ], [ 96.310516431088502, 27.2940467609493 ], [ 96.303004377849845, 27.291228260475918 ], [ 96.290119581353679, 27.286108350819802 ], [ 96.281840887546991, 27.278058243093483 ], [ 96.278337572221233, 27.271413782020488 ], [ 96.267113993516034, 27.26989438102089 ], [ 96.253912002536936, 27.273075068159926 ], [ 96.241120890216962, 27.276434109746447 ], [ 96.23406048730169, 27.277039478489201 ], [ 96.226834578552996, 27.272767969466258 ], [ 96.217829386317192, 27.261741839614274 ], [ 96.205570894781033, 27.258326966316474 ], [ 96.196068790242521, 27.257411275709842 ], [ 96.181822385095074, 27.246484658540226 ], [ 96.163439159689517, 27.246759995877142 ], [ 96.150158870135783, 27.241813551953896 ], [ 96.114261525049415, 27.225675071247565 ], [ 96.09878861010634, 27.223803556888697 ], [ 96.091885292672202, 27.219076965729414 ], [ 96.086134856638409, 27.209458765909346 ], [ 96.068742455699805, 27.205625877832063 ], [ 96.057030325689027, 27.195238888963615 ], [ 96.036180685290446, 27.188532762277191 ], [ 96.029544654462313, 27.18027517915624 ], [ 96.022701441418462, 27.158847387996616 ], [ 96.016649393454827, 27.147245667753396 ], [ 96.004007581184965, 27.132893613849262 ], [ 95.989255388325546, 27.117655006473399 ], [ 95.978849226810439, 27.103193312621329 ], [ 95.971586410784312, 27.091241430547655 ], [ 95.962677786850463, 27.074419751970026 ], [ 95.956722011311854, 27.060650299571705 ], [ 95.945568425042836, 27.052155392557381 ], [ 95.935836609372075, 27.045448540118059 ], [ 95.92279808995994, 27.041376235424991 ], [ 95.915408687161232, 27.037811446041474 ], [ 95.908823330432426, 27.032800216756641 ], [ 95.900286430474466, 27.024281803262681 ], [ 95.888770963309355, 27.020380662937271 ], [ 95.87672994942767, 27.013049055969191 ], [ 95.867064939895101, 27.014911801038863 ], [ 95.857387928909873, 27.014961982309671 ], [ 95.837586353027802, 27.007945808052625 ], [ 95.827627061939438, 27.010710037138551 ], [ 95.814963305312347, 27.014926063387179 ], [ 95.807594765885824, 27.01316755423926 ], [ 95.804505493034128, 27.004700638623603 ], [ 95.779278237101039, 26.982721288756522 ], [ 95.772586022027326, 26.975264309100623 ], [ 95.771346021501756, 26.97138835788644 ], [ 95.766674448167294, 26.965628563507437 ], [ 95.760478716419698, 26.956724283299081 ], [ 95.763277576598966, 26.937672911076049 ], [ 95.760139332963888, 26.934704854245695 ], [ 95.756308486347621, 26.932921246818125 ], [ 95.752114429637288, 26.922922312714604 ], [ 95.754094224169194, 26.917676676937162 ], [ 95.75678761365748, 26.913062256418073 ], [ 95.757655766100811, 26.907553798269248 ], [ 95.754501282508215, 26.900535293868757 ], [ 95.744587179654673, 26.89354477906835 ], [ 95.735475603916029, 26.885372116230258 ], [ 95.730310711070501, 26.88016501460379 ], [ 95.720633169485268, 26.876322416546316 ], [ 95.711073225948667, 26.877093006936775 ], [ 95.703029894614019, 26.87993095345081 ], [ 95.698148374547884, 26.887978657289239 ], [ 95.691830627281661, 26.892705715196655 ], [ 95.680885252052803, 26.897808321896605 ], [ 95.672962081834669, 26.903074577329903 ], [ 95.667812416310028, 26.901203589074441 ], [ 95.66255901668535, 26.897793367070278 ], [ 95.657385027197279, 26.890957013155685 ], [ 95.654945688093107, 26.885821956218365 ], [ 95.650569182321988, 26.876722486253811 ], [ 95.646033263624304, 26.875751588964704 ], [ 95.641812595974557, 26.875946865055823 ], [ 95.636356999975646, 26.872181412642135 ], [ 95.633704138435291, 26.866146924840734 ], [ 95.63448738228692, 26.859459178498355 ], [ 95.633111046337774, 26.848005718689024 ], [ 95.631776923666166, 26.842329589139297 ], [ 95.627219912269197, 26.836110542467623 ], [ 95.621553722926024, 26.830090022936247 ], [ 95.617492541047966, 26.822706429758 ], [ 95.611023564685809, 26.814069149271859 ], [ 95.598645394069763, 26.815105316657082 ], [ 95.591804737798498, 26.815940072776186 ], [ 95.584263510552603, 26.815697274709521 ], [ 95.574314915101297, 26.818621598408072 ], [ 95.568094549124226, 26.822890247586884 ], [ 95.565198874228713, 26.826781472886694 ], [ 95.562293519930051, 26.83022030592241 ], [ 95.554353526993737, 26.832596514417673 ], [ 95.545287402092015, 26.830907701829005 ], [ 95.532384336767791, 26.824275996739914 ], [ 95.529849188389392, 26.819856406248221 ], [ 95.52459787699047, 26.813014604240664 ], [ 95.519853751749281, 26.808610616087094 ], [ 95.514402191008344, 26.806283990813597 ], [ 95.506091946286347, 26.78969934564833 ], [ 95.501716981053903, 26.775804329905952 ], [ 95.495435281313235, 26.764998228185732 ], [ 95.488668967498938, 26.754725518867644 ], [ 95.483007299947019, 26.748066407838508 ], [ 95.475362225286517, 26.745470203587104 ], [ 95.465204369286255, 26.743510814672391 ], [ 95.460959241875571, 26.739102094286295 ], [ 95.458013945986863, 26.730799757303032 ], [ 95.453679863035291, 26.725576340176019 ], [ 95.445820812680438, 26.720544010098024 ], [ 95.441482800590848, 26.715954347914874 ], [ 95.439258823935631, 26.711086303290301 ], [ 95.436834944177406, 26.70757007190133 ], [ 95.435001315558338, 26.701345229998424 ], [ 95.431868625236916, 26.696663979958771 ], [ 95.428348599608228, 26.693149484261369 ], [ 95.422812258878707, 26.689820105913213 ], [ 95.405932154045729, 26.689774147858714 ], [ 95.394150162000415, 26.68420580115685 ], [ 95.383095155816875, 26.681252488711436 ], [ 95.377647652816961, 26.676566950704284 ], [ 95.371012491633223, 26.672525342570566 ], [ 95.365382979341064, 26.670817440972201 ], [ 95.35533166872159, 26.670381266182517 ], [ 95.346187339674032, 26.671219732005056 ], [ 95.323961905617523, 26.662407813070161 ], [ 95.317434967050133, 26.660166578424878 ], [ 95.307969154652824, 26.651058205172092 ], [ 95.302136863225712, 26.649358841737183 ], [ 95.298829150444988, 26.65170863714394 ], [ 95.292700766227426, 26.654612026423933 ], [ 95.282460011620287, 26.65624792200407 ], [ 95.271616165353805, 26.656263193391737 ], [ 95.265589290313528, 26.661329298408418 ], [ 95.26168220277151, 26.667112862768477 ], [ 95.261294399816734, 26.674966615217159 ], [ 95.259691199089616, 26.679840482052668 ], [ 95.256176155705077, 26.682829100082927 ], [ 95.250457987346294, 26.685907840974153 ], [ 95.243626253249033, 26.687443945981386 ], [ 95.240110465225825, 26.685192466259366 ], [ 95.237296402007416, 26.679843368876448 ], [ 95.235646787269502, 26.681784771350181 ], [ 95.235662955281214, 26.68507127991569 ], [ 95.233385058873409, 26.690676408889203 ], [ 95.235815604406696, 26.705802297937737 ], [ 95.229384630696188, 26.710494148286386 ], [ 95.227947263155727, 26.71747840470465 ], [ 95.215927655836708, 26.728993861977187 ], [ 95.216646623343024, 26.734991019819745 ], [ 95.220764462509976, 26.741110428803324 ], [ 95.22116643068631, 26.745205402707199 ], [ 95.219068982347721, 26.749247804042966 ], [ 95.219914924234445, 26.753521513706971 ], [ 95.223889120086881, 26.755418970808932 ], [ 95.229021948504169, 26.762169934994574 ], [ 95.233009143157517, 26.76561968669921 ], [ 95.233132996890333, 26.767411066967213 ], [ 95.231492719813218, 26.771399725716833 ], [ 95.234507928098481, 26.774051627680535 ], [ 95.242381402679655, 26.778190669264006 ], [ 95.244758456537625, 26.781015552225995 ], [ 95.24156806661307, 26.780623689731556 ], [ 95.240108675574959, 26.782869946191113 ], [ 95.234863958904612, 26.783001835366463 ], [ 95.227331670919909, 26.786075270257584 ], [ 95.221460263480424, 26.78728959334012 ], [ 95.215025193358031, 26.792156148687354 ], [ 95.206769316250984, 26.805504008803041 ], [ 95.203492224486638, 26.815153721766876 ], [ 95.202551627155913, 26.822601784644689 ], [ 95.200528248779733, 26.826761055578288 ], [ 95.199023263912579, 26.83380605760351 ], [ 95.200503019199061, 26.83675563336584 ], [ 95.20639688271001, 26.840145554973446 ], [ 95.208593484002165, 26.844588209478331 ], [ 95.204234783008872, 26.842815526115714 ], [ 95.19772459251601, 26.845422397225889 ], [ 95.197327158721464, 26.843283169083065 ], [ 95.195612793695545, 26.843514408163458 ], [ 95.193058844989764, 26.8450755691822 ], [ 95.185804936748468, 26.853570679443351 ], [ 95.184545929051467, 26.858774297995524 ], [ 95.206471513849351, 26.871787863918826 ], [ 95.211407942022959, 26.8756451640931 ], [ 95.212891955599332, 26.879518889485212 ], [ 95.217885810881512, 26.880776562588323 ], [ 95.229967859029557, 26.879545871844584 ], [ 95.233889903196541, 26.884726495631298 ], [ 95.231375830430295, 26.892244237981231 ], [ 95.233837641793798, 26.899800137666261 ], [ 95.234167885439604, 26.903550149619775 ], [ 95.232162341518915, 26.908752661106462 ], [ 95.232042651647134, 26.911811234700792 ], [ 95.234035116727341, 26.912676204443358 ], [ 95.234046888852902, 26.914519863201178 ], [ 95.231959700879543, 26.920072372841787 ], [ 95.22943644063929, 26.924580716526918 ], [ 95.225688943190221, 26.92839434832058 ], [ 95.217187899202258, 26.928180378022091 ], [ 95.214582498483594, 26.930948730499551 ], [ 95.212339853701337, 26.937357342567338 ], [ 95.209423615807282, 26.950696902839866 ], [ 95.213601381298758, 26.952820104164516 ], [ 95.208706520689418, 26.954793460449878 ], [ 95.206954027106747, 26.956641855936937 ], [ 95.209037565631206, 26.959407681319476 ], [ 95.213870814586471, 26.962169944487414 ], [ 95.215251987988893, 26.964416795398847 ], [ 95.208988188354283, 26.969153602856522 ], [ 95.206774212160212, 26.97290534510563 ], [ 95.205445659889335, 26.976256666911695 ], [ 95.210180568878229, 26.976707769548 ], [ 95.208001579909023, 26.978787071366298 ], [ 95.200671100690784, 26.979660368830992 ], [ 95.195450530817425, 26.984114973527255 ], [ 95.196536541328385, 26.991947474096719 ], [ 95.200092309612444, 26.993484108804637 ], [ 95.200367362763643, 27.000368881318877 ], [ 95.197931837684223, 27.009851154906926 ], [ 95.198159795138508, 27.013998947793255 ], [ 95.196132056849024, 27.026686728010134 ], [ 95.195870232725099, 27.03715978649501 ], [ 95.198815405406719, 27.038630912786459 ], [ 95.201276791390853, 27.036529217849193 ], [ 95.204160381196687, 27.037192650420536 ], [ 95.208015353026155, 27.028945767433299 ], [ 95.214139320673155, 27.027634837377889 ], [ 95.220030890912938, 27.030927633103829 ], [ 95.222959898280749, 27.035034940310311 ], [ 95.226295023296757, 27.036398363793523 ], [ 95.229789117873565, 27.034302143029549 ], [ 95.232470225320696, 27.037041917750344 ], [ 95.231229963991723, 27.039843734001181 ], [ 95.235033749108311, 27.037703450054209 ], [ 95.238189691401203, 27.037331930224468 ], [ 95.243980301050101, 27.02824861747979 ], [ 95.24850128020995, 27.024323002104893 ], [ 95.252481177764196, 27.025979109948025 ], [ 95.261000906067011, 27.031307654224918 ], [ 95.260223374709028, 27.033024600305112 ], [ 95.262902356158861, 27.035061369586572 ], [ 95.266967198277655, 27.034480572120742 ], [ 95.271243372084029, 27.039121651243249 ], [ 95.277899783348403, 27.043803388715446 ], [ 95.279741965419419, 27.047955656628289 ], [ 95.278117648610646, 27.050818477490793 ], [ 95.288221928399309, 27.060360043381365 ], [ 95.29692406529341, 27.066898772060711 ], [ 95.309998759934899, 27.075150584232119 ], [ 95.31350281899995, 27.080762915875937 ], [ 95.323586714755152, 27.083573211834334 ], [ 95.335403022231731, 27.089907378922476 ], [ 95.348924931740271, 27.098732007975855 ], [ 95.366772725081262, 27.106794270039586 ], [ 95.369479100779927, 27.105964259642917 ], [ 95.371557766777585, 27.105326730244428 ], [ 95.370970711828932, 27.104075924364452 ], [ 95.368750724566326, 27.103740416087362 ], [ 95.368075842726, 27.103638438363305 ], [ 95.368598941488017, 27.101284858609404 ], [ 95.373940980092243, 27.101921642469847 ], [ 95.372947653711321, 27.095578959701299 ], [ 95.377260564823246, 27.096080629417543 ], [ 95.385736952998059, 27.098984757040967 ], [ 95.386403271493862, 27.105604525428532 ], [ 95.396426305629575, 27.108347134812448 ], [ 95.406584795651838, 27.112189955901783 ], [ 95.420544201953419, 27.124636723206265 ], [ 95.429474629050958, 27.127887063737035 ], [ 95.441260626676637, 27.126620803007711 ], [ 95.445834035412474, 27.128093796291694 ], [ 95.447411976881313, 27.13214095144383 ], [ 95.451017868879603, 27.132636469797319 ], [ 95.453670153055157, 27.129665938931964 ], [ 95.458052794900595, 27.129418970708969 ], [ 95.461319238691999, 27.133997741202847 ], [ 95.463964888568796, 27.144148553712853 ], [ 95.466130370620192, 27.148595310924918 ], [ 95.465349763580775, 27.151404653601958 ], [ 95.463604534721583, 27.153347348401439 ], [ 95.460184253800321, 27.154239212369816 ], [ 95.459011923661421, 27.157100914475677 ], [ 95.464139248227809, 27.160835040804557 ], [ 95.468309369481858, 27.166110513389526 ], [ 95.464007701694129, 27.175961071945949 ], [ 95.467460036251737, 27.1793931960392 ], [ 95.468986196555761, 27.184351269995148 ], [ 95.466176576887563, 27.191294727769503 ], [ 95.462420802078384, 27.19689795107962 ], [ 95.459297044722916, 27.20347912326298 ], [ 95.460114338705807, 27.207341939878688 ], [ 95.469818089233513, 27.212150569892913 ], [ 95.471081343529249, 27.217111297748261 ], [ 95.474299869643346, 27.21754760024163 ], [ 95.474925206932824, 27.22077284069411 ], [ 95.480957287249055, 27.22623869525961 ], [ 95.487664913105334, 27.239935770219688 ], [ 95.491439813796433, 27.24260975143892 ], [ 95.506692049498554, 27.248500683160046 ], [ 95.511053184956552, 27.252854633034929 ], [ 95.511347098689725, 27.2601666878424 ], [ 95.516619084603121, 27.26251192728364 ], [ 95.520894642373889, 27.257600602785658 ], [ 95.526364131099854, 27.260120361065844 ], [ 95.530146641854117, 27.262926767456406 ], [ 95.535241073716634, 27.264461508192085 ], [ 95.554554107286265, 27.253123421508747 ], [ 95.556516583573512, 27.248134864132737 ], [ 95.563606016604467, 27.246239519538221 ], [ 95.574820415929537, 27.244780679784583 ], [ 95.578640037208004, 27.240841888442446 ], [ 95.578210229618435, 27.235840673108612 ], [ 95.590372185228205, 27.223163005768129 ], [ 95.599457922545128, 27.223235823874234 ], [ 95.607628903651062, 27.224975720653049 ], [ 95.619406688667823, 27.230133537632696 ], [ 95.634405769710554, 27.233365635415794 ], [ 95.637260201697018, 27.23045517116924 ], [ 95.679454674393753, 27.247398938110564 ], [ 95.679647637428559, 27.249645164892513 ], [ 95.684671004863048, 27.250886401985895 ], [ 95.695665928240032, 27.251600079679974 ], [ 95.702115313770776, 27.249064098529402 ], [ 95.71570639733244, 27.25249429537547 ], [ 95.721307174486583, 27.250990348325956 ], [ 95.725682165799356, 27.252627958013875 ], [ 95.732096270926206, 27.25991517264714 ], [ 95.736603003925552, 27.260124454779827 ], [ 95.740142168026694, 27.263256156746309 ], [ 95.757199306203063, 27.267685582223919 ], [ 95.78486768099873, 27.272415514364525 ], [ 95.790977674979786, 27.278732231907043 ], [ 95.800942236095352, 27.281956005565235 ], [ 95.806474395876705, 27.284991915344676 ], [ 95.806669925576671, 27.28124984530416 ], [ 95.808674469451262, 27.278676312961522 ], [ 95.81036398710836, 27.274141330458065 ], [ 95.838090042621445, 27.280234316460565 ], [ 95.850377218933545, 27.28630040823731 ], [ 95.860610725904337, 27.287334096191614 ], [ 95.862036319520598, 27.283139486398227 ], [ 95.86075850610024, 27.276517461611604 ], [ 95.860956637538834, 27.27289047151811 ], [ 95.86553841536562, 27.269755082331244 ], [ 95.872448366199194, 27.25995643444196 ], [ 95.877659177529097, 27.260446872525222 ], [ 95.882491872501987, 27.259953431605652 ], [ 95.887706595882776, 27.256309053120333 ], [ 95.8940151853526, 27.25598960493636 ], [ 95.898136887107739, 27.257278350515492 ], [ 95.901204125669949, 27.269384031947595 ], [ 95.904350428129817, 27.272852411309771 ], [ 95.904602307550533, 27.279240848886104 ], [ 95.902476040436966, 27.280838747210453 ], [ 95.906519475993093, 27.284886934784254 ], [ 95.912386516324716, 27.286132936485899 ], [ 95.918826227848172, 27.292213028908236 ], [ 95.940669140668376, 27.302547459597633 ], [ 95.963286150335648, 27.309988597695678 ], [ 95.965652347577816, 27.314580643082252 ], [ 95.962690770362826, 27.317262874681944 ], [ 95.967929078464238, 27.317498064484141 ], [ 95.969122498604463, 27.32133526660931 ], [ 95.968809301608019, 27.324770318895162 ], [ 95.978116404348668, 27.325604164000993 ], [ 95.984295676704164, 27.327245968126988 ], [ 95.972380916845907, 27.327565536820146 ], [ 95.970138264869092, 27.329916023805481 ], [ 95.974314997039528, 27.332298147141842 ], [ 95.977456316355983, 27.335247928848901 ], [ 95.993786606266951, 27.344360769034324 ], [ 95.994993883161214, 27.35316706990443 ], [ 95.997086344759055, 27.356412890442584 ], [ 96.00223338426332, 27.357054028820414 ], [ 96.003274369316728, 27.357378068942751 ], [ 96.013311076744856, 27.356928872869219 ], [ 96.018497011028273, 27.360788606608935 ], [ 96.0210449927323, 27.364149356007999 ], [ 96.015095892861211, 27.368376662453045 ], [ 96.010719557961295, 27.374214277866656 ], [ 96.008533647809656, 27.380170830419559 ], [ 96.00223239410974, 27.38647687930461 ], [ 96.000258051268133, 27.390566610160988 ], [ 96.00124192307635, 27.396482140138687 ], [ 95.994827405160663, 27.405397829146523 ], [ 95.991184341484256, 27.407622607996984 ], [ 95.99147601050953, 27.41246177988728 ], [ 95.98973154517472, 27.41478909134355 ], [ 95.979783917393945, 27.41495458188848 ], [ 95.978342110799815, 27.418434826006489 ], [ 95.98120400356197, 27.419221053808656 ], [ 95.980522250001911, 27.423336243572805 ], [ 95.978112827744837, 27.425407551317505 ], [ 95.978084668172983, 27.428637634619179 ], [ 95.973597086236623, 27.429897914856952 ], [ 95.972066687427741, 27.423506549987337 ], [ 95.968293717581048, 27.417245625485293 ], [ 95.967746291258379, 27.424458050698547 ], [ 95.967338441515949, 27.42982623529258 ], [ 95.963897317906969, 27.428645219501334 ], [ 95.96134974719314, 27.421871605889976 ], [ 95.957602713794245, 27.42605251451198 ], [ 95.953291911592487, 27.426462243837534 ], [ 95.950830593956823, 27.43044778014098 ], [ 95.95385001646514, 27.433974142392799 ], [ 95.953425919570577, 27.436661994755298 ], [ 95.950237426316221, 27.43823818794209 ], [ 95.943356129681717, 27.439625173662876 ], [ 95.93363526415618, 27.439958550546748 ], [ 95.917212732581618, 27.436452790863655 ], [ 95.911552615460892, 27.433262231866536 ], [ 95.908326113259591, 27.425937036165351 ], [ 95.906479723260702, 27.41654413180629 ], [ 95.900424569938025, 27.404603993079888 ], [ 95.893381653440599, 27.399319574039168 ], [ 95.892213899951571, 27.403057804873868 ], [ 95.894597825529274, 27.407676032223151 ], [ 95.894720065878403, 27.41157950359127 ], [ 95.890387357090901, 27.419729496319235 ], [ 95.889802866109449, 27.424962056853474 ], [ 95.890758492910152, 27.433020985130383 ], [ 95.889069935729026, 27.437435789430197 ], [ 95.883010270507611, 27.437460802274245 ], [ 95.8761881591563, 27.428736831639526 ], [ 95.865307177184548, 27.42240093605443 ], [ 95.863635442721545, 27.418246674344573 ], [ 95.864604741016024, 27.414690835913404 ], [ 95.867050911370541, 27.412571561028756 ], [ 95.867700695830536, 27.410504103281767 ], [ 95.858351504818131, 27.414078080139348 ], [ 95.858025665152411, 27.418216150455009 ], [ 95.856155280341966, 27.421077254511715 ], [ 95.849767526250389, 27.423741610287152 ], [ 95.849894711971444, 27.428347363140347 ], [ 95.853360836733316, 27.438205825838224 ], [ 95.855618035244163, 27.440807599591096 ], [ 95.860003488370353, 27.442496616325855 ], [ 95.86424463807964, 27.445457597290329 ], [ 95.859926182647257, 27.456077783962598 ], [ 95.861647690988207, 27.459764387416612 ], [ 95.866544084042289, 27.462492857659299 ], [ 95.876721029052305, 27.464558672344879 ], [ 95.878903342815079, 27.469053898518666 ], [ 95.881769402136285, 27.480895431978638 ], [ 95.879679699658482, 27.486159207081812 ], [ 95.879575264087237, 27.492688065701714 ], [ 95.880977354821141, 27.494585246711836 ], [ 95.886575782946068, 27.497071236348518 ], [ 95.890165673307251, 27.499662459255148 ], [ 95.887648107574137, 27.504780193451211 ], [ 95.882359226996812, 27.508614823515359 ], [ 95.879043611873271, 27.513373491693358 ], [ 95.881379358970321, 27.516049896585514 ], [ 95.880514032196913, 27.523362822836077 ], [ 95.882066533643695, 27.539427167929489 ], [ 95.881986313217851, 27.546840765189188 ], [ 95.874263466086177, 27.544795339033726 ], [ 95.867669714186036, 27.544739121513317 ], [ 95.863012115416836, 27.546248606587994 ], [ 95.852786926275712, 27.559357212865109 ], [ 95.846720990081678, 27.56171054170818 ], [ 95.840615591636322, 27.560355834454242 ], [ 95.836998305227667, 27.564926096462216 ], [ 95.8326821988245, 27.572663385806663 ], [ 95.828477074157718, 27.575545239920928 ], [ 95.821991120393932, 27.57553151986383 ], [ 95.820586619476956, 27.584108129386721 ], [ 95.821045458980791, 27.589414505375146 ], [ 95.824987515761279, 27.596866813053055 ], [ 95.820033607465064, 27.598879315927718 ], [ 95.810422799172898, 27.599152356396189 ], [ 95.798867570282198, 27.601730906955822 ], [ 95.796924334990138, 27.612135654736733 ], [ 95.788002554874083, 27.617374718268707 ], [ 95.785925284624227, 27.621386679351815 ], [ 95.788246611092291, 27.626288873033104 ], [ 95.798319683506634, 27.629863866124595 ], [ 95.798250558016889, 27.633545139296814 ], [ 95.800503487446065, 27.636956578982961 ], [ 95.802373759841203, 27.643003739131302 ], [ 95.795777237129869, 27.6468218423542 ], [ 95.787182443315146, 27.649698339207021 ], [ 95.780187423810617, 27.654600090421866 ], [ 95.77882556334913, 27.66033778126365 ], [ 95.779456185954302, 27.666439793761526 ], [ 95.781449019756508, 27.673297330307605 ], [ 95.78648968115391, 27.677363191358268 ], [ 95.795524331582669, 27.678278802824536 ], [ 95.794161062782905, 27.68638291034307 ], [ 95.779807338837657, 27.688532209993525 ], [ 95.775593978179586, 27.690853383576837 ], [ 95.773716843957232, 27.694119031468176 ], [ 95.774415882487062, 27.699529932960104 ], [ 95.77369695814815, 27.705512516389547 ], [ 95.771611288230417, 27.710213111745759 ], [ 95.764166861311651, 27.716891263221271 ], [ 95.759823006326712, 27.720943837688026 ], [ 95.759364484283594, 27.725375163433114 ], [ 95.763815156244505, 27.72718537100809 ], [ 95.773001819078729, 27.728743557069549 ], [ 95.785935016188091, 27.734011464557511 ], [ 95.781706701603071, 27.752493863600989 ], [ 95.790003664237759, 27.759320468864587 ], [ 95.796578800171574, 27.766901402078076 ], [ 95.802138216605499, 27.771131888525872 ], [ 95.807559758875811, 27.777839011661115 ], [ 95.808785904445983, 27.784236343532484 ], [ 95.812530700331592, 27.787996828091195 ], [ 95.824359502089408, 27.803543173578646 ], [ 95.830182390205209, 27.807945040231459 ], [ 95.836208850658011, 27.810057372349888 ], [ 95.844612418028703, 27.815743135437401 ], [ 95.847259372821838, 27.824386383824617 ], [ 95.853350703172453, 27.828390821179482 ], [ 95.867589848093075, 27.832735976584104 ], [ 95.874981907489087, 27.834044286914377 ], [ 95.893361781121371, 27.851288029019372 ], [ 95.896335536056199, 27.861482491923539 ], [ 95.901839259274482, 27.860932819094387 ], [ 95.908292177342162, 27.864707646041097 ], [ 95.907471038757478, 27.871492315917692 ], [ 95.912661575771153, 27.867263343028924 ], [ 95.914204487746986, 27.872384809411471 ], [ 95.915299629974015, 27.875097757355661 ], [ 95.919965373902926, 27.877020921578321 ], [ 95.923910529747218, 27.88042599406441 ], [ 95.922603745566448, 27.884730344529828 ], [ 95.925070256786967, 27.88457858213593 ], [ 95.927145785050016, 27.882786590328919 ], [ 95.929869333303145, 27.884773808764294 ], [ 95.925256041433215, 27.890266499999029 ], [ 95.926339932242115, 27.895207587560151 ], [ 95.929970093345219, 27.897119485975566 ], [ 95.939663427924927, 27.897513686707327 ], [ 95.940662769870983, 27.904066667842471 ], [ 95.944853703235879, 27.906901124986973 ], [ 95.953834264839486, 27.917079270591898 ], [ 95.95666287908864, 27.921090690283165 ], [ 95.95518701606801, 27.924515811355661 ], [ 95.9589217071711, 27.927151176585596 ], [ 95.95374184511013, 27.931472546720727 ], [ 95.952936452755125, 27.933471448248781 ], [ 95.953694903197288, 27.936144047210064 ], [ 95.966612589699309, 27.946935605094154 ], [ 95.97179021604569, 27.953639734386286 ], [ 95.978867215949322, 27.962801791769323 ], [ 95.958342251493775, 27.963489877455913 ], [ 95.827471272381388, 27.972031838798387 ], [ 95.608512098154847, 27.952834663988597 ], [ 95.598739825582527, 27.946205763884961 ], [ 95.590403155181548, 27.936700011696246 ], [ 95.582314219225907, 27.938648131206321 ], [ 95.572993447689498, 27.937483804134331 ], [ 95.568008710633535, 27.926685822392812 ], [ 95.566790072603851, 27.917595217045687 ], [ 95.54554778819994, 27.90855930306941 ], [ 95.546079633768159, 27.900857485684469 ], [ 95.545247047713133, 27.897391753926343 ], [ 95.534755597193111, 27.895523149773567 ], [ 95.527962695821827, 27.892999238424181 ], [ 95.523028116654302, 27.885280235894243 ], [ 95.517658237737521, 27.876879096693017 ], [ 95.386095384094745, 27.837289045353202 ], [ 95.318436262323701, 27.866583015793594 ], [ 95.310360464563871, 27.863287902514742 ], [ 95.294440155788607, 27.860479863854664 ], [ 95.238467629577485, 27.843916170195143 ], [ 95.196792213190122, 27.830068688119525 ], [ 95.053804110571321, 27.786026783109605 ], [ 95.040728373615593, 27.77352964567666 ], [ 95.033192369632218, 27.770580846029247 ], [ 95.021134043801112, 27.768320951350859 ], [ 94.999877184084824, 27.772421035202683 ], [ 94.989043903053755, 27.766735721776172 ], [ 94.932061466063885, 27.752691590344682 ], [ 94.88597741832325, 27.738075745499316 ], [ 94.867965630909225, 27.741638988948239 ], [ 94.862768898465959, 27.729416473891206 ], [ 94.855632049579469, 27.727664307661712 ], [ 94.850814997414261, 27.706704673881632 ], [ 94.841405716400743, 27.699568933859268 ], [ 94.823292220159885, 27.692262680578324 ], [ 94.802263972604294, 27.693175675017415 ], [ 94.796089240026447, 27.689312648859698 ], [ 94.793019190183543, 27.684941239546617 ], [ 94.778485671976227, 27.679478671103823 ], [ 94.768994182135827, 27.676244178426145 ], [ 94.766344159755249, 27.670673852316497 ], [ 94.761585129150433, 27.664548148078609 ], [ 94.744708694450765, 27.659546746585136 ], [ 94.739096782790341, 27.661789300535816 ], [ 94.729743960315602, 27.664021014058619 ], [ 94.722783227464049, 27.666176520829822 ], [ 94.718712996607564, 27.657819676836652 ], [ 94.70016871701273, 27.663303911746198 ], [ 94.691510309653154, 27.663418269537544 ], [ 94.685980077118927, 27.659565193478954 ], [ 94.68858985843525, 27.653351345788053 ], [ 94.684575663436192, 27.645801266515264 ], [ 94.677824755008487, 27.64686856303382 ], [ 94.671181092533459, 27.646508041013306 ], [ 94.666724766534799, 27.644105843909642 ], [ 94.650520829572713, 27.638316599431562 ], [ 94.647301286325387, 27.632788315728249 ], [ 94.641877818606474, 27.627210671835087 ], [ 94.636510529737222, 27.625030902254366 ], [ 94.627051826480681, 27.626389107871091 ], [ 94.616171635912337, 27.622018679718337 ], [ 94.611470967711057, 27.618926637854088 ], [ 94.606165614251779, 27.619399867409982 ], [ 94.597873529539811, 27.617780758575179 ], [ 94.58841099337269, 27.616435822455287 ], [ 94.583972975772269, 27.613009284950579 ], [ 94.575634380822066, 27.603289474329813 ], [ 94.566010600708694, 27.603306529972429 ], [ 94.558221916907996, 27.599584074145753 ], [ 94.54853446929036, 27.599896825977794 ], [ 94.538698205457877, 27.593356476720089 ], [ 94.528389760678976, 27.592155400651279 ], [ 94.517764173577802, 27.581119871085207 ], [ 94.511520808338673, 27.580462050283472 ], [ 94.502327521098266, 27.573712662609353 ], [ 94.493079936390018, 27.571899195891206 ], [ 94.485222221528375, 27.573628509448213 ], [ 94.471426368632081, 27.560443395146592 ], [ 94.461848328937265, 27.554142690932508 ], [ 94.45835214883266, 27.559353523846084 ], [ 94.455618976934318, 27.567403228676142 ], [ 94.451767343388269, 27.57151512961957 ], [ 94.444549173305745, 27.575958659164826 ], [ 94.438220625181771, 27.58092974810944 ], [ 94.432798946214461, 27.593001847057621 ], [ 94.433267897695373, 27.599626105760251 ], [ 94.423170155977971, 27.597904915779282 ], [ 94.405402511117074, 27.583762452475241 ], [ 94.397098859324956, 27.585366175708486 ], [ 94.389852268867173, 27.585889627004747 ], [ 94.382670426898756, 27.581701924004619 ], [ 94.374560869488619, 27.575885605436383 ], [ 94.369726261657718, 27.573357737969275 ], [ 94.364460033204011, 27.576862094709952 ], [ 94.357951620670804, 27.574015566864944 ], [ 94.351117657154191, 27.576097141270111 ], [ 94.347361790614229, 27.581254684855878 ], [ 94.340420572151743, 27.577703510308822 ], [ 94.331368512646804, 27.585078467297478 ], [ 94.326042922642841, 27.583868356639414 ], [ 94.322032565950224, 27.586767448958653 ], [ 94.314737422893813, 27.586368353216983 ], [ 94.310707477168421, 27.592316167956824 ], [ 94.303998562583672, 27.596637111813322 ], [ 94.300387366383916, 27.601041341884468 ], [ 94.295261137191801, 27.597134354167167 ], [ 94.290844982110286, 27.591274569565769 ], [ 94.278407245797837, 27.590130452958078 ], [ 94.274838757502721, 27.6002733802124 ], [ 94.264311236974038, 27.606932532610358 ], [ 94.256529980674145, 27.610549510551493 ], [ 94.259542225693224, 27.615969222701494 ], [ 94.264678463440418, 27.621376666300137 ], [ 94.269625203240594, 27.624709943209382 ], [ 94.269171263243265, 27.629409082563143 ], [ 94.265260716908642, 27.632888262783126 ], [ 94.258469091675295, 27.633424140012096 ], [ 94.254724443278519, 27.637815922566801 ], [ 94.249760767445537, 27.632697267464948 ], [ 94.237585010839609, 27.629420935627707 ], [ 94.228436439689972, 27.61488820792448 ], [ 94.219904191025648, 27.605894393911228 ], [ 94.21358616496957, 27.607756827815422 ], [ 94.215973677043621, 27.6013139335912 ], [ 94.225368851291535, 27.597622591609365 ], [ 94.227501992822795, 27.595375568927409 ], [ 94.227731359514678, 27.592104965771625 ], [ 94.223865711833184, 27.584767387305135 ], [ 94.227862191087297, 27.577901819813178 ], [ 94.228865617754138, 27.572465216596527 ], [ 94.236538745866483, 27.568277268980808 ], [ 94.242960294681893, 27.56716141986368 ], [ 94.258823308548926, 27.554198595488856 ], [ 94.258035444879908, 27.54751080148236 ], [ 94.259165456520634, 27.537241987128027 ], [ 94.264758463532303, 27.524145061245633 ], [ 94.26198348754798, 27.520199460236938 ], [ 94.223942697397604, 27.503772661379287 ], [ 94.217665937633001, 27.499888660333454 ], [ 94.214585783007522, 27.494695558453316 ], [ 94.197498309799244, 27.494228696996799 ], [ 94.193527829046104, 27.493095144725203 ], [ 94.189176155355369, 27.487587049003139 ], [ 94.17697270862368, 27.480860537383933 ], [ 94.170204954095425, 27.480984920817491 ], [ 94.166488636141708, 27.477787384879946 ], [ 94.15947419937487, 27.474858691375573 ], [ 94.161000555731107, 27.466793977759892 ], [ 94.162453857459639, 27.463260332798143 ], [ 94.156692834606702, 27.457259439171821 ], [ 94.143039321007905, 27.445254237193353 ], [ 94.138088342702929, 27.442656383585302 ], [ 94.125569645822566, 27.431780627573971 ], [ 94.119301445805149, 27.427772156759659 ], [ 94.108724754843593, 27.414860202536374 ], [ 94.102133716198125, 27.410727609991284 ], [ 94.095512796678292, 27.407751811796743 ], [ 94.088550861433191, 27.401371150658122 ], [ 94.074623789356451, 27.379808796638713 ], [ 94.070812813260773, 27.371201539119795 ], [ 94.065304975644153, 27.365719371751652 ], [ 94.063075148899088, 27.360364195850991 ], [ 94.056984943600298, 27.35964352592805 ], [ 94.050467080991041, 27.355567056474513 ], [ 94.043800128773, 27.350109278720311 ], [ 94.03223978273985, 27.344815519320832 ], [ 94.011963407984922, 27.335731348622915 ], [ 94.002166405855007, 27.331571237722471 ], [ 94.002833271138627, 27.326986978666184 ], [ 93.998177417054194, 27.324737313776041 ], [ 93.992338512912113, 27.321521610633852 ], [ 93.987835285470112, 27.317438901684 ], [ 93.983085928872583, 27.310635361332913 ], [ 93.974815133811433, 27.305206672150234 ], [ 93.958647447621672, 27.291650713409751 ], [ 93.941017543824671, 27.270156379613297 ], [ 93.93601404781009, 27.265211660589728 ], [ 93.9210080671686, 27.254028491122028 ], [ 93.903134687216095, 27.238434227058008 ], [ 93.895053542986659, 27.227873383050223 ], [ 93.887691045205656, 27.221274969064609 ], [ 93.869508270590302, 27.195735246384572 ], [ 93.859513607367148, 27.187996608057063 ], [ 93.849203623848211, 27.176683488352353 ], [ 93.841919238482149, 27.170367071183421 ], [ 93.831021228746749, 27.167564003076336 ], [ 93.819058029604435, 27.15516639901017 ], [ 93.810611642813114, 27.148678428067058 ], [ 93.808827408558102, 27.144139300588279 ], [ 93.80761154583621, 27.1347200946567 ], [ 93.815499857432542, 27.128914356612313 ], [ 93.81333002985707, 27.123166882945327 ], [ 93.816920723312762, 27.119493720758669 ], [ 93.823906326915505, 27.118911012233468 ], [ 93.829172982547163, 27.108805016538327 ], [ 93.828546944685797, 27.096221074742857 ], [ 93.83323024517972, 27.089264633456139 ], [ 93.834901727832516, 27.084434731777492 ], [ 93.836244568532095, 27.079665914750194 ], [ 93.838621610698851, 27.075013755080761 ], [ 93.833953426009884, 27.069676026927141 ], [ 93.830113269611786, 27.065765934750118 ], [ 93.824741379810916, 27.065140335757917 ], [ 93.820649919558207, 27.061755556473827 ], [ 93.814751289640355, 27.067507330698788 ], [ 93.810404644958453, 27.059402158382966 ], [ 93.799531230781724, 27.060729218678546 ], [ 93.795875866178335, 27.054580091597984 ], [ 93.78929727594857, 27.05108081692623 ], [ 93.783074124771076, 27.057691120848574 ], [ 93.78103260976718, 27.050218527163338 ], [ 93.775583997003935, 27.059240298401107 ], [ 93.773679461338133, 27.052402149439672 ], [ 93.770359222799925, 27.040169665397798 ], [ 93.748309667357319, 27.029302950271017 ], [ 93.735776084898475, 27.024134547371489 ], [ 93.720816972425382, 27.016148142223017 ], [ 93.707457034414688, 27.005263629512967 ], [ 93.7075573537889, 27.00059989197149 ], [ 93.700146424817717, 26.991725325363518 ], [ 93.67762825783791, 26.968010616696631 ], [ 93.656975395398263, 26.96344767517013 ], [ 93.642048309581867, 26.961768940384331 ], [ 93.626404206888708, 26.961222386404074 ], [ 93.597720958855234, 26.952223993042878 ], [ 93.586133219472572, 26.949710020101406 ], [ 93.572725921364224, 26.951199460187013 ], [ 93.547455660750188, 26.948855686640684 ], [ 93.527815509578147, 26.945763428939131 ], [ 93.491376198852549, 26.935716382005467 ], [ 93.488831102173663, 26.940285301325673 ], [ 93.482301017777786, 26.937379357971054 ], [ 93.470130437669638, 26.936116996702083 ], [ 93.465861889214864, 26.940764285643297 ], [ 93.449929272318116, 26.95140410091858 ], [ 93.438746642443675, 26.9533698390469 ], [ 93.392866273160053, 26.957374923014356 ], [ 93.376382361057154, 26.957757278775432 ], [ 93.350106597241734, 26.960648123412227 ], [ 93.269118465145084, 26.953507054007389 ], [ 93.224698330463639, 26.9466975268694 ], [ 93.186600540382699, 26.936352378959157 ], [ 93.11134888953967, 26.924969916128759 ], [ 93.094255929567566, 26.91324184473541 ], [ 93.078762075709278, 26.917674789260161 ], [ 93.071270281498357, 26.921955912035742 ], [ 93.064997681098191, 26.919764679696243 ], [ 93.04062919588074, 26.915658992168801 ], [ 93.021834632262539, 26.914631842285758 ], [ 92.999926341427567, 26.928184829666179 ], [ 92.996912968658648, 26.929168029680852 ], [ 92.996265194183422, 26.929637895772316 ], [ 92.989209069343133, 26.931681401875267 ], [ 92.985261321652729, 26.933804154438235 ], [ 92.983224754718719, 26.933483520048469 ], [ 92.975511649942746, 26.938701230077754 ], [ 92.964173045249879, 26.943779762825841 ], [ 92.953952449845758, 26.946817268002576 ], [ 92.935392620972721, 26.95487176891703 ], [ 92.929049420194644, 26.958612240862294 ], [ 92.920417976308613, 26.962194657857253 ], [ 92.917601598235251, 26.967730277330475 ], [ 92.919357307793575, 26.982628062335266 ], [ 92.902488720578049, 26.994281675259174 ], [ 92.893017490664704, 26.997843738797542 ], [ 92.886114714622465, 27.000377086733238 ], [ 92.875205160289966, 27.005754369768397 ], [ 92.839417385004367, 27.011650753179765 ], [ 92.827255068766476, 27.016591756204662 ], [ 92.788177577932913, 27.028850357458055 ], [ 92.77201483621576, 27.031223646753972 ], [ 92.730461443440902, 27.026635193259608 ], [ 92.716640151421927, 27.024336428983077 ], [ 92.705289863636381, 27.025837398377291 ], [ 92.685392816625267, 27.030022225345476 ], [ 92.661966338875516, 27.03683354842957 ], [ 92.660063877945674, 27.03590263320001 ], [ 92.65352405119404, 27.023089245572294 ], [ 92.642128252317036, 27.016855207202127 ], [ 92.647637286931285, 27.008353938383607 ], [ 92.647183495322111, 27.00081313921504 ], [ 92.648307201815953, 26.993897321204486 ], [ 92.64844067379812, 26.985741532345912 ], [ 92.588222940136632, 26.960193356038587 ], [ 92.556636730001173, 26.957446361560415 ], [ 92.53482294802069, 26.961697230243033 ], [ 92.518517877797876, 26.962833536238747 ], [ 92.508108035357623, 26.965200627407057 ], [ 92.493743703009557, 26.963166306979531 ], [ 92.486849782591435, 26.963184690021478 ], [ 92.469407888363435, 26.961526931922435 ], [ 92.462702513510237, 26.961783068733666 ], [ 92.449302678875597, 26.959123563901414 ], [ 92.445307107037422, 26.953501948556152 ], [ 92.428905452324841, 26.941960964926636 ], [ 92.415034351354279, 26.942690723398243 ], [ 92.402891006314974, 26.92478360987576 ], [ 92.370459644796824, 26.930091154982847 ], [ 92.367613223071828, 26.931247926850403 ], [ 92.356240397376496, 26.934128673899238 ], [ 92.349989838460317, 26.932023302533423 ], [ 92.323265235602207, 26.926964846250712 ], [ 92.306092719803246, 26.922808959465954 ], [ 92.306959778670887, 26.908132464341804 ], [ 92.303740099625941, 26.906733319786952 ], [ 92.293288814627147, 26.904064901773836 ], [ 92.284720950111819, 26.902761707686693 ], [ 92.279600853396744, 26.901081953069706 ], [ 92.27110116828436, 26.903699244624477 ], [ 92.268347183375852, 26.906231101484195 ], [ 92.264488108839203, 26.907405109758088 ], [ 92.257814692294289, 26.910866167739528 ], [ 92.212639840256486, 26.895571526304934 ], [ 92.198143577364249, 26.889677766215982 ], [ 92.18047878526778, 26.891180630481756 ], [ 92.172139742455215, 26.890619576732149 ], [ 92.165723646229367, 26.891376053162389 ], [ 92.151279321883237, 26.889617387532439 ], [ 92.132898302514718, 26.88945405895771 ], [ 92.127569556789695, 26.888514611859875 ], [ 92.123726361582385, 26.889056370655055 ], [ 92.111273694725298, 26.892588914846613 ], [ 92.111182881185073, 26.89839068328348 ], [ 92.112282082052502, 26.906185897960881 ], [ 92.117002922047277, 26.918296360188947 ], [ 92.120498073327497, 26.931193317317764 ], [ 92.118228766344544, 26.940992520988118 ], [ 92.115422626153361, 26.948157227274294 ], [ 92.120878863368887, 26.959010904929357 ], [ 92.116746650337689, 26.974549678125186 ], [ 92.107627520293875, 26.976531635526612 ], [ 92.10567430342644, 26.981816978171082 ], [ 92.106870688631432, 27.006576051543618 ], [ 92.100850817511287, 27.00835505714025 ], [ 92.091788944604161, 27.015839374387667 ], [ 92.083421762904095, 27.019463962392024 ], [ 92.08239069557419, 27.031633966034747 ], [ 92.08029453236685, 27.038723951249381 ], [ 92.074296038131706, 27.044287346284079 ], [ 92.067664413981561, 27.051098432846459 ], [ 92.057382099904032, 27.051058242144222 ], [ 92.048605900242137, 27.050874055593226 ], [ 92.045563425411785, 27.059295184025586 ], [ 92.037476018303664, 27.063729858845932 ], [ 92.039954012967371, 27.069112213158178 ], [ 92.036697040835804, 27.073739288037757 ], [ 92.031553793772616, 27.077505303427074 ], [ 92.032202942411914, 27.083484195139533 ], [ 92.031359728168979, 27.096113325169881 ], [ 92.026324138947928, 27.107107689168572 ], [ 92.026038633875885, 27.113877610163627 ], [ 92.032060516779495, 27.122405856844864 ], [ 92.034810562657412, 27.129325855803643 ], [ 92.038274782655151, 27.131481719605745 ], [ 92.040341258342437, 27.13739337440478 ], [ 92.034458610276715, 27.14611849347375 ], [ 92.03233986958935, 27.149679830359958 ], [ 92.028202080761503, 27.153207071249369 ], [ 92.02728655203282, 27.161315984744931 ], [ 92.029147815019712, 27.170743758517688 ], [ 92.039317432353698, 27.175753060555337 ], [ 92.044940635901696, 27.180294056825289 ], [ 92.054962104317724, 27.183312272443459 ], [ 92.060174650439819, 27.188562217772187 ], [ 92.061221496375026, 27.202050630232463 ], [ 92.066712236080889, 27.208574967960431 ], [ 92.070700667301992, 27.21390004625016 ], [ 92.073607611602029, 27.222624054656421 ], [ 92.072319446984977, 27.233164325773089 ], [ 92.070051170625106, 27.238448421957173 ], [ 92.06980032812271, 27.243946646720417 ], [ 92.065494017135222, 27.246656715934762 ], [ 92.056484554918313, 27.250797343023009 ], [ 92.053732052991904, 27.255615451891629 ], [ 92.04399850432759, 27.260825172343857 ], [ 92.043666376602062, 27.265702147236368 ], [ 92.052924807134218, 27.270596068953466 ], [ 92.074088179625846, 27.276370171546205 ], [ 92.082213612768101, 27.27482854650026 ], [ 92.087171184902331, 27.271048823644321 ], [ 92.099063718915545, 27.27202529133416 ], [ 92.105636885334036, 27.268092989499905 ], [ 92.113894948692973, 27.272963709607552 ], [ 92.119169164025777, 27.272262370611941 ], [ 92.123038794804586, 27.274869353238103 ], [ 92.123817747091437, 27.279674960630985 ], [ 92.124652013979301, 27.286551399127802 ], [ 92.121381337079129, 27.291811781988201 ], [ 92.111112737662779, 27.298007492152067 ], [ 92.106701557630856, 27.300445294314954 ], [ 92.082104627526576, 27.30931789770284 ], [ 92.071287929994014, 27.317309723964627 ], [ 92.062957323721548, 27.326253653483377 ], [ 92.064396508791901, 27.344344285360535 ], [ 92.061061973731171, 27.348067471436707 ], [ 92.052613157871008, 27.357369701650441 ], [ 92.050626542880707, 27.367445158167584 ], [ 92.050331862925191, 27.378359106587538 ], [ 92.05419213356015, 27.389185316249382 ], [ 92.058772805220826, 27.399218700682525 ], [ 92.057248560472772, 27.403249933337804 ], [ 92.051621838776896, 27.405663265847068 ], [ 92.046398212107874, 27.411955846485171 ], [ 92.048287336991052, 27.424468052958332 ], [ 92.047115834228407, 27.430132129794004 ], [ 92.043128950740538, 27.435647066658873 ], [ 92.037334549549882, 27.436601723990407 ], [ 92.02832132546888, 27.440743605632917 ], [ 92.023597616636778, 27.446779847112282 ], [ 92.021191127968223, 27.457203557997843 ], [ 92.024256728864998, 27.467288024822551 ], [ 92.023232812044682, 27.478924606385533 ], [ 92.015683945957392, 27.481012540796144 ], [ 92.001220679191078, 27.476545204397723 ], [ 91.993613448901613, 27.473486801674596 ], [ 91.98671307944511, 27.466842648169745 ], [ 91.983545707668327, 27.464151327122124 ], [ 91.977570077796884, 27.464199939975288 ], [ 91.969928318037489, 27.466016182900546 ], [ 91.95915515308792, 27.46063782967218 ], [ 91.953906303133465, 27.460067922096982 ], [ 91.943894841473821, 27.45984969890452 ], [ 91.93637966848695, 27.464190381081266 ], [ 91.927296862060587, 27.470585494325178 ], [ 91.913530198459966, 27.47045590111901 ], [ 91.903084361554079, 27.467520219882317 ], [ 91.895555367786073, 27.472496028468981 ], [ 91.876837291507854, 27.472096001029684 ], [ 91.867670150257311, 27.481347347602082 ], [ 91.853786263625238, 27.481843578218616 ], [ 91.844257403356551, 27.475036517921012 ], [ 91.833127042978731, 27.468280053481749 ], [ 91.822561735635645, 27.469202043839289 ], [ 91.814087072360564, 27.471907425787094 ], [ 91.793328118697787, 27.468534270240411 ], [ 91.778488929920229, 27.463849483167166 ], [ 91.767494959824603, 27.465763289943936 ], [ 91.761319505990457, 27.472654892809089 ], [ 91.754516864062111, 27.473581901383682 ], [ 91.746631669515978, 27.473215490602456 ], [ 91.738027241264206, 27.469583460708179 ], [ 91.724768244059248, 27.469722271965338 ], [ 91.718588814322402, 27.473002916951089 ], [ 91.717406740029105, 27.482365282132093 ], [ 91.71543445663491, 27.490629286412513 ], [ 91.704775492095337, 27.494887428811865 ], [ 91.694933739700389, 27.502149413864402 ], [ 91.688465952241984, 27.501808511453703 ], [ 91.684695306243441, 27.499290237054822 ], [ 91.679285822982422, 27.493827935710726 ], [ 91.672319107840622, 27.490232345446429 ], [ 91.665259501724677, 27.485633894188936 ], [ 91.658073086703666, 27.482390482934477 ], [ 91.652251462135325, 27.484148437200645 ], [ 91.651118887426776, 27.491427366379924 ], [ 91.648977606131666, 27.498421207772594 ], [ 91.643771143923232, 27.503083295058047 ], [ 91.633105117007631, 27.507521100418501 ], [ 91.625448184785967, 27.512750336159115 ], [ 91.620909982709577, 27.521846803287417 ], [ 91.614245679894282, 27.541091843613742 ], [ 91.610430471589041, 27.543165618198771 ], [ 91.606164869313318, 27.540267230048698 ], [ 91.599420605976263, 27.539021097945351 ], [ 91.59644878188584, 27.543281701789169 ], [ 91.586553369642331, 27.561808211679704 ], [ 91.571863263279056, 27.574541886998531 ], [ 91.567120149775178, 27.583724389568999 ], [ 91.581942422305019, 27.599085052932878 ], [ 91.581255840284882, 27.607827102638737 ], [ 91.568320516278845, 27.619513443690551 ], [ 91.562929193927232, 27.633014588752303 ], [ 91.572064488385479, 27.652017779796779 ], [ 91.594982547906341, 27.671368122640786 ], [ 91.595471807877686, 27.678603822308617 ], [ 91.597066374213853, 27.682795310555207 ], [ 91.603752215792156, 27.686119679679507 ], [ 91.601637534644567, 27.69212266512892 ], [ 91.607752435326688, 27.694530398459165 ], [ 91.615325664048214, 27.692457523196197 ], [ 91.619795656144674, 27.695547901314626 ], [ 91.621331253934272, 27.701545194055484 ], [ 91.629012113518286, 27.70552799731928 ], [ 91.628625110060852, 27.714901472724819 ], [ 91.634404338789238, 27.731387176277224 ], [ 91.634957059420799, 27.746570816190285 ], [ 91.641757617620044, 27.752691342131811 ], [ 91.645371701542842, 27.757571956580591 ], [ 91.644945445376038, 27.76478682615118 ], [ 91.636525708194938, 27.771166689591098 ], [ 91.635531634477388, 27.777017820016454 ], [ 91.63576961127859, 27.782524817666229 ], [ 91.635012542195113, 27.793707811766126 ], [ 91.633587612278518, 27.800442871441419 ], [ 91.624721547861213, 27.807904845931944 ], [ 91.620567040636502, 27.810873305658561 ], [ 91.604328537332208, 27.82049274114712 ], [ 91.589662004897662, 27.818416979959693 ], [ 91.583527245386108, 27.813563643747216 ], [ 91.578482269041558, 27.812357483810899 ], [ 91.570993128729981, 27.814974357180915 ], [ 91.566023216997905, 27.821073950502466 ], [ 91.56164480286543, 27.83099542509882 ], [ 91.551404550080008, 27.84653227824208 ], [ 91.549499050340955, 27.855244968680438 ], [ 91.558138936163004, 27.858257975425261 ], [ 91.56435452404213, 27.851372366541511 ], [ 91.570007733470163, 27.852414665504455 ], [ 91.575340212281048, 27.8604000894926 ], [ 91.582721033748783, 27.861674929754258 ], [ 91.590012905071546, 27.855898050055032 ], [ 91.599678378654289, 27.861736130418137 ], [ 91.604849590136553, 27.858975009389212 ], [ 91.612934880240573, 27.853659357793163 ], [ 91.620471538031097, 27.856551930027592 ], [ 91.627150157154063, 27.857351138644162 ], [ 91.632795112604413, 27.855231444675496 ], [ 91.637386473606909, 27.854714014340345 ], [ 91.647370847686545, 27.853771777545546 ], [ 91.659577460931132, 27.856701037622827 ], [ 91.667458747922922, 27.857884443812111 ], [ 91.674826293598642, 27.856341010229471 ], [ 91.685060376135482, 27.84376751405955 ], [ 91.69496503610759, 27.828747744113173 ], [ 91.699542628489553, 27.821728231572706 ], [ 91.707631823449958, 27.816406723591456 ], [ 91.714950929841621, 27.812883517060698 ], [ 91.726503914923796, 27.810082565957714 ], [ 91.751601668482294, 27.802915453085745 ], [ 91.763434964152339, 27.800851151059817 ], [ 91.77643606187479, 27.800790916267829 ], [ 91.784001538440293, 27.802600189447219 ], [ 91.79389778975127, 27.804175341219093 ], [ 91.804357544565107, 27.807762966187966 ], [ 91.809405822320912, 27.80842729448409 ], [ 91.815776170034269, 27.802518561582417 ], [ 91.820538855483846, 27.802904376136098 ], [ 91.829475210013015, 27.809880565635638 ], [ 91.83321063945948, 27.807075821192257 ], [ 91.834142820035197, 27.796177199917906 ], [ 91.83659935417694, 27.788463654474128 ], [ 91.838694034402238, 27.779394628359455 ], [ 91.850384096848643, 27.775140692089337 ], [ 91.854044293509389, 27.76773264004936 ], [ 91.856373359542943, 27.764539482011514 ], [ 91.858061910428887, 27.75879982345316 ], [ 91.862722653227934, 27.741744498310027 ], [ 91.865612505912452, 27.736389039122912 ], [ 91.875524224663309, 27.733911449154107 ], [ 91.878376647564266, 27.729913359214208 ], [ 91.88083721606472, 27.72544694911744 ], [ 91.883703511008264, 27.721272545291811 ], [ 91.893476227845724, 27.723666301358776 ], [ 91.907295034138599, 27.726501124527317 ], [ 91.913400738353459, 27.725731967656259 ], [ 91.920019269273894, 27.717572932245105 ], [ 91.923761036242865, 27.714502215105199 ], [ 91.939004105155391, 27.720973634026052 ], [ 91.950062998208864, 27.728087615850825 ], [ 91.954829236879846, 27.738935497375337 ], [ 91.960608956638112, 27.750079740587637 ], [ 91.966077208796207, 27.750380039507263 ], [ 91.970836104502666, 27.750844482686773 ], [ 91.977905508732306, 27.759314126845538 ], [ 91.983963595643502, 27.764140942050858 ], [ 91.988897653204162, 27.769398413805789 ], [ 92.000001358575901, 27.767832037618518 ], [ 92.005307213856895, 27.766862174549772 ], [ 92.015737100386957, 27.764110699649109 ], [ 92.042741151383098, 27.756570426583949 ], [ 92.053600203386736, 27.756350664651507 ], [ 92.060344281463472, 27.758481564172882 ], [ 92.072587625718427, 27.76722986326763 ], [ 92.089522998387736, 27.779144200444534 ], [ 92.104182557479078, 27.792728861048147 ], [ 92.124937065793006, 27.809960569324858 ], [ 92.143871054905333, 27.823812936517868 ], [ 92.161111316633992, 27.836360034887775 ], [ 92.175887398184955, 27.842260411288976 ], [ 92.194330249541451, 27.851393180450941 ], [ 92.205279156407983, 27.85640608607207 ], [ 92.215381639351222, 27.858322220294269 ], [ 92.239163283658684, 27.861967892004657 ], [ 92.251233306971585, 27.862835356466576 ], [ 92.260103228581215, 27.861479569126857 ], [ 92.268943193773453, 27.857231402007642 ], [ 92.272295072259851, 27.853238001132922 ], [ 92.275984460914174, 27.843922706467765 ], [ 92.282262420374479, 27.824445762462005 ], [ 92.289501458325674, 27.806801388573263 ], [ 92.312139389821027, 27.778438576179383 ], [ 92.32069526907145, 27.777430514406774 ], [ 92.333647837577701, 27.782744254044133 ], [ 92.354998602703404, 27.789839173838857 ], [ 92.368935437820255, 27.792810034755348 ], [ 92.374323485740319, 27.792466584565261 ], [ 92.379393208729653, 27.792834698662489 ], [ 92.384529542704286, 27.794188610016363 ], [ 92.38769760695908, 27.814747797273071 ], [ 92.402704900610729, 27.819637056005377 ], [ 92.411503244279345, 27.821251296809976 ], [ 92.418581847674204, 27.822202621254007 ], [ 92.418582873800631, 27.822201822656041 ], [ 92.418582057216213, 27.822203019653671 ], [ 92.432047160148386, 27.811155055161692 ], [ 92.448455486931209, 27.799906570631777 ], [ 92.45956696874066, 27.802368429659339 ], [ 92.463762808806621, 27.806343174098231 ], [ 92.46448442211846, 27.807049799308857 ], [ 92.471668616713373, 27.814330516340306 ], [ 92.481368231258898, 27.820650053257395 ], [ 92.489223766163946, 27.827755489724098 ], [ 92.497161213119568, 27.835932717520961 ], [ 92.505989434964533, 27.840614097962316 ], [ 92.519732249443791, 27.839318973491856 ], [ 92.531001405790278, 27.830220650162914 ], [ 92.539076197208772, 27.823407728084248 ], [ 92.548472079223131, 27.816540290901742 ], [ 92.558820068091734, 27.81735014029681 ], [ 92.565255591472408, 27.820088868206767 ], [ 92.569878238090268, 27.826401028884447 ], [ 92.580829554240609, 27.840862479919565 ], [ 92.590345587478964, 27.855930667566327 ], [ 92.609693279121586, 27.876585233321919 ], [ 92.624989379256533, 27.88353334328923 ], [ 92.636205358690404, 27.88634390454763 ], [ 92.656195536794655, 27.892019632999734 ], [ 92.673821299213671, 27.899173333382691 ], [ 92.678770444700319, 27.905036762037014 ], [ 92.690987094378954, 27.918522481927027 ], [ 92.705919019447265, 27.932854176978708 ], [ 92.718510675627215, 27.948331364600847 ], [ 92.73449669246844, 27.970988072141893 ], [ 92.73783699668013, 27.977002158822643 ], [ 92.744197807982516, 27.988488706488681 ], [ 92.738268364593409, 27.994801536261946 ], [ 92.732553357351605, 28.000575860987226 ], [ 92.726038334801387, 28.015462269568161 ], [ 92.714382568900476, 28.032419951719476 ], [ 92.70032859798647, 28.047540688551976 ], [ 92.686168860504552, 28.057773351958701 ], [ 92.667866325870307, 28.061980320235648 ], [ 92.666129110869804, 28.066921501326249 ], [ 92.672213155812528, 28.077495911607059 ], [ 92.678121614421002, 28.095937058748291 ], [ 92.685194027782188, 28.117266190682187 ], [ 92.692049401458746, 28.125063301130467 ], [ 92.700802569483074, 28.129998277798336 ], [ 92.709642147067484, 28.135824516788091 ], [ 92.725963083129841, 28.144234268796538 ], [ 92.741614865133954, 28.150806787703118 ], [ 92.763389035575585, 28.166157177212028 ], [ 92.788099123775623, 28.18299610118919 ], [ 92.80473707805379, 28.201496966012201 ], [ 92.812646770132403, 28.203342075376554 ], [ 92.821255802013695, 28.200862955660909 ], [ 92.824391356675847, 28.196660120668071 ], [ 92.822723109783738, 28.183545887332912 ], [ 92.826294453426328, 28.17312761374842 ], [ 92.83296182382918, 28.170703323 ], [ 92.844626659392873, 28.178561153874227 ], [ 92.852296856614714, 28.182022828790593 ], [ 92.900263906654004, 28.203802470707501 ], [ 92.910351316959748, 28.214433855737923 ], [ 92.918010269958074, 28.234234967569762 ], [ 92.927953712294027, 28.241789257468326 ], [ 92.946794334690878, 28.247856905072183 ], [ 92.960579837289742, 28.257538021462551 ], [ 92.969587515251703, 28.26101409452491 ], [ 92.979512233702678, 28.258806334444841 ], [ 92.990985094586506, 28.250493886383822 ], [ 92.991868674899479, 28.241660872051682 ], [ 92.994968716233302, 28.233572288630285 ], [ 92.99964316649897, 28.229401007250715 ], [ 93.00533371577842, 28.229925413626972 ], [ 93.014953486714091, 28.239008317180151 ], [ 93.025326445259282, 28.251443697268883 ], [ 93.03878260623236, 28.262283967830911 ], [ 93.030703654550052, 28.285833195845385 ], [ 93.02699572996903, 28.299142222335718 ], [ 93.037324638821076, 28.302902527929348 ], [ 93.051315737231562, 28.301660667605802 ], [ 93.066744145625876, 28.306119659194962 ], [ 93.077100412753907, 28.308437428844343 ], [ 93.092151355001079, 28.305385841183693 ], [ 93.100395072374738, 28.306231095988323 ], [ 93.11717888319896, 28.3146750087447 ], [ 93.12982812476821, 28.325961566073488 ], [ 93.141494480186168, 28.324037773224688 ], [ 93.159964255446084, 28.317604481961325 ], [ 93.184768638461946, 28.316311466401089 ], [ 93.198729319102881, 28.317123913038188 ], [ 93.211904290850384, 28.322351133398115 ], [ 93.223964847899481, 28.332808708255357 ], [ 93.224879087899637, 28.334594589169001 ], [ 93.227722110187301, 28.34016461490512 ], [ 93.224324781763301, 28.360619112981738 ], [ 93.22731799083266, 28.377089118867787 ], [ 93.236634318818801, 28.399875329682743 ], [ 93.231002955721863, 28.407482500616936 ], [ 93.221208607491292, 28.412859739585372 ], [ 93.209788694192923, 28.418495896968125 ], [ 93.195578663024946, 28.425256750098981 ], [ 93.186285833424506, 28.431995228097378 ], [ 93.18789542113683, 28.439248103017576 ], [ 93.195579100994792, 28.443411626845148 ], [ 93.206118730894786, 28.448245399205859 ], [ 93.212804020289354, 28.451491270106089 ], [ 93.218838462225335, 28.457435846387227 ], [ 93.227726911667673, 28.469556708375421 ], [ 93.234338135596545, 28.477226669974868 ], [ 93.240594766735171, 28.482004559362963 ], [ 93.259247191604686, 28.490817547591803 ], [ 93.268149021160468, 28.496171006686666 ], [ 93.274924256249506, 28.500411370388463 ], [ 93.281208349985434, 28.504102734853404 ], [ 93.284636490981313, 28.513077573171529 ], [ 93.286972165233294, 28.520517242676647 ], [ 93.294277474226135, 28.542732240100861 ], [ 93.302843400702443, 28.556921073348917 ], [ 93.310678629814959, 28.565595673901271 ], [ 93.308771221714551, 28.576222788051268 ], [ 93.303010035185025, 28.591410402068448 ], [ 93.305347648375346, 28.598941036199903 ], [ 93.311870108318885, 28.600372112083335 ], [ 93.316834536884414, 28.603140308078821 ], [ 93.325067921947095, 28.606399532112789 ], [ 93.333130499672905, 28.607677827569717 ], [ 93.335366338385882, 28.615018468227788 ], [ 93.336468312762463, 28.622882349740678 ], [ 93.337844672093979, 28.633100369486499 ], [ 93.342452805452695, 28.639573971061964 ], [ 93.347462090403212, 28.639536537681124 ], [ 93.356383640292847, 28.638295506532472 ], [ 93.367297938549086, 28.640231348497991 ], [ 93.375218189567875, 28.643938217274979 ], [ 93.395198873529239, 28.648860441556167 ], [ 93.41734819346442, 28.652280047985869 ], [ 93.435327865188867, 28.661691935234671 ], [ 93.442996966137116, 28.668825971941089 ], [ 93.446845159776387, 28.671937895117821 ], [ 93.451193108475252, 28.675417528596142 ], [ 93.462247424878797, 28.667775865064186 ], [ 93.468038931151796, 28.656372103589774 ], [ 93.472204599862437, 28.65144953576754 ], [ 93.479646504182881, 28.652975897519696 ], [ 93.480962247409821, 28.661659553345771 ], [ 93.484672368135364, 28.674342017670028 ], [ 93.489099146008812, 28.679444955320491 ], [ 93.496621119668987, 28.683318023308175 ], [ 93.501015404137661, 28.6833694681265 ], [ 93.506368802977931, 28.681436803465772 ], [ 93.514685467960021, 28.679178799162287 ], [ 93.523879639233996, 28.673141695233085 ], [ 93.525633140956757, 28.664943973685467 ], [ 93.529883085136305, 28.660570103827297 ], [ 93.539233900324291, 28.658135163307179 ], [ 93.56663970905538, 28.658871349233436 ], [ 93.612325570268922, 28.655097069074543 ], [ 93.625405103262949, 28.656941099252379 ], [ 93.644168202300762, 28.66110331366707 ], [ 93.658947740845633, 28.666033685805985 ], [ 93.674741473640154, 28.671147368556262 ], [ 93.690818396651764, 28.678525416514788 ], [ 93.704943543509785, 28.679107616023714 ], [ 93.719109722835526, 28.683030210575794 ], [ 93.730324458507027, 28.687376512616027 ], [ 93.736853744304938, 28.688435511090006 ], [ 93.752590783837661, 28.682340712953589 ], [ 93.766497926038539, 28.673711296139459 ], [ 93.780386593466574, 28.66760723678459 ], [ 93.790487950458612, 28.670483699463205 ], [ 93.802563550467539, 28.679349463506981 ], [ 93.824001136143579, 28.693977650648094 ], [ 93.840786947959316, 28.703602120541461 ], [ 93.849245808347462, 28.70647040658406 ], [ 93.854887374252996, 28.70606734483215 ], [ 93.863079691774431, 28.704870831024095 ], [ 93.870480243468535, 28.702765801400687 ], [ 93.909235998242764, 28.675630657129147 ], [ 93.924654134580692, 28.669329139927925 ], [ 93.931187835150524, 28.670739384814794 ], [ 93.939628383543152, 28.676042465687317 ], [ 93.948613078430867, 28.688117946985699 ], [ 93.962072388829768, 28.703657769690381 ], [ 93.965421584638477, 28.712032490407182 ], [ 93.967680328184656, 28.717691452798363 ], [ 93.970707384138507, 28.722232378921206 ], [ 93.970308068962254, 28.741994955702694 ], [ 93.973711650372422, 28.750419622067966 ], [ 93.982857501072885, 28.758335755091082 ], [ 93.995595480547024, 28.764659619545853 ], [ 94.003321022047601, 28.770676377213078 ], [ 94.006671331217035, 28.774584540344335 ], [ 94.006888397881312, 28.783339039365217 ], [ 94.003685074806413, 28.787108510849123 ], [ 93.990573936038402, 28.797396967296265 ], [ 93.990906514324251, 28.80588742806242 ], [ 94.005333232642613, 28.818899928289113 ], [ 94.003387022393213, 28.830267326575893 ], [ 94.000326629470408, 28.840534300017964 ], [ 94.00826193424092, 28.846186586741624 ], [ 94.020219316568273, 28.850333116979812 ], [ 94.035471175454461, 28.85260414796312 ], [ 94.039611754878649, 28.860123103498495 ], [ 94.049435240244179, 28.873011355189931 ], [ 94.06357136512645, 28.886744449796595 ], [ 94.072009675106472, 28.895288730490563 ], [ 94.084328726089893, 28.905024335005123 ], [ 94.099638937487043, 28.914338235721061 ], [ 94.12597723026505, 28.929484576252264 ], [ 94.142004111400695, 28.939601875526193 ], [ 94.16067052072799, 28.953984661962636 ], [ 94.162471999483273, 28.95859325397555 ], [ 94.163899104859865, 28.973319576937001 ], [ 94.172362631830026, 28.9804143339544 ], [ 94.178546226327342, 28.991097131427523 ], [ 94.17743634241333, 29.002468534395405 ], [ 94.177609090487181, 29.007073759346554 ], [ 94.180891804812973, 29.019819374964243 ], [ 94.185142028681753, 29.027885981652787 ], [ 94.191074858917659, 29.038249164567333 ], [ 94.194142889782597, 29.042448234098799 ], [ 94.20072543073411, 29.053009301138388 ], [ 94.204736252376222, 29.059496499563863 ], [ 94.21154796936338, 29.068744095963325 ], [ 94.220485018169086, 29.08350024494041 ], [ 94.230508497469259, 29.089425580226418 ], [ 94.238895428281467, 29.095703313956847 ], [ 94.24389383233455, 29.099882788160187 ], [ 94.251650800643972, 29.107413583270329 ], [ 94.263517471953833, 29.116226570599792 ], [ 94.274751373077493, 29.126582853016316 ], [ 94.283435657529651, 29.134840040435563 ], [ 94.293626640956802, 29.147618942660131 ], [ 94.30348616305605, 29.150017073928893 ], [ 94.313345604216295, 29.150332616357218 ], [ 94.324349693483612, 29.149568675554008 ], [ 94.337202333820699, 29.149720707744507 ], [ 94.356013292079808, 29.149622627682163 ], [ 94.362781436913849, 29.151999799351302 ], [ 94.369545928701712, 29.156638648155138 ], [ 94.373502652525474, 29.165771981192051 ], [ 94.37598698830891, 29.181218566683583 ], [ 94.378201018462278, 29.189711162440233 ], [ 94.382803905176161, 29.193977239558023 ], [ 94.405472320091576, 29.204447849188966 ], [ 94.419832315009387, 29.212173034557964 ], [ 94.431707715138998, 29.223054945529384 ], [ 94.437147367956698, 29.226322804853623 ], [ 94.447437056475053, 29.224915359556235 ], [ 94.460610798849359, 29.223430980855142 ], [ 94.472868712121453, 29.221125518427982 ], [ 94.484610944239762, 29.218188659079431 ], [ 94.500356369051246, 29.216076534704371 ], [ 94.519892845478523, 29.216594625141909 ], [ 94.538915644441488, 29.218096605374114 ], [ 94.55165665553028, 29.222645895191988 ], [ 94.563771165606852, 29.228282967185237 ], [ 94.573297689436856, 29.240221255106917 ], [ 94.577993375394044, 29.249982568540759 ], [ 94.579388455013259, 29.264336993057839 ], [ 94.579861790689165, 29.274629788733819 ], [ 94.583747008517662, 29.280240631100298 ], [ 94.58982105749584, 29.282151465617687 ], [ 94.594952436206029, 29.285769394142278 ], [ 94.599880364886985, 29.289308890992572 ], [ 94.611380182949119, 29.296463184028767 ], [ 94.616720812315691, 29.300637125602918 ], [ 94.625032993278069, 29.312300217381164 ], [ 94.627153302383078, 29.32204575220976 ], [ 94.629791316116382, 29.336317226858569 ], [ 94.629660117620404, 29.345158178607107 ], [ 94.634285026033183, 29.348153157542242 ], [ 94.647578968194864, 29.346468732745848 ], [ 94.67202411072418, 29.331267114485797 ], [ 94.683258100880721, 29.327313329646472 ], [ 94.687593497741773, 29.323254244088162 ], [ 94.700602588638617, 29.313360242880947 ], [ 94.710392113805085, 29.30714614068188 ], [ 94.716988579859105, 29.30372578421759 ], [ 94.742458414424334, 29.281286019234471 ], [ 94.754018458285259, 29.265507958925241 ], [ 94.772261842709952, 29.251995664968035 ], [ 94.783079228223869, 29.240276873678852 ], [ 94.788444673482957, 29.232336369927566 ], [ 94.796477250724593, 29.225309933506651 ], [ 94.801019188584746, 29.217827202663329 ], [ 94.803495852251842, 29.209070112695599 ], [ 94.802079811234364, 29.194536250947294 ], [ 94.798398511981816, 29.179368252043275 ], [ 94.798416615334588, 29.168723261169646 ], [ 94.803457988995035, 29.163580028495574 ], [ 94.814969595370599, 29.165665753271924 ], [ 94.825760685607236, 29.169918551899684 ], [ 94.838097103398638, 29.175704510255002 ], [ 94.852075301933723, 29.181945378076762 ], [ 94.857927910844467, 29.182668928528301 ], [ 94.877260488480829, 29.183226627806675 ], [ 94.886622779917445, 29.180706093411516 ], [ 94.8980372226398, 29.174924986898702 ], [ 94.912338561075785, 29.165371703741187 ], [ 94.924157874986008, 29.161131144886497 ], [ 94.932176702492882, 29.161580717775962 ], [ 94.943581445127677, 29.15977359307692 ], [ 94.962190364393848, 29.159144159375501 ], [ 94.972986123011253, 29.158507008591641 ], [ 94.986862662182148, 29.148667926283849 ], [ 94.991796252994732, 29.145421993330388 ], [ 95.000326679632622, 29.13964020423208 ], [ 95.010197981951364, 29.134400178425551 ], [ 95.016352819726933, 29.132052468546647 ], [ 95.027968483059112, 29.129246601749344 ], [ 95.023455634669858, 29.14161622251072 ], [ 95.01565173523943, 29.150552430450375 ], [ 95.009489179482102, 29.156421345868466 ], [ 94.997686440077189, 29.164265194083498 ], [ 94.992018173300096, 29.172313619178226 ], [ 95.00281628184598, 29.171771067181055 ], [ 95.01021070645902, 29.169238562809483 ], [ 95.016172295215313, 29.165808019724409 ], [ 95.025526454981957, 29.159846368914828 ], [ 95.034471560813927, 29.155959469354059 ], [ 95.044942965445557, 29.151075773827927 ], [ 95.059538730228269, 29.148715508513931 ], [ 95.070739018291135, 29.146540358750599 ], [ 95.083281628144675, 29.144182408291556 ], [ 95.103533365072792, 29.142358119131927 ], [ 95.107636523706674, 29.138656786581464 ], [ 95.113995263870379, 29.127538208221779 ], [ 95.118601719993421, 29.119686584468354 ], [ 95.126815331662272, 29.114715213136606 ], [ 95.150957172435596, 29.114046473665894 ], [ 95.159900341127923, 29.111774205215454 ], [ 95.182501493948848, 29.106950752575244 ], [ 95.201602039302713, 29.105927905948136 ], [ 95.22164451658125, 29.106795131190381 ], [ 95.245386256170832, 29.109003447051464 ], [ 95.255654488663765, 29.108161885762456 ], [ 95.252732424062174, 29.09201642182046 ], [ 95.256209220179414, 29.083976984550247 ], [ 95.254529327066848, 29.074770103157789 ], [ 95.254926169107478, 29.066738591612761 ], [ 95.262294654574703, 29.060134042452148 ], [ 95.271321226393525, 29.055781472137255 ], [ 95.272296077102339, 29.0477221508566 ], [ 95.277144446359159, 29.05674615421168 ], [ 95.282629591382602, 29.057650601494117 ], [ 95.290954505845832, 29.060339200293924 ], [ 95.302249985348624, 29.061295189521445 ], [ 95.307494512261997, 29.061018620113259 ], [ 95.313440728007265, 29.057392127344826 ], [ 95.322969680006793, 29.053126578129138 ], [ 95.335801867961891, 29.049479203102806 ], [ 95.350150947808061, 29.044112633691157 ], [ 95.378479934001803, 29.039238775848901 ], [ 95.389241375389247, 29.035961286584154 ], [ 95.404532122759292, 29.033288207384942 ], [ 95.414695813561025, 29.03199383025111 ], [ 95.421072106692407, 29.036035178480745 ], [ 95.42611792570176, 29.039084317287461 ], [ 95.433922673192853, 29.039146296764216 ], [ 95.443252434352416, 29.03504440437581 ], [ 95.451974171071186, 29.033841008056129 ], [ 95.458864183035701, 29.034810986238085 ], [ 95.463813297046102, 29.040930094848022 ], [ 95.469420565506766, 29.052458326090914 ], [ 95.474791857258481, 29.058752798902617 ], [ 95.478615116294634, 29.063790788414224 ], [ 95.487576837101415, 29.068994487006023 ], [ 95.490488869765613, 29.074125137265298 ], [ 95.493736196668181, 29.087642364003955 ], [ 95.496610923655282, 29.107124541164694 ], [ 95.496584875691497, 29.121654529532975 ], [ 95.50108726136807, 29.138326907161115 ], [ 95.508304011421046, 29.141006242044512 ], [ 95.518558879988404, 29.136908197855121 ], [ 95.532505542896558, 29.132690430519006 ], [ 95.542973413192499, 29.128500802969711 ], [ 95.551487638543733, 29.12656137720586 ], [ 95.551283274803325, 29.143704614676267 ], [ 95.551827402412755, 29.149304007773765 ], [ 95.551558711965072, 29.156702059352597 ], [ 95.551099670113729, 29.166087171985453 ], [ 95.550151701939569, 29.178631459973928 ], [ 95.546438796013661, 29.195076877495978 ], [ 95.542079732593663, 29.206370740917009 ], [ 95.542630001673274, 29.212144086280603 ], [ 95.549940527633282, 29.213733912290252 ], [ 95.56526986311377, 29.214653897159678 ], [ 95.584617311939439, 29.215471491516155 ], [ 95.59068447840599, 29.216074225245336 ], [ 95.590540777534898, 29.226266898498636 ], [ 95.592582986815444, 29.240519746389225 ], [ 95.598010524865913, 29.252404705412857 ], [ 95.603716277184503, 29.260049119071653 ], [ 95.610100746951957, 29.260647958736342 ], [ 95.62558909066405, 29.253079133095582 ], [ 95.636159796637344, 29.247155488535043 ], [ 95.64295110890663, 29.2479391721551 ], [ 95.64782851997029, 29.254132696966451 ], [ 95.657223300315138, 29.258598105218425 ], [ 95.665175813612962, 29.263333188675745 ], [ 95.678186254392187, 29.269218136307984 ], [ 95.688110882910962, 29.275386250774886 ], [ 95.697235828870475, 29.284633131314024 ], [ 95.702333169140502, 29.292721121182865 ], [ 95.706912455845213, 29.298559528899204 ], [ 95.711340811129617, 29.298807255250665 ], [ 95.720170185006111, 29.29641455948439 ], [ 95.732041384402407, 29.30057725683497 ], [ 95.748518394208588, 29.3143722122079 ], [ 95.750470553473349, 29.327271702726932 ], [ 95.770169284684812, 29.342757254044102 ], [ 95.778051139148829, 29.350015363917976 ], [ 95.782726008498571, 29.35458379940286 ], [ 95.788189668718303, 29.354556889888613 ], [ 95.79202588698513, 29.345508029272196 ], [ 95.796056379498395, 29.336011026587641 ], [ 95.801504440977226, 29.334436303792415 ], [ 95.807612790098233, 29.337465932706664 ], [ 95.82430499867678, 29.350162836545735 ], [ 95.831847341981302, 29.353815120971092 ], [ 95.84533087921676, 29.351831667997146 ], [ 95.85329931591076, 29.356740736995448 ], [ 95.863988945533492, 29.365602554814132 ], [ 95.880321614151228, 29.383704424619566 ], [ 95.885945172931429, 29.389623456557331 ], [ 95.894400201308315, 29.38947165908985 ], [ 95.914659411602599, 29.386169651608213 ], [ 95.940383734521788, 29.382275163568011 ], [ 95.962104022982317, 29.380670089553064 ], [ 95.970912437259244, 29.38538405243213 ], [ 95.982994158053998, 29.398460727380723 ], [ 95.992232435678432, 29.404882424584287 ], [ 95.998253173745013, 29.408462542912105 ], [ 96.007546134646475, 29.410079029323811 ], [ 96.019593270213306, 29.419367150973301 ], [ 96.030643987530084, 29.431455447610858 ], [ 96.039825917232349, 29.441033194126646 ], [ 96.049179535607152, 29.448528103589183 ], [ 96.060710073611062, 29.456468137894319 ], [ 96.074571941242141, 29.460315342279273 ], [ 96.085721688305341, 29.461386555345314 ], [ 96.092301807382569, 29.459624428224856 ], [ 96.097915236199242, 29.454427871149392 ], [ 96.10623785649193, 29.443265541671451 ], [ 96.118190525472414, 29.425384582232709 ], [ 96.128904095947348, 29.415454918409807 ], [ 96.144140502682092, 29.40557557435335 ], [ 96.154865121328328, 29.396997803805675 ], [ 96.162609466753565, 29.380784745020037 ] ] ] } },
{ "type": "Feature", "properties": { "ST_NM": "Assam" }, "geometry": { "type": "MultiPolygon", "coordinates": [ [ [ [ 89.743229329569942, 26.303620341105898 ], [ 89.742901478120757, 26.302216310534334 ], [ 89.737033319931811, 26.303601310552096 ], [ 89.734590307097051, 26.305427221189348 ], [ 89.733965177550942, 26.307411724571466 ], [ 89.735261019680365, 26.30903206997408 ], [ 89.737535205485415, 26.311001671589906 ], [ 89.738762724320338, 26.310998885490221 ], [ 89.742096213469551, 26.307646703932278 ], [ 89.743229329569942, 26.303620341105898 ] ] ], [ [ [ 95.966612589699309, 27.946935605094154 ], [ 95.953694903197288, 27.936144047210064 ], [ 95.952936452755125, 27.933471448248781 ], [ 95.95374184511013, 27.931472546720727 ], [ 95.9589217071711, 27.927151176585596 ], [ 95.95518701606801, 27.924515811355661 ], [ 95.95666287908864, 27.921090690283165 ], [ 95.953834264839486, 27.917079270591898 ], [ 95.944853703235879, 27.906901124986973 ], [ 95.940662769870983, 27.904066667842471 ], [ 95.939663427924927, 27.897513686707327 ], [ 95.929970093345219, 27.897119485975566 ], [ 95.926339932242115, 27.895207587560151 ], [ 95.925256041433215, 27.890266499999029 ], [ 95.929869333303145, 27.884773808764294 ], [ 95.927145785050016, 27.882786590328919 ], [ 95.925070256786967, 27.88457858213593 ], [ 95.922603745566448, 27.884730344529828 ], [ 95.923910529747218, 27.88042599406441 ], [ 95.919965373902926, 27.877020921578321 ], [ 95.915299629974015, 27.875097757355661 ], [ 95.914204487746986, 27.872384809411471 ], [ 95.912661575771153, 27.867263343028924 ], [ 95.907471038757478, 27.871492315917692 ], [ 95.908292177342162, 27.864707646041097 ], [ 95.901839259274482, 27.860932819094387 ], [ 95.896335536056199, 27.861482491923539 ], [ 95.893361781121371, 27.851288029019372 ], [ 95.874981907489087, 27.834044286914377 ], [ 95.867589848093075, 27.832735976584104 ], [ 95.853350703172453, 27.828390821179482 ], [ 95.847259372821838, 27.824386383824617 ], [ 95.844612418028703, 27.815743135437401 ], [ 95.836208850658011, 27.810057372349888 ], [ 95.830182390205209, 27.807945040231459 ], [ 95.824359502089408, 27.803543173578646 ], [ 95.812530700331592, 27.787996828091195 ], [ 95.808785904445983, 27.784236343532484 ], [ 95.807559758875811, 27.777839011661115 ], [ 95.802138216605499, 27.771131888525872 ], [ 95.796578800171574, 27.766901402078076 ], [ 95.790003664237759, 27.759320468864587 ], [ 95.781706701603071, 27.752493863600989 ], [ 95.785935016188091, 27.734011464557511 ], [ 95.773001819078729, 27.728743557069549 ], [ 95.763815156244505, 27.72718537100809 ], [ 95.759364484283594, 27.725375163433114 ], [ 95.759823006326712, 27.720943837688026 ], [ 95.764166861311651, 27.716891263221271 ], [ 95.771611288230417, 27.710213111745759 ], [ 95.77369695814815, 27.705512516389547 ], [ 95.774415882487062, 27.699529932960104 ], [ 95.773716843957232, 27.694119031468176 ], [ 95.775593978179586, 27.690853383576837 ], [ 95.779807338837657, 27.688532209993525 ], [ 95.794161062782905, 27.68638291034307 ], [ 95.795524331582669, 27.678278802824536 ], [ 95.78648968115391, 27.677363191358268 ], [ 95.781449019756508, 27.673297330307605 ], [ 95.779456185954302, 27.666439793761526 ], [ 95.77882556334913, 27.66033778126365 ], [ 95.780187423810617, 27.654600090421866 ], [ 95.787182443315146, 27.649698339207021 ], [ 95.795777237129869, 27.6468218423542 ], [ 95.802373759841203, 27.643003739131302 ], [ 95.800503487446065, 27.636956578982961 ], [ 95.798250558016889, 27.633545139296814 ], [ 95.798319683506634, 27.629863866124595 ], [ 95.788246611092291, 27.626288873033104 ], [ 95.785925284624227, 27.621386679351815 ], [ 95.788002554874083, 27.617374718268707 ], [ 95.796924334990138, 27.612135654736733 ], [ 95.798867570282198, 27.601730906955822 ], [ 95.810422799172898, 27.599152356396189 ], [ 95.820033607465064, 27.598879315927718 ], [ 95.824987515761279, 27.596866813053055 ], [ 95.821045458980791, 27.589414505375146 ], [ 95.820586619476956, 27.584108129386721 ], [ 95.821991120393932, 27.57553151986383 ], [ 95.828477074157718, 27.575545239920928 ], [ 95.8326821988245, 27.572663385806663 ], [ 95.836998305227667, 27.564926096462216 ], [ 95.840615591636322, 27.560355834454242 ], [ 95.846720990081678, 27.56171054170818 ], [ 95.852786926275712, 27.559357212865109 ], [ 95.863012115416836, 27.546248606587994 ], [ 95.867669714186036, 27.544739121513317 ], [ 95.874263466086177, 27.544795339033726 ], [ 95.881986313217851, 27.546840765189188 ], [ 95.882066533643695, 27.539427167929489 ], [ 95.880514032196913, 27.523362822836077 ], [ 95.881379358970321, 27.516049896585514 ], [ 95.879043611873271, 27.513373491693358 ], [ 95.882359226996812, 27.508614823515359 ], [ 95.887648107574137, 27.504780193451211 ], [ 95.890165673307251, 27.499662459255148 ], [ 95.886575782946068, 27.497071236348518 ], [ 95.880977354821141, 27.494585246711836 ], [ 95.879575264087237, 27.492688065701714 ], [ 95.879679699658482, 27.486159207081812 ], [ 95.881769402136285, 27.480895431978638 ], [ 95.878903342815079, 27.469053898518666 ], [ 95.876721029052305, 27.464558672344879 ], [ 95.866544084042289, 27.462492857659299 ], [ 95.861647690988207, 27.459764387416612 ], [ 95.859926182647257, 27.456077783962598 ], [ 95.86424463807964, 27.445457597290329 ], [ 95.860003488370353, 27.442496616325855 ], [ 95.855618035244163, 27.440807599591096 ], [ 95.853360836733316, 27.438205825838224 ], [ 95.849894711971444, 27.428347363140347 ], [ 95.849767526250389, 27.423741610287152 ], [ 95.856155280341966, 27.421077254511715 ], [ 95.858025665152411, 27.418216150455009 ], [ 95.858351504818131, 27.414078080139348 ], [ 95.867700695830536, 27.410504103281767 ], [ 95.867050911370541, 27.412571561028756 ], [ 95.864604741016024, 27.414690835913404 ], [ 95.863635442721545, 27.418246674344573 ], [ 95.865307177184548, 27.42240093605443 ], [ 95.8761881591563, 27.428736831639526 ], [ 95.883010270507611, 27.437460802274245 ], [ 95.889069935729026, 27.437435789430197 ], [ 95.890758492910152, 27.433020985130383 ], [ 95.889802866109449, 27.424962056853474 ], [ 95.890387357090901, 27.419729496319235 ], [ 95.894720065878403, 27.41157950359127 ], [ 95.894597825529274, 27.407676032223151 ], [ 95.892213899951571, 27.403057804873868 ], [ 95.893381653440599, 27.399319574039168 ], [ 95.900424569938025, 27.404603993079888 ], [ 95.906479723260702, 27.41654413180629 ], [ 95.908326113259591, 27.425937036165351 ], [ 95.911552615460892, 27.433262231866536 ], [ 95.917212732581618, 27.436452790863655 ], [ 95.93363526415618, 27.439958550546748 ], [ 95.943356129681717, 27.439625173662876 ], [ 95.950237426316221, 27.43823818794209 ], [ 95.953425919570577, 27.436661994755298 ], [ 95.95385001646514, 27.433974142392799 ], [ 95.950830593956823, 27.43044778014098 ], [ 95.953291911592487, 27.426462243837534 ], [ 95.957602713794245, 27.42605251451198 ], [ 95.96134974719314, 27.421871605889976 ], [ 95.963897317906969, 27.428645219501334 ], [ 95.967338441515949, 27.42982623529258 ], [ 95.967746291258379, 27.424458050698547 ], [ 95.968293717581048, 27.417245625485293 ], [ 95.972066687427741, 27.423506549987337 ], [ 95.973597086236623, 27.429897914856952 ], [ 95.978084668172983, 27.428637634619179 ], [ 95.978112827744837, 27.425407551317505 ], [ 95.980522250001911, 27.423336243572805 ], [ 95.98120400356197, 27.419221053808656 ], [ 95.978342110799815, 27.418434826006489 ], [ 95.979783917393945, 27.41495458188848 ], [ 95.98973154517472, 27.41478909134355 ], [ 95.99147601050953, 27.41246177988728 ], [ 95.991184341484256, 27.407622607996984 ], [ 95.994827405160663, 27.405397829146523 ], [ 96.00124192307635, 27.396482140138687 ], [ 96.000258051268133, 27.390566610160988 ], [ 96.00223239410974, 27.38647687930461 ], [ 96.008533647809656, 27.380170830419559 ], [ 96.010719557961295, 27.374214277866656 ], [ 96.015095892861211, 27.368376662453045 ], [ 96.0210449927323, 27.364149356007999 ], [ 96.018497011028273, 27.360788606608935 ], [ 96.013311076744856, 27.356928872869219 ], [ 96.003274369316728, 27.357378068942751 ], [ 96.00223338426332, 27.357054028820414 ], [ 95.997086344759055, 27.356412890442584 ], [ 95.994993883161214, 27.35316706990443 ], [ 95.993786606266951, 27.344360769034324 ], [ 95.977456316355983, 27.335247928848901 ], [ 95.974314997039528, 27.332298147141842 ], [ 95.970138264869092, 27.329916023805481 ], [ 95.972380916845907, 27.327565536820146 ], [ 95.984295676704164, 27.327245968126988 ], [ 95.978116404348668, 27.325604164000993 ], [ 95.968809301608019, 27.324770318895162 ], [ 95.969122498604463, 27.32133526660931 ], [ 95.967929078464238, 27.317498064484141 ], [ 95.962690770362826, 27.317262874681944 ], [ 95.965652347577816, 27.314580643082252 ], [ 95.963286150335648, 27.309988597695678 ], [ 95.940669140668376, 27.302547459597633 ], [ 95.918826227848172, 27.292213028908236 ], [ 95.912386516324716, 27.286132936485899 ], [ 95.906519475993093, 27.284886934784254 ], [ 95.902476040436966, 27.280838747210453 ], [ 95.904602307550533, 27.279240848886104 ], [ 95.904350428129817, 27.272852411309771 ], [ 95.901204125669949, 27.269384031947595 ], [ 95.898136887107739, 27.257278350515492 ], [ 95.8940151853526, 27.25598960493636 ], [ 95.887706595882776, 27.256309053120333 ], [ 95.882491872501987, 27.259953431605652 ], [ 95.877659177529097, 27.260446872525222 ], [ 95.872448366199194, 27.25995643444196 ], [ 95.86553841536562, 27.269755082331244 ], [ 95.860956637538834, 27.27289047151811 ], [ 95.86075850610024, 27.276517461611604 ], [ 95.862036319520598, 27.283139486398227 ], [ 95.860610725904337, 27.287334096191614 ], [ 95.850377218933545, 27.28630040823731 ], [ 95.838090042621445, 27.280234316460565 ], [ 95.81036398710836, 27.274141330458065 ], [ 95.808674469451262, 27.278676312961522 ], [ 95.806669925576671, 27.28124984530416 ], [ 95.806474395876705, 27.284991915344676 ], [ 95.800942236095352, 27.281956005565235 ], [ 95.790977674979786, 27.278732231907043 ], [ 95.78486768099873, 27.272415514364525 ], [ 95.757199306203063, 27.267685582223919 ], [ 95.740142168026694, 27.263256156746309 ], [ 95.736603003925552, 27.260124454779827 ], [ 95.732096270926206, 27.25991517264714 ], [ 95.725682165799356, 27.252627958013875 ], [ 95.721307174486583, 27.250990348325956 ], [ 95.71570639733244, 27.25249429537547 ], [ 95.702115313770776, 27.249064098529402 ], [ 95.695665928240032, 27.251600079679974 ], [ 95.684671004863048, 27.250886401985895 ], [ 95.679647637428559, 27.249645164892513 ], [ 95.679454674393753, 27.247398938110564 ], [ 95.637260201697018, 27.23045517116924 ], [ 95.634405769710554, 27.233365635415794 ], [ 95.619406688667823, 27.230133537632696 ], [ 95.607628903651062, 27.224975720653049 ], [ 95.599457922545128, 27.223235823874234 ], [ 95.590372185228205, 27.223163005768129 ], [ 95.578210229618435, 27.235840673108612 ], [ 95.578640037208004, 27.240841888442446 ], [ 95.574820415929537, 27.244780679784583 ], [ 95.563606016604467, 27.246239519538221 ], [ 95.556516583573512, 27.248134864132737 ], [ 95.554554107286265, 27.253123421508747 ], [ 95.535241073716634, 27.264461508192085 ], [ 95.530146641854117, 27.262926767456406 ], [ 95.526364131099854, 27.260120361065844 ], [ 95.520894642373889, 27.257600602785658 ], [ 95.516619084603121, 27.26251192728364 ], [ 95.511347098689725, 27.2601666878424 ], [ 95.511053184956552, 27.252854633034929 ], [ 95.506692049498554, 27.248500683160046 ], [ 95.491439813796433, 27.24260975143892 ], [ 95.487664913105334, 27.239935770219688 ], [ 95.480957287249055, 27.22623869525961 ], [ 95.474925206932824, 27.22077284069411 ], [ 95.474299869643346, 27.21754760024163 ], [ 95.471081343529249, 27.217111297748261 ], [ 95.469818089233513, 27.212150569892913 ], [ 95.460114338705807, 27.207341939878688 ], [ 95.459297044722916, 27.20347912326298 ], [ 95.462420802078384, 27.19689795107962 ], [ 95.466176576887563, 27.191294727769503 ], [ 95.468986196555761, 27.184351269995148 ], [ 95.467460036251737, 27.1793931960392 ], [ 95.464007701694129, 27.175961071945949 ], [ 95.468309369481858, 27.166110513389526 ], [ 95.464139248227809, 27.160835040804557 ], [ 95.459011923661421, 27.157100914475677 ], [ 95.460184253800321, 27.154239212369816 ], [ 95.463604534721583, 27.153347348401439 ], [ 95.465349763580775, 27.151404653601958 ], [ 95.466130370620192, 27.148595310924918 ], [ 95.463964888568796, 27.144148553712853 ], [ 95.461319238691999, 27.133997741202847 ], [ 95.458052794900595, 27.129418970708969 ], [ 95.453670153055157, 27.129665938931964 ], [ 95.451017868879603, 27.132636469797319 ], [ 95.447411976881313, 27.13214095144383 ], [ 95.445834035412474, 27.128093796291694 ], [ 95.441260626676637, 27.126620803007711 ], [ 95.429474629050958, 27.127887063737035 ], [ 95.420544201953419, 27.124636723206265 ], [ 95.406584795651838, 27.112189955901783 ], [ 95.396426305629575, 27.108347134812448 ], [ 95.386403271493862, 27.105604525428532 ], [ 95.385736952998059, 27.098984757040967 ], [ 95.377260564823246, 27.096080629417543 ], [ 95.372947653711321, 27.095578959701299 ], [ 95.373940980092243, 27.101921642469847 ], [ 95.368598941488017, 27.101284858609404 ], [ 95.368075842726, 27.103638438363305 ], [ 95.368750724566326, 27.103740416087362 ], [ 95.370970711828932, 27.104075924364452 ], [ 95.371557766777585, 27.105326730244428 ], [ 95.369479100779927, 27.105964259642917 ], [ 95.366772725081262, 27.106794270039586 ], [ 95.348924931740271, 27.098732007975855 ], [ 95.335403022231731, 27.089907378922476 ], [ 95.323586714755152, 27.083573211834334 ], [ 95.31350281899995, 27.080762915875937 ], [ 95.309998759934899, 27.075150584232119 ], [ 95.29692406529341, 27.066898772060711 ], [ 95.288221928399309, 27.060360043381365 ], [ 95.278117648610646, 27.050818477490793 ], [ 95.279741965419419, 27.047955656628289 ], [ 95.277899783348403, 27.043803388715446 ], [ 95.271243372084029, 27.039121651243249 ], [ 95.266967198277655, 27.034480572120742 ], [ 95.262902356158861, 27.035061369586572 ], [ 95.260223374709028, 27.033024600305112 ], [ 95.261000906067011, 27.031307654224918 ], [ 95.252481177764196, 27.025979109948025 ], [ 95.24850128020995, 27.024323002104893 ], [ 95.243980301050101, 27.02824861747979 ], [ 95.238189691401203, 27.037331930224468 ], [ 95.235033749108311, 27.037703450054209 ], [ 95.231229963991723, 27.039843734001181 ], [ 95.232470225320696, 27.037041917750344 ], [ 95.229789117873565, 27.034302143029549 ], [ 95.226295023296757, 27.036398363793523 ], [ 95.222959898280749, 27.035034940310311 ], [ 95.220030890912938, 27.030927633103829 ], [ 95.214139320673155, 27.027634837377889 ], [ 95.208015353026155, 27.028945767433299 ], [ 95.204160381196687, 27.037192650420536 ], [ 95.201276791390853, 27.036529217849193 ], [ 95.198815405406719, 27.038630912786459 ], [ 95.195870232725099, 27.03715978649501 ], [ 95.15483084476773, 27.000281723522789 ], [ 95.149804263156284, 26.994073886900424 ], [ 95.14309860321805, 26.992558659654492 ], [ 95.137307244433828, 26.98783429701524 ], [ 95.126701895675978, 26.981180070204118 ], [ 95.117274496920572, 26.977961799497507 ], [ 95.113827461168455, 26.971864110040713 ], [ 95.113544873497176, 26.966593463217805 ], [ 95.110366458045689, 26.961181611142479 ], [ 95.087167488988484, 26.947048230091809 ], [ 95.065656527626686, 26.94252673831835 ], [ 95.054973127607809, 26.93523763331018 ], [ 95.038380724890601, 26.932870102373386 ], [ 95.028884708762348, 26.926907583718048 ], [ 95.021676956426461, 26.91980056084725 ], [ 95.01689651206442, 26.918765953785794 ], [ 95.006136346815026, 26.919307469763964 ], [ 94.99982778432485, 26.918733109645359 ], [ 94.993431146730074, 26.920621612197692 ], [ 94.991538733026175, 26.917377387956151 ], [ 94.992401683790717, 26.912847701560224 ], [ 94.989788749451293, 26.912298142945019 ], [ 94.986023382473206, 26.912723248878876 ], [ 94.980029207681866, 26.919116742443748 ], [ 94.974640567108565, 26.922109890359195 ], [ 94.971054969211536, 26.922878067868567 ], [ 94.968350061206422, 26.926021139963666 ], [ 94.967166480548713, 26.930724515124325 ], [ 94.964577148916362, 26.935187666077979 ], [ 94.95772029765368, 26.938116937846473 ], [ 94.947530112824495, 26.934786289655619 ], [ 94.941654955212073, 26.933867751795333 ], [ 94.9389794037765, 26.932574455646659 ], [ 94.934050790711467, 26.933155463553874 ], [ 94.92863945394771, 26.946748027399622 ], [ 94.924246615588913, 26.944980335274295 ], [ 94.918468627924881, 26.939794444158338 ], [ 94.914342720040565, 26.937229133417816 ], [ 94.909290583293853, 26.936942831546503 ], [ 94.901765527657062, 26.935024284443216 ], [ 94.894963132142891, 26.93201974481542 ], [ 94.886698975877096, 26.927161694356755 ], [ 94.882022757544291, 26.921416899770179 ], [ 94.870116336199999, 26.909725759935895 ], [ 94.869077143495417, 26.904596580967507 ], [ 94.865787458524437, 26.901627087919849 ], [ 94.859464260467291, 26.887985811396106 ], [ 94.853783522791389, 26.880038251564088 ], [ 94.851972118218725, 26.876045310242944 ], [ 94.846260454656317, 26.871497903605416 ], [ 94.839200962754262, 26.868718931033868 ], [ 94.836887756265014, 26.863174057536753 ], [ 94.832669631898057, 26.857426046075204 ], [ 94.826703466491836, 26.854029933534662 ], [ 94.821505993906555, 26.849192574677602 ], [ 94.822134498608307, 26.844025236575476 ], [ 94.821477856817694, 26.839585127151963 ], [ 94.817095137630531, 26.836191244030715 ], [ 94.815809140379599, 26.831524106152642 ], [ 94.815426466258486, 26.824723685549714 ], [ 94.813432346425714, 26.819467140995812 ], [ 94.809553671165077, 26.817985305577452 ], [ 94.807082890862773, 26.815944853572205 ], [ 94.797023542102863, 26.813249392945181 ], [ 94.801985843771718, 26.808522622820817 ], [ 94.805700203901324, 26.806899958066651 ], [ 94.802567197018561, 26.800757176602474 ], [ 94.795315251098032, 26.798443144535554 ], [ 94.791142553286249, 26.7961612569365 ], [ 94.785995023651481, 26.793296528611961 ], [ 94.773463182280125, 26.789700887985646 ], [ 94.769422355657241, 26.785857445464785 ], [ 94.768671559345023, 26.778134718842239 ], [ 94.762704430764927, 26.774681074871751 ], [ 94.760375357536759, 26.771373819845962 ], [ 94.75970328068189, 26.768890192728236 ], [ 94.756713332554341, 26.767018240399523 ], [ 94.754460538023466, 26.769065915759484 ], [ 94.751087748500879, 26.774436517731147 ], [ 94.746155718911382, 26.776917023302019 ], [ 94.742734316535518, 26.773425990017472 ], [ 94.74202741793107, 26.7683523864535 ], [ 94.738076174575838, 26.763630735270283 ], [ 94.73685743492274, 26.762192433334178 ], [ 94.732238109501225, 26.758800167194011 ], [ 94.720049197612411, 26.752847766811044 ], [ 94.711747556704438, 26.747633605506564 ], [ 94.697211873828962, 26.73451819495881 ], [ 94.691833284078882, 26.730599946830125 ], [ 94.68694900759067, 26.727430128897367 ], [ 94.665501476312159, 26.722643782284763 ], [ 94.658902878864808, 26.719684858069797 ], [ 94.653749870560148, 26.718531594457545 ], [ 94.646590406422206, 26.719424370338459 ], [ 94.640666162913135, 26.718897651805264 ], [ 94.632362614543069, 26.714590392033017 ], [ 94.628672219547354, 26.713572187706347 ], [ 94.623111555753781, 26.71448995214962 ], [ 94.621495528895593, 26.716134100808176 ], [ 94.620541885999273, 26.721714645914233 ], [ 94.61781891061429, 26.725533057604594 ], [ 94.612376114666006, 26.727650374665131 ], [ 94.610864667270619, 26.73086547526151 ], [ 94.610497529837176, 26.735115224288222 ], [ 94.604580616702151, 26.734299847659884 ], [ 94.600381154166996, 26.73275531060915 ], [ 94.595623327754424, 26.72492113460271 ], [ 94.59375658969492, 26.72115728388161 ], [ 94.600906341154769, 26.72026783369364 ], [ 94.603603982637765, 26.718804815689737 ], [ 94.605050019642761, 26.714847138584616 ], [ 94.60508362191166, 26.712204589570206 ], [ 94.604138567540929, 26.711155837971603 ], [ 94.598740223282732, 26.714941921732361 ], [ 94.596591940765506, 26.71319186531241 ], [ 94.595444281728305, 26.707368624662365 ], [ 94.595326652203312, 26.701550851890374 ], [ 94.592814089398757, 26.697717775854699 ], [ 94.589375249168484, 26.697442502369654 ], [ 94.585792134299595, 26.69832235409342 ], [ 94.583214349063041, 26.700596685588607 ], [ 94.571913215522557, 26.69125044615123 ], [ 94.575093950325595, 26.686044999277328 ], [ 94.571277269830205, 26.685078890878174 ], [ 94.566493411641716, 26.68496087644337 ], [ 94.563360070211104, 26.685678101962878 ], [ 94.562753421733078, 26.688891645832825 ], [ 94.565157224126665, 26.701059954253537 ], [ 94.563863964850157, 26.702428451711739 ], [ 94.561560172464056, 26.703202340815437 ], [ 94.555113332914061, 26.703530039379871 ], [ 94.550825712536664, 26.70526503215558 ], [ 94.545522414028255, 26.706003523943536 ], [ 94.541326696270062, 26.704743766211891 ], [ 94.52821479757489, 26.696404384354878 ], [ 94.523210548827819, 26.699513245340029 ], [ 94.520568694989322, 26.696592544110672 ], [ 94.520145045957179, 26.689740321658576 ], [ 94.515959105628269, 26.682433280571502 ], [ 94.510394560360737, 26.678568191368981 ], [ 94.507595973575405, 26.678125455125723 ], [ 94.503452579273187, 26.672834004285903 ], [ 94.498715570367324, 26.668864020857939 ], [ 94.493248750829252, 26.667406699159869 ], [ 94.486219906023905, 26.668876536722848 ], [ 94.46841318382144, 26.66501660333364 ], [ 94.465002431217272, 26.662730111205747 ], [ 94.462311579615744, 26.658375589362038 ], [ 94.459033628998839, 26.650557919512437 ], [ 94.461868004305018, 26.643288502462497 ], [ 94.462115600254833, 26.639031713542806 ], [ 94.464895512617886, 26.635552714086543 ], [ 94.465234615485201, 26.63388967966506 ], [ 94.462923212136616, 26.630641639600015 ], [ 94.457237625316225, 26.631833471537504 ], [ 94.45496518869254, 26.634220811841033 ], [ 94.434936878434257, 26.620597709716606 ], [ 94.410325822678658, 26.61169832991402 ], [ 94.408311735198481, 26.609596175423235 ], [ 94.409016762313797, 26.605052316611193 ], [ 94.406437581329385, 26.597187670674487 ], [ 94.415228136869075, 26.578488549407098 ], [ 94.412233059907862, 26.568600609630494 ], [ 94.40967411097148, 26.56419601893117 ], [ 94.408121836153896, 26.556629255435837 ], [ 94.410937060397089, 26.555805489931458 ], [ 94.412303424663378, 26.55363628828411 ], [ 94.409321775479611, 26.552326041713513 ], [ 94.40645202713938, 26.552581637132903 ], [ 94.405142946989486, 26.550432840203484 ], [ 94.407984819943522, 26.547591326978193 ], [ 94.408273121007767, 26.544892972332832 ], [ 94.407084079666618, 26.54343571628533 ], [ 94.403026097576401, 26.542058307444961 ], [ 94.401665480877284, 26.539276330238522 ], [ 94.40280983040941, 26.533989076534681 ], [ 94.399241598421099, 26.529737449723598 ], [ 94.399778588111417, 26.527506136399154 ], [ 94.396879597415534, 26.524930731668007 ], [ 94.394425244129764, 26.527833480630704 ], [ 94.391744067434843, 26.528025235875987 ], [ 94.378608530059694, 26.520481022880972 ], [ 94.377230232689158, 26.51839389156487 ], [ 94.378388688087568, 26.51236583931211 ], [ 94.377939592738073, 26.50833023415305 ], [ 94.369569803903403, 26.505213652488123 ], [ 94.364789530412565, 26.505556674600882 ], [ 94.359071718185305, 26.504386441680992 ], [ 94.354927648492264, 26.505535003637533 ], [ 94.351440305126062, 26.503872748928245 ], [ 94.354042979100257, 26.500055639456264 ], [ 94.355850596627818, 26.498692208778436 ], [ 94.353884908861517, 26.497398421599939 ], [ 94.352141531706366, 26.494443288027355 ], [ 94.352386321771405, 26.490990948973149 ], [ 94.349939387892505, 26.488081978500531 ], [ 94.343735066720001, 26.485287318155258 ], [ 94.337256367787177, 26.480072392427019 ], [ 94.332916525577275, 26.480304685512863 ], [ 94.329632106136842, 26.479108694210936 ], [ 94.324212089116656, 26.474660427936442 ], [ 94.325081812675592, 26.467471312251291 ], [ 94.324593455623528, 26.465972241325915 ], [ 94.316799848034634, 26.458200874870556 ], [ 94.31378499947823, 26.460284915216732 ], [ 94.31129152388479, 26.461350343843321 ], [ 94.303632900038338, 26.462565773092024 ], [ 94.294278574796465, 26.476079017632628 ], [ 94.292803591312747, 26.485380109304629 ], [ 94.290621541051337, 26.491339269891455 ], [ 94.28763434215125, 26.503898549578423 ], [ 94.287485063684812, 26.510346233591861 ], [ 94.289216786525515, 26.513709733117764 ], [ 94.289504260213505, 26.520565733621766 ], [ 94.286070800626987, 26.529504766331968 ], [ 94.285401052116924, 26.535713365579397 ], [ 94.286085620555014, 26.541992084067488 ], [ 94.285318524030743, 26.550793171567648 ], [ 94.285793636766982, 26.553675406095181 ], [ 94.289394413421519, 26.555337950386161 ], [ 94.290287375462071, 26.559549989040818 ], [ 94.282776482348822, 26.558989295020012 ], [ 94.277240294504054, 26.554300601291743 ], [ 94.263059800669339, 26.539415413990241 ], [ 94.253801522122615, 26.528003659341437 ], [ 94.252524962357199, 26.52320250269338 ], [ 94.245299626476651, 26.512394976447069 ], [ 94.24035044591642, 26.506911968212819 ], [ 94.229387618443923, 26.498751128761626 ], [ 94.224082631908004, 26.496073346108062 ], [ 94.21194627999688, 26.485360695639656 ], [ 94.209818775416238, 26.479231582071918 ], [ 94.20154639844759, 26.465402296878551 ], [ 94.186993471971221, 26.456035588871373 ], [ 94.176157161124138, 26.427319426550355 ], [ 94.176914080920142, 26.423585289429639 ], [ 94.174409612913337, 26.416403689378797 ], [ 94.177204016951862, 26.408911387050921 ], [ 94.177286361576364, 26.395041909356678 ], [ 94.179421558058493, 26.384193446870142 ], [ 94.174360305783523, 26.3732874592489 ], [ 94.175809282672333, 26.369915472820878 ], [ 94.175921781565023, 26.367210421823586 ], [ 94.173888945918179, 26.363036375928061 ], [ 94.164777760485322, 26.355585960423809 ], [ 94.167954532875456, 26.348765841970078 ], [ 94.169659444228046, 26.349512232503571 ], [ 94.175621926011161, 26.350569405353838 ], [ 94.18027928466131, 26.349549466234919 ], [ 94.179562060940441, 26.346263455893848 ], [ 94.175778584314287, 26.339650848807651 ], [ 94.172418940182013, 26.339840827891919 ], [ 94.16479839722831, 26.334783349172255 ], [ 94.154811780239527, 26.335441098028298 ], [ 94.149603017565255, 26.334555106632934 ], [ 94.146988441063741, 26.330900433608178 ], [ 94.142528748902691, 26.331527111786841 ], [ 94.144127339704994, 26.335685438432279 ], [ 94.142948520058212, 26.337622876694468 ], [ 94.139072263973844, 26.33704550294766 ], [ 94.135956873011366, 26.333727302273246 ], [ 94.124281018054603, 26.331430128897409 ], [ 94.119675229228505, 26.329231261313737 ], [ 94.119665679327682, 26.326019654583433 ], [ 94.129000273443921, 26.318748542311425 ], [ 94.118705757364864, 26.318244032536143 ], [ 94.111594911476061, 26.321587580602397 ], [ 94.108351511912815, 26.321941354110265 ], [ 94.104792961126293, 26.317581080202729 ], [ 94.10297118377315, 26.304225710748028 ], [ 94.098356555510691, 26.298481745336346 ], [ 94.090571591305945, 26.292677759171283 ], [ 94.087502057673873, 26.285971022744548 ], [ 94.084736021850006, 26.284154876946047 ], [ 94.080345590077002, 26.284376105672777 ], [ 94.077103506221874, 26.280767861047991 ], [ 94.078088688342348, 26.27090715454159 ], [ 94.076275843055782, 26.264793753029323 ], [ 94.070709874161423, 26.255585015436168 ], [ 94.064896359679324, 26.257339662895163 ], [ 94.053114352345517, 26.251372568489273 ], [ 94.049399203510518, 26.245795726791414 ], [ 94.044475439589917, 26.235557502876532 ], [ 94.042032900697848, 26.229477412252834 ], [ 94.038426899881586, 26.225106189099392 ], [ 94.040691297465457, 26.219086940310092 ], [ 94.036784894307459, 26.213295967335057 ], [ 94.037036898733959, 26.205303999879732 ], [ 94.035932702132584, 26.198761003017921 ], [ 94.031295348001947, 26.194967945914016 ], [ 94.026815860863337, 26.192736820547907 ], [ 94.022144326199736, 26.187055975852672 ], [ 94.013210380954376, 26.181883662700898 ], [ 94.008973024585487, 26.176135615266503 ], [ 94.004999809893377, 26.16887991737434 ], [ 94.004087453972886, 26.164981988527984 ], [ 94.004530325114445, 26.159672419046956 ], [ 93.999834179603738, 26.153840637535438 ], [ 94.003076654663914, 26.146933930556486 ], [ 94.006514723275927, 26.142820057399774 ], [ 94.005372250628909, 26.137440452315047 ], [ 94.003240709890918, 26.134604471719058 ], [ 93.999812092254331, 26.132079339090296 ], [ 93.996400101283712, 26.132996501887078 ], [ 93.993351486781762, 26.1329841380076 ], [ 93.990899641705141, 26.12946954518344 ], [ 93.993388278046666, 26.128399778227219 ], [ 93.998460108147526, 26.126561331040648 ], [ 93.998460651338064, 26.124943331069915 ], [ 93.996738151044894, 26.123720753110319 ], [ 93.996602840848482, 26.117949942036262 ], [ 93.992935320108984, 26.115852962244446 ], [ 93.991371457526782, 26.113700803649238 ], [ 93.995082184395358, 26.111272908418016 ], [ 93.999959016295634, 26.111476597666922 ], [ 94.00224441664659, 26.110424964640458 ], [ 94.002269329665864, 26.106941787833307 ], [ 93.999674565229043, 26.104031864079332 ], [ 93.994226028008825, 26.101660661210587 ], [ 93.992273967669519, 26.093390515459987 ], [ 93.992577045494329, 26.088342919390243 ], [ 93.991067311307404, 26.085053219130828 ], [ 93.986507784506728, 26.083863870221478 ], [ 93.986094220471955, 26.079139599313123 ], [ 93.989451689144175, 26.069665884572942 ], [ 93.991171990594921, 26.068184354924085 ], [ 93.980864793175726, 26.054179619194144 ], [ 93.974538651637545, 26.047721581285998 ], [ 93.972665113803998, 26.040516477453536 ], [ 93.965921190410654, 26.037969659472253 ], [ 93.963149595877212, 26.028922006645359 ], [ 93.962679384446119, 26.017721325578748 ], [ 93.958377286782422, 26.007451721619702 ], [ 93.954893590167103, 26.002896618584145 ], [ 93.955980548563502, 26.000126954895109 ], [ 93.958971132511806, 25.998013790903769 ], [ 93.960580450427528, 25.992552754006454 ], [ 93.958006932474007, 25.9771071676617 ], [ 93.955962795047014, 25.969727432574985 ], [ 93.969132353775137, 25.956334170185869 ], [ 93.970757590590381, 25.948749299740427 ], [ 93.970987664149447, 25.940337440620453 ], [ 93.982528961642345, 25.921716486626622 ], [ 93.979225932530824, 25.915120472032186 ], [ 93.971835284171107, 25.913002280830653 ], [ 93.969020211913289, 25.906884574263756 ], [ 93.968084702047406, 25.90626710784079 ], [ 93.959693656836862, 25.900728219331882 ], [ 93.948203693545679, 25.896693630406787 ], [ 93.940046321880288, 25.896469164120674 ], [ 93.934477156795424, 25.886941177093718 ], [ 93.923724376778637, 25.885321466612425 ], [ 93.915769547726484, 25.883205235932962 ], [ 93.913714660703079, 25.877323669751604 ], [ 93.901706375848619, 25.866600924393197 ], [ 93.898467415338985, 25.859322676000772 ], [ 93.893269007458798, 25.860384401219164 ], [ 93.891475484106365, 25.854215726474649 ], [ 93.888409134973642, 25.848040671040167 ], [ 93.882569550044764, 25.841498719190611 ], [ 93.873496112755447, 25.84651257989168 ], [ 93.868602993233594, 25.851022924568383 ], [ 93.85161488791681, 25.858628551366621 ], [ 93.842252462481213, 25.858289444002708 ], [ 93.832680802577045, 25.851944547103244 ], [ 93.824204831687666, 25.842792451510491 ], [ 93.821267635992683, 25.828093669387385 ], [ 93.818727330901652, 25.821926120594014 ], [ 93.811493019787065, 25.816980808017945 ], [ 93.807474667222152, 25.812058819359095 ], [ 93.795670825248465, 25.810085205867608 ], [ 93.791237118997913, 25.811778393658017 ], [ 93.790626294068261, 25.816552880910763 ], [ 93.788695215811629, 25.821777441975428 ], [ 93.787292142118702, 25.823723590171596 ], [ 93.784456637264043, 25.831538715839088 ], [ 93.782542382624911, 25.834001730495515 ], [ 93.781047911731775, 25.840430888474771 ], [ 93.779772580440294, 25.842097444641411 ], [ 93.783780257153182, 25.845745065182655 ], [ 93.782955147162397, 25.847182113463816 ], [ 93.783567764440818, 25.849721163101265 ], [ 93.781449482407766, 25.855063787164113 ], [ 93.785270166684882, 25.859056205079867 ], [ 93.785761277461063, 25.862687765527994 ], [ 93.79180870111071, 25.865488397371678 ], [ 93.790647393062784, 25.869571857255437 ], [ 93.788282811003, 25.871515490047898 ], [ 93.787451019948662, 25.874728299171693 ], [ 93.791480596952056, 25.885862788337079 ], [ 93.791878926471327, 25.89070914491117 ], [ 93.795152559443125, 25.893839228997251 ], [ 93.795762400514434, 25.897007154756466 ], [ 93.79813407462791, 25.902089533904928 ], [ 93.79835532763633, 25.905490744702149 ], [ 93.796339522451035, 25.913990854294525 ], [ 93.792318140070165, 25.918337435124556 ], [ 93.793687677144646, 25.921863163354374 ], [ 93.793279069273694, 25.926808787995242 ], [ 93.788704509405648, 25.928795917397736 ], [ 93.7933629850138, 25.932570473648468 ], [ 93.791509464290414, 25.935887684169359 ], [ 93.790778775020499, 25.940034364594283 ], [ 93.789500229552004, 25.941867523767257 ], [ 93.786709505539307, 25.943289342928892 ], [ 93.789298339846539, 25.944857794751499 ], [ 93.789527661572379, 25.948429195950666 ], [ 93.78672622663413, 25.950083132830343 ], [ 93.785307791621335, 25.954161320888318 ], [ 93.780415450013095, 25.956481367621052 ], [ 93.778942985530421, 25.959122007374788 ], [ 93.773164660620637, 25.961904000769096 ], [ 93.769676013237472, 25.953878834840395 ], [ 93.77040113030796, 25.949390757377614 ], [ 93.768553644934798, 25.950932027191357 ], [ 93.762928667923745, 25.950834136885987 ], [ 93.7589898963667, 25.944591309441421 ], [ 93.749544703625247, 25.937966801626658 ], [ 93.752156830373508, 25.93550750386828 ], [ 93.751991028663099, 25.932277166058441 ], [ 93.750203207911795, 25.933188931124334 ], [ 93.736582887390398, 25.926470994540807 ], [ 93.729078160029133, 25.924342494410666 ], [ 93.716657933516899, 25.917687951937467 ], [ 93.712671917874786, 25.918645461019253 ], [ 93.70521867849925, 25.917269429940291 ], [ 93.69784415678248, 25.91306641868033 ], [ 93.687842855663291, 25.905447540371767 ], [ 93.685992705598949, 25.900941929726343 ], [ 93.691038951786254, 25.88526138110791 ], [ 93.706493793953484, 25.849223572709775 ], [ 93.705526100049553, 25.844561523195807 ], [ 93.702438089846055, 25.842929532471999 ], [ 93.70367548593498, 25.845640174554489 ], [ 93.70364565452337, 25.849438041232645 ], [ 93.697914454088846, 25.847267363797869 ], [ 93.693839492798418, 25.843207659505936 ], [ 93.690614276627628, 25.843524541024806 ], [ 93.692093457247324, 25.840088835831182 ], [ 93.682576539076081, 25.836675261154426 ], [ 93.682927440149285, 25.831725809898273 ], [ 93.678110306145754, 25.824841997859949 ], [ 93.6726172452897, 25.82411025098736 ], [ 93.669577606921109, 25.824770938827839 ], [ 93.668666597285721, 25.820621465108559 ], [ 93.660888351016638, 25.820391066894274 ], [ 93.656825474815889, 25.822366585149837 ], [ 93.652430827920455, 25.818828643227334 ], [ 93.648573186003773, 25.820004662385315 ], [ 93.644432927637581, 25.815598203794138 ], [ 93.641091035223155, 25.813964391043839 ], [ 93.640373319573087, 25.809464954244277 ], [ 93.636203143460364, 25.809725167682416 ], [ 93.634140713822944, 25.806018798928505 ], [ 93.633424015306105, 25.801288130243051 ], [ 93.629075062963864, 25.800449799318812 ], [ 93.629872342534611, 25.796025321911145 ], [ 93.627598824925883, 25.794681011719376 ], [ 93.627024920763517, 25.787658833588353 ], [ 93.623881177774194, 25.786483420573461 ], [ 93.621199894059941, 25.781282630389114 ], [ 93.623622947341232, 25.779974292179872 ], [ 93.622392461642846, 25.775875736276248 ], [ 93.61148422751512, 25.772561899112418 ], [ 93.608129860604663, 25.772944037237608 ], [ 93.605767766968938, 25.768713494132498 ], [ 93.605622206299813, 25.763535046705101 ], [ 93.602808378703799, 25.766915975092218 ], [ 93.598414891034452, 25.764453662806318 ], [ 93.593768349429865, 25.760386246827863 ], [ 93.592746700699763, 25.762338673191266 ], [ 93.588301047855111, 25.764258237427782 ], [ 93.587186342675636, 25.761660914419735 ], [ 93.587243508081485, 25.75555407615974 ], [ 93.583846489024324, 25.753859283079521 ], [ 93.57332713613846, 25.756934292683525 ], [ 93.573909705268761, 25.755792373119561 ], [ 93.573497252796017, 25.752740593004035 ], [ 93.569335670604801, 25.751149444091595 ], [ 93.57012992485619, 25.747876469423602 ], [ 93.565543975074434, 25.737470034514558 ], [ 93.562012826630678, 25.737094736632855 ], [ 93.556371519729908, 25.738087204161218 ], [ 93.556980463277796, 25.733887532983317 ], [ 93.549955178888467, 25.728593868012638 ], [ 93.546779380464102, 25.730641762807181 ], [ 93.544892860017512, 25.723133091019406 ], [ 93.54556741450466, 25.720455024180069 ], [ 93.546266703045944, 25.717678628166198 ], [ 93.549826766492117, 25.715121000333966 ], [ 93.548857180414586, 25.710855815343677 ], [ 93.545988333195055, 25.706340573858427 ], [ 93.54445099162001, 25.702060275761141 ], [ 93.543888276822599, 25.699279761751654 ], [ 93.543600680826842, 25.697858620678858 ], [ 93.538030691063625, 25.699362057812777 ], [ 93.530609470250909, 25.688878661621004 ], [ 93.528585879634704, 25.689952068133493 ], [ 93.526004452143809, 25.695858477187016 ], [ 93.522775827542489, 25.689386506082428 ], [ 93.51689521014589, 25.684264402080544 ], [ 93.519431409831782, 25.682157277936085 ], [ 93.520335683544999, 25.679864126328425 ], [ 93.510229514280695, 25.667224105508126 ], [ 93.508318158156555, 25.663008465968005 ], [ 93.502108935678905, 25.658233478692125 ], [ 93.499955830996839, 25.6527444575907 ], [ 93.493961228128228, 25.651477528665055 ], [ 93.490237935932043, 25.652199212124003 ], [ 93.490760137170639, 25.649666818369042 ], [ 93.487253488957435, 25.6467038346143 ], [ 93.483641528333919, 25.647993513689755 ], [ 93.483389416888144, 25.642001412735056 ], [ 93.475981648134621, 25.644240587932813 ], [ 93.474820110759538, 25.640541812154936 ], [ 93.468569316221021, 25.64002664451408 ], [ 93.465606761442928, 25.640464351748506 ], [ 93.460763901432983, 25.637829597158259 ], [ 93.457185401884828, 25.636878448081973 ], [ 93.45864808624026, 25.634698973478919 ], [ 93.461259979164765, 25.632826465369135 ], [ 93.461986124160376, 25.629661636875085 ], [ 93.459394556813379, 25.629410648682551 ], [ 93.452038434326369, 25.633775220450104 ], [ 93.449973763578384, 25.631222502016897 ], [ 93.446850262529665, 25.635108404229527 ], [ 93.444458617171506, 25.634335945047894 ], [ 93.441591234947566, 25.631085457927611 ], [ 93.439252904997602, 25.630719695557559 ], [ 93.439151992070833, 25.628652959066869 ], [ 93.434241629847406, 25.626189688103693 ], [ 93.431096670075306, 25.625523968556365 ], [ 93.427603689758541, 25.627795807130838 ], [ 93.422523802631417, 25.618593489797775 ], [ 93.41837050139759, 25.617404683179643 ], [ 93.414943714780691, 25.612995751452843 ], [ 93.416852809109912, 25.611226411769564 ], [ 93.412322562436373, 25.610037767029382 ], [ 93.409120528989263, 25.608049934357041 ], [ 93.407699583069359, 25.605787719427781 ], [ 93.4072829181722, 25.602846868887923 ], [ 93.409707128880939, 25.600450617202284 ], [ 93.409303275725676, 25.596759815712971 ], [ 93.406886358518705, 25.592831850409596 ], [ 93.400260823678138, 25.592651676633636 ], [ 93.3901223093971, 25.591106182704209 ], [ 93.390677652451757, 25.58547883328157 ], [ 93.382463330318501, 25.581136349762801 ], [ 93.383171179506405, 25.579189244687939 ], [ 93.385087921670333, 25.577590637697824 ], [ 93.384803932855277, 25.574305481712656 ], [ 93.382745446745048, 25.572564986884686 ], [ 93.376545745389876, 25.573710740258491 ], [ 93.376899591742813, 25.570139349851161 ], [ 93.376044832003458, 25.567435062378252 ], [ 93.37347838092262, 25.565562699059342 ], [ 93.369492332904883, 25.566674148693039 ], [ 93.365215389278831, 25.566178892941593 ], [ 93.366031346869249, 25.55967394189895 ], [ 93.364229350104495, 25.557069866780978 ], [ 93.36076794228677, 25.556864707140562 ], [ 93.354464943902087, 25.561637893074362 ], [ 93.348378313408489, 25.55967574324103 ], [ 93.345553756900415, 25.55757092675691 ], [ 93.341331503745948, 25.551315468334224 ], [ 93.333454877940312, 25.545485444098006 ], [ 93.331832750081389, 25.543276943875924 ], [ 93.335823520439192, 25.541874767706418 ], [ 93.340454790656111, 25.533742432267502 ], [ 93.34462745159567, 25.532523083773356 ], [ 93.349264208576415, 25.534762834537219 ], [ 93.352371957999537, 25.53398179942053 ], [ 93.350202962296919, 25.530105629671141 ], [ 93.354206076749108, 25.52761091750989 ], [ 93.357585765870454, 25.524078971367487 ], [ 93.36005604435104, 25.516733162305627 ], [ 93.364703738886476, 25.512569205004866 ], [ 93.366816991011376, 25.509257215947798 ], [ 93.365018334328738, 25.50653264696416 ], [ 93.36687224715655, 25.504246133252479 ], [ 93.371125656423942, 25.50152587831667 ], [ 93.371794133292667, 25.497506472645625 ], [ 93.382990945475797, 25.493922278590333 ], [ 93.386311456508565, 25.489696634991788 ], [ 93.387035976429217, 25.486652306658698 ], [ 93.39042962662603, 25.481962432120611 ], [ 93.391226445743939, 25.477765367177994 ], [ 93.390946104579143, 25.474368754614375 ], [ 93.391810207375215, 25.470521743583674 ], [ 93.39034515690355, 25.465494091778965 ], [ 93.395812242640943, 25.460430418529029 ], [ 93.402798072872827, 25.455479973522017 ], [ 93.416981181036761, 25.449054574708896 ], [ 93.421881581469847, 25.451056604079042 ], [ 93.427352525298886, 25.45151112593777 ], [ 93.43479520393555, 25.45100835095468 ], [ 93.443408075922036, 25.446825328026534 ], [ 93.456667929281593, 25.438141585865537 ], [ 93.461649521408333, 25.430875156363413 ], [ 93.464904992571405, 25.419560979055973 ], [ 93.465163423553236, 25.412025766476006 ], [ 93.463011385467098, 25.407118352230214 ], [ 93.466930964592393, 25.399208886780741 ], [ 93.473641093261904, 25.389243790568514 ], [ 93.476987299724158, 25.382132808882091 ], [ 93.477916282310616, 25.375990663238554 ], [ 93.465941613214909, 25.35786110420662 ], [ 93.462007044189818, 25.35500440323068 ], [ 93.453421248991503, 25.344272071998603 ], [ 93.451562598535133, 25.340346795668154 ], [ 93.457580755547497, 25.337058194380234 ], [ 93.461590596029225, 25.332723693243906 ], [ 93.45761985177478, 25.326185225367908 ], [ 93.456346275060582, 25.321390670642984 ], [ 93.46276002585455, 25.31597750016158 ], [ 93.467604537019838, 25.309919431236835 ], [ 93.473625396494924, 25.305372170289502 ], [ 93.465202885804615, 25.295153250322301 ], [ 93.459581218298638, 25.290843857358198 ], [ 93.451579898793341, 25.290879486698998 ], [ 93.444438339257999, 25.288454208494954 ], [ 93.438264336030329, 25.28270341273236 ], [ 93.42605413988673, 25.277236682227169 ], [ 93.422937327096008, 25.274095421366667 ], [ 93.422932424891542, 25.268339667641612 ], [ 93.4203395067629, 25.26243889823661 ], [ 93.41169256845734, 25.259648314518131 ], [ 93.405963032667898, 25.260284346545404 ], [ 93.403199533831469, 25.259289729637374 ], [ 93.39421480476949, 25.246531774421896 ], [ 93.388342653590655, 25.242163175490191 ], [ 93.3867372423299, 25.238631390326475 ], [ 93.387227827002675, 25.22827405120654 ], [ 93.385120334136161, 25.224799588830024 ], [ 93.384401782116583, 25.221967607519105 ], [ 93.381584260105569, 25.220108122491922 ], [ 93.379106993892719, 25.217030896958363 ], [ 93.377706962606283, 25.212348460712917 ], [ 93.369177661020274, 25.204323489937167 ], [ 93.37015764595867, 25.19984633833792 ], [ 93.368126152100274, 25.196311993703603 ], [ 93.361818830674565, 25.191880846923596 ], [ 93.360406162114771, 25.188235024127096 ], [ 93.352663313161429, 25.17808145609439 ], [ 93.348732899004119, 25.163020734619238 ], [ 93.346937625571002, 25.16017997232791 ], [ 93.3483999780766, 25.153458162364359 ], [ 93.348122247643687, 25.149776446725696 ], [ 93.350544262208018, 25.140814655771806 ], [ 93.346407306152344, 25.133980682362676 ], [ 93.348444970259209, 25.131069616469688 ], [ 93.345614721941899, 25.126143035872474 ], [ 93.346577135926168, 25.123734140618126 ], [ 93.348740008144944, 25.121683777184614 ], [ 93.345969664568429, 25.121368607075624 ], [ 93.343880956740804, 25.117607689043666 ], [ 93.343868429184738, 25.112425780125704 ], [ 93.339993178542443, 25.110717281377504 ], [ 93.338695288656709, 25.102703605187287 ], [ 93.335288250252631, 25.092137422803887 ], [ 93.329020981932842, 25.090806538590925 ], [ 93.32314219825389, 25.087987726052745 ], [ 93.32185955817215, 25.084690948128809 ], [ 93.312236972358448, 25.074286510614002 ], [ 93.310287877983228, 25.068971227740008 ], [ 93.308304541021812, 25.066936929795531 ], [ 93.305595367532248, 25.06075323187622 ], [ 93.308432853593388, 25.054846876781994 ], [ 93.303740245116273, 25.052382827005886 ], [ 93.304085754753828, 25.044331149962659 ], [ 93.301944735161442, 25.044534331993873 ], [ 93.301912561915287, 25.048277565757132 ], [ 93.299576374150433, 25.048948343990958 ], [ 93.298841831285529, 25.046813212259963 ], [ 93.296485872824803, 25.044020296599456 ], [ 93.291406975851316, 25.043450219052431 ], [ 93.286383749610422, 25.04317106769065 ], [ 93.284014649356664, 25.04792468527603 ], [ 93.267704131940206, 25.046087774131536 ], [ 93.26733982197527, 25.045217533462449 ], [ 93.268992102303741, 25.042992531580126 ], [ 93.267891715230519, 25.040505020290482 ], [ 93.262451932011118, 25.038261282831968 ], [ 93.263431810829445, 25.035326658298686 ], [ 93.263340590795679, 25.032340795791129 ], [ 93.259374299084698, 25.02849308508786 ], [ 93.25514149598331, 25.025107401985053 ], [ 93.257886704407952, 25.021627990639331 ], [ 93.257299395850509, 25.018162359605242 ], [ 93.253352139189928, 25.017775876855296 ], [ 93.248355242400578, 25.015239320138562 ], [ 93.251223123748218, 25.012454595503243 ], [ 93.248679894061922, 25.009600866786627 ], [ 93.246202006417548, 25.000610776865926 ], [ 93.246445877375379, 25.000074335762008 ], [ 93.246972791061523, 24.999723895141699 ], [ 93.247571206246221, 24.999476009610191 ], [ 93.248195359128601, 24.999329877871617 ], [ 93.248862710945389, 24.999307180781841 ], [ 93.249510580748733, 24.999390198099206 ], [ 93.250135322687072, 24.99959310853518 ], [ 93.250700141898108, 24.999902900698373 ], [ 93.251315765610173, 25.000605904339068 ], [ 93.252968243789496, 25.002796420818242 ], [ 93.254713060759229, 25.000635171875729 ], [ 93.254816321815838, 25.000064520561239 ], [ 93.255320026697916, 24.999686009401842 ], [ 93.255958305231673, 24.99952942754112 ], [ 93.256601154120006, 24.999612847754747 ], [ 93.257165944552753, 24.999922582361364 ], [ 93.257481628174673, 25.000619012857214 ], [ 93.259388206200811, 25.002861589290944 ], [ 93.261947871896837, 25.002444906407334 ], [ 93.262802637931429, 25.000656045140431 ], [ 93.260910681982466, 24.997330362106595 ], [ 93.256596099930107, 24.99735933016899 ], [ 93.255174719637637, 24.998625861594292 ], [ 93.255119886173873, 24.996136191032463 ], [ 93.256543136156893, 24.994887978797237 ], [ 93.256436752654054, 24.992439740002055 ], [ 93.254744071182017, 24.988830966575904 ], [ 93.251500483660436, 24.985235376311607 ], [ 93.252743806281671, 24.982788958643596 ], [ 93.252497442403126, 24.979085870616473 ], [ 93.250999483939097, 24.977846126397651 ], [ 93.25380922681444, 24.975341286071568 ], [ 93.252354460090316, 24.971577981238909 ], [ 93.25236723675863, 24.969054747078985 ], [ 93.258165284700169, 24.969057699553218 ], [ 93.26269879591274, 24.962777186018343 ], [ 93.262769761415427, 24.960278952111992 ], [ 93.260029680925072, 24.955271571026231 ], [ 93.260262134989603, 24.950267304292709 ], [ 93.26182431673891, 24.947770187344304 ], [ 93.261823962406027, 24.947770187344304 ], [ 93.261824016365324, 24.947770100110063 ], [ 93.258927861231882, 24.947767302319221 ], [ 93.252985730207342, 24.951508143885803 ], [ 93.248690157125111, 24.951507645661366 ], [ 93.248812570144082, 24.949014341838449 ], [ 93.250359886999263, 24.946518635926338 ], [ 93.250534439113153, 24.942765439473476 ], [ 93.253550468479375, 24.939026767071709 ], [ 93.253550135730222, 24.939026767071709 ], [ 93.253550209474668, 24.939026676240189 ], [ 93.24926496060948, 24.939025322760472 ], [ 93.246366281978396, 24.940270932357691 ], [ 93.243521801889699, 24.940275014380461 ], [ 93.240768898865667, 24.937779236522601 ], [ 93.239425586921357, 24.9352823354115 ], [ 93.239467855956832, 24.934023403257527 ], [ 93.240883426628898, 24.934031213869503 ], [ 93.244990248201475, 24.935851658427339 ], [ 93.246500750409382, 24.936521190200835 ], [ 93.246501015709384, 24.936521314307242 ], [ 93.247931778628754, 24.936527761546984 ], [ 93.246620214551342, 24.932770563111035 ], [ 93.242471811025325, 24.927763817845971 ], [ 93.243924565066663, 24.926513095602957 ], [ 93.249634074752805, 24.926512261931407 ], [ 93.252095282671235, 24.917387904128532 ], [ 93.252676014486553, 24.91523478595667 ], [ 93.249857799997528, 24.911468495374834 ], [ 93.249857676790384, 24.911468496274153 ], [ 93.249857577864987, 24.911468363174492 ], [ 93.241268664717154, 24.911467073546646 ], [ 93.239826177336283, 24.912716847904278 ], [ 93.238408995978432, 24.911463400715434 ], [ 93.241289906703912, 24.907697145207123 ], [ 93.242750382324346, 24.903923552130266 ], [ 93.242766328203516, 24.900153836030768 ], [ 93.241341086222235, 24.897645540509359 ], [ 93.241340880277448, 24.897645586374779 ], [ 93.24134078315069, 24.897645414604256 ], [ 93.235609574622231, 24.898894012648611 ], [ 93.232767199846478, 24.895129665501713 ], [ 93.232767430972217, 24.891352107313935 ], [ 93.232767127001352, 24.891352107313935 ], [ 93.232767127001352, 24.891351981408889 ], [ 93.229903003021207, 24.891348447073199 ], [ 93.234204954095389, 24.8863252271276 ], [ 93.232777835228944, 24.881292446489283 ], [ 93.232777651767265, 24.881292446489283 ], [ 93.232777613995722, 24.881292314288942 ], [ 93.228484362963059, 24.88129132953128 ], [ 93.22562647218399, 24.877518934351372 ], [ 93.228486006923731, 24.873745424911476 ], [ 93.224182210440745, 24.87123455642967 ], [ 93.221323737800333, 24.867452806501888 ], [ 93.218456826821182, 24.866191617948857 ], [ 93.215586791597218, 24.861164691897045 ], [ 93.213666254294253, 24.858414352840157 ], [ 93.213666024067834, 24.858414187364929 ], [ 93.212110018862347, 24.85732897005596 ], [ 93.209516323719413, 24.855519942391481 ], [ 93.208081949122686, 24.853009866212403 ], [ 93.20808175486917, 24.853009781676121 ], [ 93.208081727889464, 24.853009734012062 ], [ 93.205220702973122, 24.851750248775033 ], [ 93.205220485337179, 24.851750152547538 ], [ 93.199468205693222, 24.854254633144876 ], [ 93.196602264183184, 24.852995442885458 ], [ 93.198044248843075, 24.849233085038918 ], [ 93.200921591058659, 24.846713884338328 ], [ 93.200933592511319, 24.840433936477041 ], [ 93.200933333506612, 24.840434050690931 ], [ 93.200933333506612, 24.840433845645521 ], [ 93.195187624309483, 24.842946826634773 ], [ 93.193753035674092, 24.840429907514249 ], [ 93.196633710777178, 24.836664449704642 ], [ 93.198072295999737, 24.836661302077459 ], [ 93.199509327193766, 24.83792273974268 ], [ 93.199509384750343, 24.837922688481342 ], [ 93.19950958889649, 24.837922869245062 ], [ 93.20093566365, 24.836665499213495 ], [ 93.198079586803544, 24.832892428642708 ], [ 93.198079477086253, 24.832892476306768 ], [ 93.198079369167601, 24.832892334213909 ], [ 93.195208628875207, 24.834144047509824 ], [ 93.19377504208461, 24.834146699610528 ], [ 93.192349095934105, 24.832893512325768 ], [ 93.19235393608534, 24.830380123044279 ], [ 93.194697881402192, 24.830380783146666 ], [ 93.196655723482934, 24.830381327236523 ], [ 93.192372738211361, 24.822832757925482 ], [ 93.190951654695141, 24.819066095024311 ], [ 93.195260315611108, 24.812787715580669 ], [ 93.198135551614484, 24.811535527442686 ], [ 93.196703201391699, 24.80775823455491 ], [ 93.193841528963446, 24.8052525074973 ], [ 93.192422130776777, 24.80273174737232 ], [ 93.192421923033407, 24.80273174827164 ], [ 93.192421872671332, 24.802731656540743 ], [ 93.189544279544918, 24.802728595248539 ], [ 93.185246025583695, 24.801471649696907 ], [ 93.180945181574941, 24.801467875242281 ], [ 93.179521346133299, 24.798949804989547 ], [ 93.17952905871914, 24.795180840723276 ], [ 93.178105975110725, 24.792669531573665 ], [ 93.178105829420531, 24.792669530674345 ], [ 93.178105754776823, 24.792669398474004 ], [ 93.176666600283454, 24.792663160776272 ], [ 93.175230706731782, 24.793921264654671 ], [ 93.173784371151839, 24.80020602838556 ], [ 93.168049927762013, 24.797684595567659 ], [ 93.165187862330015, 24.79516687515121 ], [ 93.165187688760909, 24.795166824789192 ], [ 93.165187600627348, 24.795166745648828 ], [ 93.160900135832662, 24.793908337799621 ], [ 93.15661092725253, 24.788881700430181 ], [ 93.152326148732811, 24.786365157226271 ], [ 93.152325887030145, 24.786365006140159 ], [ 93.152306360949865, 24.790125681355164 ], [ 93.150867388119536, 24.792639025670553 ], [ 93.147989335439547, 24.795148184541119 ], [ 93.143685713424986, 24.796401171277068 ], [ 93.142244430236303, 24.797659320121568 ], [ 93.139363122010536, 24.801423850730203 ], [ 93.136480687833512, 24.807701139296171 ], [ 93.130762689446613, 24.80266421368259 ], [ 93.130762620198823, 24.802664255051354 ], [ 93.130762427743889, 24.802664085079527 ], [ 93.126445404032211, 24.805175315088775 ], [ 93.120716227072307, 24.805173693611096 ], [ 93.11927544930262, 24.807677575259959 ], [ 93.122123639094752, 24.81145260455412 ], [ 93.12210116863406, 24.816480089084905 ], [ 93.119567074261113, 24.814236802186713 ], [ 93.119254900693193, 24.813960445018552 ], [ 93.110660288541567, 24.808927298356195 ], [ 93.109237695962975, 24.806408496055326 ], [ 93.112139807306335, 24.798874755665508 ], [ 93.107883663200539, 24.78756312343944 ], [ 93.105012920210186, 24.785045099052127 ], [ 93.10504292788886, 24.781274406288844 ], [ 93.106469338089539, 24.780017878922024 ], [ 93.10076473330588, 24.774990162366123 ], [ 93.102211130938997, 24.769963859544532 ], [ 93.105092862745494, 24.766199975548489 ], [ 93.10368152608163, 24.759918941306125 ], [ 93.099420716293082, 24.751120340431441 ], [ 93.099435833896678, 24.747350921108193 ], [ 93.100866939457774, 24.746094003435587 ], [ 93.09802400800163, 24.741060670613535 ], [ 93.100891949603863, 24.738555606356215 ], [ 93.102326897068679, 24.73981796402785 ], [ 93.102305908690767, 24.743578621256404 ], [ 93.102306218057549, 24.743578487257423 ], [ 93.10230621625891, 24.74357878493305 ], [ 93.103032423307752, 24.743262863890095 ], [ 93.10518081104567, 24.742328295614413 ], [ 93.10662427149299, 24.73856662305127 ], [ 93.103776498986292, 24.733536100610593 ], [ 93.096635393608608, 24.728498924086125 ], [ 93.096650586755231, 24.724729436414407 ], [ 93.093800986826125, 24.72096344350814 ], [ 93.093800753901746, 24.72096344350814 ], [ 93.093800687351916, 24.720963356273899 ], [ 93.092372703337674, 24.720955480011469 ], [ 93.093379640957721, 24.718313874385842 ], [ 93.093806153431274, 24.717194846165285 ], [ 93.092402702023151, 24.71217065225386 ], [ 93.088137176189775, 24.705882760680936 ], [ 93.088137062875205, 24.705882817338193 ], [ 93.088136959453152, 24.70588266535276 ], [ 93.078084304347215, 24.710891952101974 ], [ 93.075244754342009, 24.707115750991193 ], [ 93.079566277361891, 24.700848694012052 ], [ 93.082443792247261, 24.698343055087946 ], [ 93.083886445103417, 24.69457234074099 ], [ 93.089630607466631, 24.689559362274792 ], [ 93.092524215720061, 24.684536904054937 ], [ 93.092529500136379, 24.680768250954088 ], [ 93.091124101695982, 24.677011075900509 ], [ 93.09113086819508, 24.674497514848497 ], [ 93.092571271846793, 24.673239787786031 ], [ 93.096864227901847, 24.67449933957289 ], [ 93.100807581504739, 24.676819489727734 ], [ 93.101144046660465, 24.677017448496485 ], [ 93.101144268793007, 24.677017580696827 ], [ 93.104007126527733, 24.67576564796633 ], [ 93.104027389152748, 24.67199798771702 ], [ 93.102620538307235, 24.668229420051716 ], [ 93.098343465178857, 24.663207335050515 ], [ 93.096936876935388, 24.659438702634077 ], [ 93.096963247755752, 24.655679724439779 ], [ 93.095548293119293, 24.653167144548149 ], [ 93.095573574860623, 24.649396702695697 ], [ 93.095573275386414, 24.649396701796377 ], [ 93.095573275386414, 24.649396614562136 ], [ 93.088418495816995, 24.649386360492201 ], [ 93.085559075291144, 24.648134148072529 ], [ 93.08415308329819, 24.644365420327915 ], [ 93.088585910911092, 24.630579504940272 ], [ 93.088660411648732, 24.624312746536077 ], [ 93.088660149046689, 24.624312747435397 ], [ 93.088660149946008, 24.624312618832334 ], [ 93.08148640187602, 24.6243015086078 ], [ 93.078626692667797, 24.623039997198191 ], [ 93.078693059037505, 24.618029310204577 ], [ 93.081619086052058, 24.614280113936161 ], [ 93.085996442581802, 24.610529912225729 ], [ 93.08602934337955, 24.608023397361933 ], [ 93.076046026902702, 24.600476636587587 ], [ 93.074651770163143, 24.596716030620371 ], [ 93.074692880871794, 24.59294657622354 ], [ 93.079075420194556, 24.58920295395319 ], [ 93.087793272741408, 24.586719781892498 ], [ 93.097891261772361, 24.588004725137978 ], [ 93.103667743971243, 24.584252432503831 ], [ 93.105940505250203, 24.580606955946337 ], [ 93.10618812817961, 24.58020898525649 ], [ 93.106187873671502, 24.580208888129732 ], [ 93.105768030570232, 24.580044537925119 ], [ 93.103680887562973, 24.579227457081515 ], [ 93.096493860103635, 24.57920915947517 ], [ 93.095438839331052, 24.576894863007567 ], [ 93.086358313585379, 24.567868609548725 ], [ 93.086358197572793, 24.567868659011481 ], [ 93.086358056379254, 24.567868517817885 ], [ 93.077689288829674, 24.571616668174727 ], [ 93.070463725420666, 24.572855783767466 ], [ 93.060378461796631, 24.571577416364732 ], [ 93.0719152276057, 24.557800239689357 ], [ 93.064768755074056, 24.543998495334336 ], [ 93.064768652551322, 24.543998672500777 ], [ 93.064768493371332, 24.543998365831953 ], [ 93.06044685523824, 24.551511713195055 ], [ 93.051910608188052, 24.541478255916843 ], [ 93.050519188809574, 24.533948925802349 ], [ 93.047698724216787, 24.527676133846569 ], [ 93.052026520007928, 24.521417838962122 ], [ 93.052047827645197, 24.516401643621009 ], [ 93.04064058219717, 24.511364601994842 ], [ 93.039226433353292, 24.507586950277584 ], [ 93.043533099572926, 24.502567434639445 ], [ 93.034961562226385, 24.493735911383283 ], [ 93.044894326911731, 24.478584216288596 ], [ 93.047681275570483, 24.472241725974925 ], [ 93.047406100111516, 24.460717331239891 ], [ 93.047405842905391, 24.460717252099528 ], [ 93.037065750084366, 24.457931557995039 ], [ 93.03587740571777, 24.440728234120741 ], [ 93.031294028896355, 24.425651081132514 ], [ 93.038456016531995, 24.414347904332374 ], [ 93.038267507839294, 24.407904501991197 ], [ 93.038267288404711, 24.407904396770562 ], [ 93.038267287505391, 24.407904368891536 ], [ 93.028326202292476, 24.403133272982188 ], [ 93.0151236213581, 24.399352756024939 ], [ 93.015123409118075, 24.399352697568986 ], [ 93.008045877715119, 24.402213911342983 ], [ 93.005598593100672, 24.408771903500622 ], [ 92.999645547903754, 24.400128698280867 ], [ 92.997201345265921, 24.398428396853092 ], [ 92.994508926146068, 24.398815924615292 ], [ 92.991069892561541, 24.402359963041931 ], [ 92.987491734755793, 24.404528478506506 ], [ 92.984600387398018, 24.404447228356958 ], [ 92.979439117021684, 24.406590048392047 ], [ 92.974847121997129, 24.404664447006667 ], [ 92.970012721909654, 24.398130844462969 ], [ 92.959526162802206, 24.392819146286627 ], [ 92.959525902898179, 24.392819015884925 ], [ 92.957709120379661, 24.394608935653935 ], [ 92.957321221197446, 24.394991008128557 ], [ 92.956870495377132, 24.395764101332247 ], [ 92.953915610916795, 24.400831531050358 ], [ 92.953242800215094, 24.40143766871347 ], [ 92.953091628675793, 24.40157377570921 ], [ 92.951332268769249, 24.401717719397311 ], [ 92.95045754497977, 24.401789237982996 ], [ 92.948914845243962, 24.401140557890471 ], [ 92.943355962108001, 24.398802943800888 ], [ 92.939768653700469, 24.398023658764885 ], [ 92.937757632908472, 24.395997213700525 ], [ 92.936949856450781, 24.393691053399436 ], [ 92.934935000949565, 24.392531655511561 ], [ 92.926886242206365, 24.395635055813216 ], [ 92.924612045609479, 24.399231876350086 ], [ 92.922909435621989, 24.399622618289243 ], [ 92.921837704546476, 24.401166991663388 ], [ 92.922645602412672, 24.402726372923837 ], [ 92.910812745611793, 24.409938588595026 ], [ 92.908569107977996, 24.400207959130057 ], [ 92.905001644910044, 24.396102074651083 ], [ 92.90513140449076, 24.392415400150639 ], [ 92.904438676503787, 24.391495964766989 ], [ 92.904438476854295, 24.39149591710293 ], [ 92.904438415700383, 24.391495835264664 ], [ 92.901427491785398, 24.390772227256548 ], [ 92.900227591130488, 24.390483812877733 ], [ 92.900227520084059, 24.390483824568889 ], [ 92.895625659496659, 24.391363064753705 ], [ 92.895625578557656, 24.391363073746902 ], [ 92.893662786608388, 24.39238105504171 ], [ 92.891005089413397, 24.398859748578559 ], [ 92.890066504765457, 24.39936863085768 ], [ 92.887299980609669, 24.398715599845104 ], [ 92.883528774333513, 24.400128061560849 ], [ 92.877500740067148, 24.395992433803826 ], [ 92.877500578189199, 24.395992372649914 ], [ 92.877500478364425, 24.395992304301444 ], [ 92.873166208353894, 24.394351881534135 ], [ 92.871092725149197, 24.39416520565976 ], [ 92.862215790626294, 24.396622522211658 ], [ 92.858383161553718, 24.395554415403979 ], [ 92.853803432382563, 24.39114865828401 ], [ 92.85097504206459, 24.389519941092431 ], [ 92.848414841271961, 24.383291995629122 ], [ 92.846889154011308, 24.380631779433145 ], [ 92.846226470575232, 24.3794761092351 ], [ 92.845060141612294, 24.378397531620863 ], [ 92.843590768998865, 24.377038602949199 ], [ 92.843590705146994, 24.377038615539732 ], [ 92.843590548664963, 24.377038469849538 ], [ 92.839406727138794, 24.377881497932833 ], [ 92.838939158815208, 24.377975694722579 ], [ 92.835546165123503, 24.375804895879298 ], [ 92.832400285344931, 24.373791982913758 ], [ 92.832037933204106, 24.37356013499226 ], [ 92.832037856761758, 24.373560162871286 ], [ 92.832037720064761, 24.373560076536364 ], [ 92.829093172412058, 24.37467452900637 ], [ 92.828321436285307, 24.374966567653019 ], [ 92.828055797237312, 24.375470380453748 ], [ 92.827506423882426, 24.376511849342421 ], [ 92.827605728821368, 24.382774884553328 ], [ 92.825457889669906, 24.384934895129334 ], [ 92.824770224866029, 24.385626321797361 ], [ 92.824667335229378, 24.386187686712447 ], [ 92.824390822478506, 24.387694543968053 ], [ 92.825461139819822, 24.389796781196537 ], [ 92.825947409545392, 24.390752040174561 ], [ 92.830999906920226, 24.396628375898899 ], [ 92.830708862024437, 24.397692501407846 ], [ 92.830708584133902, 24.397693365656323 ], [ 92.829692710849997, 24.398947915413999 ], [ 92.829132680528858, 24.39919384941669 ], [ 92.824159304608258, 24.401377686631008 ], [ 92.82089872529599, 24.403703973759434 ], [ 92.82049685784375, 24.40399065154736 ], [ 92.819802239481817, 24.405480711265852 ], [ 92.817718182048509, 24.409950843656588 ], [ 92.816775429042877, 24.409711799360082 ], [ 92.815832694023641, 24.409472711896171 ], [ 92.815832613084694, 24.409472733479902 ], [ 92.815832570816553, 24.409472721788745 ], [ 92.813188073870549, 24.41016742558628 ], [ 92.81054342134189, 24.410862095209552 ], [ 92.810739386313685, 24.412228136619262 ], [ 92.810791102727251, 24.412588923040403 ], [ 92.810103945141009, 24.412542667310277 ], [ 92.808844267449047, 24.412457860342045 ], [ 92.808844226979545, 24.412457861241364 ], [ 92.808267917130706, 24.414124099047967 ], [ 92.808449885054188, 24.414827422847338 ], [ 92.808891859571702, 24.416536069983692 ], [ 92.806796877174179, 24.417041103164422 ], [ 92.806559497522869, 24.417098306341813 ], [ 92.805626073184783, 24.416810036753816 ], [ 92.803667155514859, 24.416204941404999 ], [ 92.803211129090414, 24.416064198404058 ], [ 92.803100578129261, 24.41603005474326 ], [ 92.800223528193328, 24.416297645320128 ], [ 92.800208873740587, 24.416299007793043 ], [ 92.800208833271085, 24.416299011390322 ], [ 92.799453517865629, 24.418705840002588 ], [ 92.799453665354406, 24.418705849895105 ], [ 92.799453648267331, 24.418705905653098 ], [ 92.803216030395561, 24.418967619160355 ], [ 92.803654789836742, 24.420230119824225 ], [ 92.802717905806787, 24.423118817779255 ], [ 92.802260027678187, 24.424530365783824 ], [ 92.799727600648282, 24.429223600189061 ], [ 92.797517210950559, 24.431628316293825 ], [ 92.797203215356149, 24.431969864417738 ], [ 92.796745137578114, 24.43307739840327 ], [ 92.793339914905232, 24.441309133209984 ], [ 92.789335165485568, 24.453345942761075 ], [ 92.785718815271139, 24.461016284773791 ], [ 92.783869571723415, 24.468479136103326 ], [ 92.782108215321955, 24.471422951707893 ], [ 92.78171235983757, 24.472084385086362 ], [ 92.780774757249333, 24.475676976111629 ], [ 92.778657654227402, 24.483787328522453 ], [ 92.76474816749402, 24.51816375815099 ], [ 92.764067281779717, 24.516142750387644 ], [ 92.758738340002424, 24.509082789039553 ], [ 92.753246308870132, 24.504403176665335 ], [ 92.753218920916538, 24.504379927391767 ], [ 92.754046363748728, 24.498543779671763 ], [ 92.754057290511582, 24.498467018937845 ], [ 92.750870919657302, 24.491707254885966 ], [ 92.748373314377034, 24.485879651624657 ], [ 92.743146274780827, 24.471978274977459 ], [ 92.730072915632604, 24.450129000353115 ], [ 92.723291320538067, 24.433341833259021 ], [ 92.717640642701554, 24.413624667744273 ], [ 92.713709039640548, 24.407803977571575 ], [ 92.713695966195928, 24.40778468621437 ], [ 92.713720431352897, 24.402824779440095 ], [ 92.713720956556983, 24.402722941110881 ], [ 92.70693403477793, 24.389867687343951 ], [ 92.706921011695385, 24.389843014443613 ], [ 92.706947102826575, 24.38455524362962 ], [ 92.706947708070345, 24.384439083596874 ], [ 92.702926767256542, 24.381237944075906 ], [ 92.703591377040482, 24.373656792327154 ], [ 92.701894104529345, 24.372667246696153 ], [ 92.697749238936296, 24.372402293830874 ], [ 92.69636977064846, 24.371462581433036 ], [ 92.694498191538344, 24.367022320024091 ], [ 92.69274182907219, 24.365279303497118 ], [ 92.693700559433353, 24.362414632729156 ], [ 92.693393142379648, 24.361087883598998 ], [ 92.691261184356222, 24.359630158105347 ], [ 92.691160882968461, 24.353997375878237 ], [ 92.691158898164701, 24.353883323856337 ], [ 92.69015612260705, 24.352262667288301 ], [ 92.687469744233397, 24.349477868908593 ], [ 92.68351239717947, 24.347368837302042 ], [ 92.683269753796139, 24.344957349302263 ], [ 92.679122307148816, 24.34526564589288 ], [ 92.674280680109348, 24.347290643948099 ], [ 92.666499079369089, 24.343132738185375 ], [ 92.664742726795453, 24.342718443001786 ], [ 92.663607704132289, 24.344256881749743 ], [ 92.662737673904587, 24.341314531140767 ], [ 92.661734128527257, 24.340960520211866 ], [ 92.660445011528111, 24.342420995832356 ], [ 92.66037538421665, 24.342499831302234 ], [ 92.660222304315937, 24.342673261062203 ], [ 92.658672555693954, 24.341511344173227 ], [ 92.657967396378297, 24.340982642634913 ], [ 92.657922675790928, 24.340985197608859 ], [ 92.657023885244143, 24.341037255764775 ], [ 92.657093466690185, 24.339076168030772 ], [ 92.655972378122783, 24.336651583204059 ], [ 92.651907915517938, 24.332824261030851 ], [ 92.651538478518034, 24.330402322009604 ], [ 92.651355662533831, 24.327874820566592 ], [ 92.649896571869363, 24.328168812540696 ], [ 92.649857786807502, 24.328176631246606 ], [ 92.648906783421353, 24.328368149970174 ], [ 92.649262055199756, 24.326876373445941 ], [ 92.649289069035376, 24.326762619998988 ], [ 92.648536885968554, 24.326297558085912 ], [ 92.648341789741835, 24.32645554558701 ], [ 92.648233747889208, 24.326542996562068 ], [ 92.644755932840098, 24.329357558904292 ], [ 92.64545139116882, 24.326780854652782 ], [ 92.644616062181569, 24.325370107044876 ], [ 92.644526245090219, 24.325218538005174 ], [ 92.640492756935259, 24.326274354677764 ], [ 92.639356853835807, 24.327294859470214 ], [ 92.638788109983352, 24.329311109819912 ], [ 92.636206677096538, 24.330256365638832 ], [ 92.636071321034706, 24.331806928147273 ], [ 92.636632982726042, 24.331869788060317 ], [ 92.636741718855319, 24.331881922612695 ], [ 92.637759907893496, 24.331995963842701 ], [ 92.637256107683299, 24.333082205479457 ], [ 92.63555861573758, 24.333286446012721 ], [ 92.635426186969028, 24.333302431462073 ], [ 92.630165323870642, 24.330950596392938 ], [ 92.629963247106218, 24.331000638268904 ], [ 92.62570239235157, 24.332055299312685 ], [ 92.62381553286059, 24.330255237888991 ], [ 92.622959786564934, 24.328501164197405 ], [ 92.622897220730238, 24.328373092644142 ], [ 92.622887595286329, 24.328353321948327 ], [ 92.622620504732538, 24.317985242225177 ], [ 92.622617830148783, 24.317882080993286 ], [ 92.618963405336956, 24.309110877065393 ], [ 92.619163569243369, 24.306059530423056 ], [ 92.617564616014249, 24.302014081284881 ], [ 92.61754781398048, 24.30197164947208 ], [ 92.617547145784215, 24.301969886800862 ], [ 92.617815269659047, 24.297359493445924 ], [ 92.617817669949545, 24.29731567128124 ], [ 92.616312025879324, 24.288956134717921 ], [ 92.616291620262132, 24.28884314659399 ], [ 92.616739054563766, 24.286668252238087 ], [ 92.618064202900712, 24.28580594358948 ], [ 92.618202928722269, 24.28571556891842 ], [ 92.618564444493586, 24.285480261305054 ], [ 92.618800137916082, 24.284691971357461 ], [ 92.618890886705117, 24.284388556286899 ], [ 92.618891233843442, 24.284387884493299 ], [ 92.618535312754545, 24.279039565923256 ], [ 92.618527753053399, 24.278926127239004 ], [ 92.61630055232871, 24.272921996952675 ], [ 92.615271628982555, 24.268184938584113 ], [ 92.615262734687519, 24.268144317106589 ], [ 92.614984179576311, 24.261343708545382 ], [ 92.614979801676554, 24.261238263035466 ], [ 92.612563707349295, 24.253455976112434 ], [ 92.611070285964956, 24.250971734757798 ], [ 92.607438754295117, 24.247715593599821 ], [ 92.605441319561294, 24.246828308080012 ], [ 92.605440743095869, 24.246828317073209 ], [ 92.603348202357722, 24.246856658308161 ], [ 92.595451133163351, 24.246963123649266 ], [ 92.593566865518483, 24.246400051821013 ], [ 92.593067460295117, 24.246250758965402 ], [ 92.590886053948282, 24.243640130487677 ], [ 92.587504585068586, 24.242517253168728 ], [ 92.581338816033565, 24.243035162842546 ], [ 92.564107689618254, 24.247804642670189 ], [ 92.558469640061901, 24.245618021154826 ], [ 92.557922866647061, 24.245487268722513 ], [ 92.550189705190803, 24.243638253602569 ], [ 92.548497195489233, 24.241149852883439 ], [ 92.548377553281512, 24.240973908619026 ], [ 92.546668594979735, 24.235503974728715 ], [ 92.546649026631314, 24.23544127849226 ], [ 92.546479145596152, 24.23250825655083 ], [ 92.547308761190436, 24.229634570978703 ], [ 92.546914799678348, 24.222273361026851 ], [ 92.546908952286401, 24.222164969337939 ], [ 92.545295745702163, 24.217658415303674 ], [ 92.541754865694543, 24.211936716206537 ], [ 92.541957590870197, 24.208376923456285 ], [ 92.54098669268177, 24.203991042252824 ], [ 92.536821726341657, 24.199722581032347 ], [ 92.53679951038913, 24.199699633031685 ], [ 92.535926638303749, 24.197672358792374 ], [ 92.537311677891694, 24.194280974887135 ], [ 92.537326942984066, 24.194243524419164 ], [ 92.537253275018713, 24.19409225125645 ], [ 92.530992739923079, 24.181240844789215 ], [ 92.532608111175477, 24.17908845776617 ], [ 92.532627072481489, 24.179063125662765 ], [ 92.532964651897203, 24.178613434062754 ], [ 92.532456093374094, 24.178350661154127 ], [ 92.53239707446545, 24.178320197519156 ], [ 92.531030397235099, 24.175200759607435 ], [ 92.529402507419832, 24.174212964956439 ], [ 92.529159824466376, 24.172594284198908 ], [ 92.524910789501405, 24.170715847758231 ], [ 92.521265135777469, 24.170736600513749 ], [ 92.517104634571297, 24.174023437331812 ], [ 92.514662559729402, 24.173312416235092 ], [ 92.513095771652615, 24.171397250582686 ], [ 92.514309628886338, 24.168018401428128 ], [ 92.513246927004161, 24.167086062571798 ], [ 92.50816338143494, 24.167036719469081 ], [ 92.511520458002792, 24.16264152488651 ], [ 92.512341501259357, 24.160406478476261 ], [ 92.509077340846659, 24.160721798772045 ], [ 92.506299502320246, 24.164653409027665 ], [ 92.50441306191334, 24.165151789023867 ], [ 92.502783739478048, 24.164506020936187 ], [ 92.501989248704945, 24.159952988139935 ], [ 92.499675192356278, 24.158373846076188 ], [ 92.494284389812776, 24.157801440184357 ], [ 92.487618370191683, 24.160087553697679 ], [ 92.485420059288344, 24.160070314593384 ], [ 92.484490085648986, 24.159256405658653 ], [ 92.484435179340096, 24.157183063647494 ], [ 92.483501164147469, 24.156018077372437 ], [ 92.482190771886678, 24.154971537206734 ], [ 92.480749038137674, 24.15495975249064 ], [ 92.48308943742768, 24.151817466402974 ], [ 92.482468472641983, 24.150604012964891 ], [ 92.480211203084593, 24.150186952366028 ], [ 92.480165060669094, 24.147992784639371 ], [ 92.478292251286405, 24.146596947790954 ], [ 92.481022659568168, 24.140822901855472 ], [ 92.480407395584905, 24.139201988980631 ], [ 92.479143723104414, 24.138789679500178 ], [ 92.474366696166157, 24.140805850709512 ], [ 92.472866441732947, 24.139929661025064 ], [ 92.472883515362014, 24.137862123238449 ], [ 92.470717459543209, 24.136975693873239 ], [ 92.46812634635387, 24.135915276269031 ], [ 92.466384423402474, 24.132957692043931 ], [ 92.465505228183815, 24.132668700300314 ], [ 92.464371949306098, 24.134545133950837 ], [ 92.462610453509683, 24.134295863463365 ], [ 92.45678614536439, 24.141425778576888 ], [ 92.450202473065758, 24.141635279244781 ], [ 92.443489148205686, 24.151048639583109 ], [ 92.441425560241498, 24.150802679500089 ], [ 92.438359712930492, 24.14920965010532 ], [ 92.43704037421395, 24.149319065222755 ], [ 92.43616204054581, 24.150393559914903 ], [ 92.434840191821479, 24.160559014287116 ], [ 92.437741343588186, 24.167083242297849 ], [ 92.437360245079333, 24.168457236412394 ], [ 92.434069658987653, 24.172107723992326 ], [ 92.433840145706199, 24.179343821160444 ], [ 92.432818299125245, 24.181231829984995 ], [ 92.421798535573998, 24.186514539414532 ], [ 92.418626249901592, 24.192343757858168 ], [ 92.419392748376708, 24.200456033019577 ], [ 92.417887690664429, 24.208895610144339 ], [ 92.418202128725341, 24.219639667636613 ], [ 92.419748381682552, 24.233172721543895 ], [ 92.422237979399313, 24.246134863333339 ], [ 92.422079309312721, 24.251077224334495 ], [ 92.416177717028063, 24.251412106683404 ], [ 92.406567364692194, 24.249932357692217 ], [ 92.395449865518913, 24.250547529045264 ], [ 92.376299566072191, 24.249358721527813 ], [ 92.313922793102506, 24.250758808572186 ], [ 92.310350712015804, 24.249513718783135 ], [ 92.303367188544996, 24.25086931186928 ], [ 92.296465946746082, 24.249918609756094 ], [ 92.291694175445912, 24.249464925166194 ], [ 92.284655435400055, 24.250241698395712 ], [ 92.259477936257838, 24.248675596501641 ], [ 92.24044942480117, 24.248895220837824 ], [ 92.212817494132082, 24.247635403750905 ], [ 92.264076123114648, 24.360379606333822 ], [ 92.268135404725228, 24.365492351990497 ], [ 92.267583666153314, 24.371456605438027 ], [ 92.26826226219373, 24.373017599182901 ], [ 92.272258420389846, 24.375769186498815 ], [ 92.272504076502003, 24.377551932375809 ], [ 92.269899732486749, 24.380403726650741 ], [ 92.272697789571396, 24.384399437883815 ], [ 92.273119389947965, 24.386651048906856 ], [ 92.270465713621832, 24.389146316849121 ], [ 92.269868561984595, 24.393046130674463 ], [ 92.264246296429519, 24.395794751126914 ], [ 92.262679600982835, 24.403027822076353 ], [ 92.262679626163902, 24.403028083779077 ], [ 92.263280001870669, 24.406309617295051 ], [ 92.262762312530754, 24.408026066949503 ], [ 92.262762293644982, 24.408026295377283 ], [ 92.259409592278928, 24.411720994528309 ], [ 92.256034853026108, 24.417198859539781 ], [ 92.257556363835192, 24.430733726480355 ], [ 92.256583540198278, 24.43451097620067 ], [ 92.239325656254096, 24.445511854888252 ], [ 92.236153366085034, 24.448465906576359 ], [ 92.236062942850594, 24.452027020430705 ], [ 92.235222473338524, 24.454658741607716 ], [ 92.232437948352697, 24.456699197210241 ], [ 92.231223455298277, 24.458635208248324 ], [ 92.231310990809618, 24.463697883250745 ], [ 92.229058804220472, 24.470226950513393 ], [ 92.230446249494889, 24.478286905816105 ], [ 92.234000800996228, 24.482953282867754 ], [ 92.239581419846729, 24.488158209034168 ], [ 92.236767487029965, 24.491067469088478 ], [ 92.236511582243793, 24.492571279441052 ], [ 92.235588501907898, 24.495024864705783 ], [ 92.235204914075609, 24.496407096610255 ], [ 92.234791159384542, 24.497579308937986 ], [ 92.234493886683595, 24.49853213075329 ], [ 92.233416828923566, 24.501713959131962 ], [ 92.233990180002877, 24.505776493590361 ], [ 92.23374040049913, 24.520138495794981 ], [ 92.233710084352992, 24.527359416004288 ], [ 92.232291188887302, 24.537029095716264 ], [ 92.232458523042453, 24.543885269789428 ], [ 92.234097785684298, 24.552297076748744 ], [ 92.234064733800494, 24.561505186615136 ], [ 92.23402280201077, 24.572160412672929 ], [ 92.233394639051426, 24.581009176832083 ], [ 92.231482434866507, 24.588689243214048 ], [ 92.22909659643085, 24.594369114842834 ], [ 92.224039510714931, 24.598590688109823 ], [ 92.22154155110178, 24.605274995444745 ], [ 92.222516645526809, 24.608882849763745 ], [ 92.227129881638803, 24.614227681662214 ], [ 92.23176011853468, 24.618314140785003 ], [ 92.234214526679125, 24.622111482259129 ], [ 92.237540399469935, 24.629534055652186 ], [ 92.239887579648155, 24.637029821269266 ], [ 92.240055342779897, 24.643989848153012 ], [ 92.239635703824717, 24.64823535058099 ], [ 92.236264346922155, 24.652919168185122 ], [ 92.233082704703122, 24.657155634225205 ], [ 92.228913043002592, 24.662648946891409 ], [ 92.227418206085417, 24.666441458106874 ], [ 92.225405615077136, 24.672657380533735 ], [ 92.226173751217686, 24.679982981829198 ], [ 92.228723477606479, 24.68450303019074 ], [ 92.231361361837457, 24.691381956212354 ], [ 92.233714688881832, 24.696809272130281 ], [ 92.239422813612009, 24.701609354987795 ], [ 92.244464327566732, 24.70334081882379 ], [ 92.249402039072891, 24.70255038759035 ], [ 92.257417607436707, 24.701306582932489 ], [ 92.260959953339238, 24.704393108355305 ], [ 92.263519390607428, 24.70783282182731 ], [ 92.266069626911815, 24.712444722446037 ], [ 92.2672184919399, 24.721396592079088 ], [ 92.267201036098982, 24.727989959968738 ], [ 92.267866853672444, 24.732680350717658 ], [ 92.270503191968771, 24.742631828496144 ], [ 92.270586652651957, 24.747685253072007 ], [ 92.269682143316345, 24.751299352283354 ], [ 92.268064820535074, 24.758784903400624 ], [ 92.264484555617798, 24.764109476271358 ], [ 92.264761921825311, 24.769075698085032 ], [ 92.265832923550647, 24.774138198619028 ], [ 92.267996284101287, 24.777759565251813 ], [ 92.270256066364425, 24.78074717244408 ], [ 92.273516093492958, 24.78292024387423 ], [ 92.278841421794255, 24.785196630320286 ], [ 92.283087301038165, 24.787193823136477 ], [ 92.28308133403641, 24.791256129167095 ], [ 92.279601367808937, 24.794775378680811 ], [ 92.274629656533477, 24.801437879254763 ], [ 92.274215395524152, 24.806313673337399 ], [ 92.273682155107451, 24.816614579998941 ], [ 92.272662664750214, 24.822839290600825 ], [ 92.271755604037935, 24.828706222114533 ], [ 92.264123415763095, 24.831393605930202 ], [ 92.2588831354484, 24.829387168982691 ], [ 92.253252516090811, 24.829283049972844 ], [ 92.247490737807368, 24.833054559320487 ], [ 92.247464273457524, 24.839193133756169 ], [ 92.248834875329294, 24.843894283094755 ], [ 92.249013793651727, 24.849318785933292 ], [ 92.246920541549798, 24.853013254857899 ], [ 92.241754458001878, 24.856882602350254 ], [ 92.236988432470241, 24.861020254481218 ], [ 92.236276203583998, 24.865711409653898 ], [ 92.24308665252704, 24.869615408024686 ], [ 92.246342415070444, 24.87251964716404 ], [ 92.249590461430728, 24.877674509870758 ], [ 92.253434405773248, 24.881481362574846 ], [ 92.253613161318412, 24.88600237231168 ], [ 92.252003337983695, 24.891684608258117 ], [ 92.247138624448041, 24.895913412074378 ], [ 92.243460752511794, 24.90005242937616 ], [ 92.243640079126408, 24.903944953297014 ], [ 92.250455497723124, 24.907665976503665 ], [ 92.258673811047572, 24.908779798548892 ], [ 92.270158536687177, 24.909714084437496 ], [ 92.276491390765102, 24.909283686892707 ], [ 92.280658130568327, 24.907768775308796 ], [ 92.285510048549952, 24.907693957110496 ], [ 92.292226618163966, 24.910420574749764 ], [ 92.298643182936587, 24.915772401575111 ], [ 92.303201939917642, 24.915965359213999 ], [ 92.307657989824406, 24.916249589946688 ], [ 92.312631618454475, 24.910212575050366 ], [ 92.312646868258412, 24.904885802437889 ], [ 92.315135635900958, 24.900731450795888 ], [ 92.324455434370861, 24.8973292687308 ], [ 92.331985689887745, 24.893288771259847 ], [ 92.337952346323789, 24.888060755899232 ], [ 92.34311233696485, 24.882931763989745 ], [ 92.348853159245948, 24.882943031595687 ], [ 92.350920923661761, 24.887735586228359 ], [ 92.355660981269352, 24.890185993289037 ], [ 92.357463745155769, 24.885762300090107 ], [ 92.362715499920455, 24.88117276381206 ], [ 92.365596507772693, 24.877480390307824 ], [ 92.369268298493239, 24.875055321645846 ], [ 92.374220266951795, 24.874611383908302 ], [ 92.379275108859247, 24.872451624243126 ], [ 92.381953700003294, 24.869660077350716 ], [ 92.385448928625237, 24.861899706906001 ], [ 92.396053358275935, 24.855064540995841 ], [ 92.402685515724045, 24.855346357048802 ], [ 92.407425220797336, 24.859153798808791 ], [ 92.410773335621002, 24.863495988249326 ], [ 92.416618213959453, 24.863960792956277 ], [ 92.420481703268024, 24.860181049415928 ], [ 92.424051190709918, 24.858021618902626 ], [ 92.430393273630727, 24.857396706093141 ], [ 92.438011176174882, 24.859586862843514 ], [ 92.443321754695262, 24.868532330202925 ], [ 92.451136826403456, 24.874151127072935 ], [ 92.457359890346709, 24.875787760097126 ], [ 92.464391483480256, 24.875265174847982 ], [ 92.473507801343999, 24.871488765094512 ], [ 92.4813299390255, 24.868160847245349 ], [ 92.48717115982123, 24.866811688808468 ], [ 92.493318823704783, 24.866736126870819 ], [ 92.49776543972331, 24.867918935910211 ], [ 92.49894274760976, 24.873967556557545 ], [ 92.49894256684604, 24.873967628503294 ], [ 92.497742499816582, 24.87911849732086 ], [ 92.494561252399933, 24.884892285150897 ], [ 92.494254332671346, 24.890943539013165 ], [ 92.495433691012067, 24.89618097926882 ], [ 92.4955106882677, 24.906117772916957 ], [ 92.491321647975724, 24.916585137793902 ], [ 92.490034876408458, 24.921373180527894 ], [ 92.486455418183084, 24.927599386702411 ], [ 92.484366712154099, 24.93102665265792 ], [ 92.48782476909787, 24.933745678220532 ], [ 92.489793868891979, 24.937359496843328 ], [ 92.488701826628073, 24.942328091967909 ], [ 92.484337153237107, 24.942947363330177 ], [ 92.47839199239661, 24.943213903498872 ], [ 92.471466933851957, 24.942473524933291 ], [ 92.465326025675608, 24.941560777807695 ], [ 92.46007524847397, 24.941095767155957 ], [ 92.45502842492192, 24.942259215590354 ], [ 92.451450553999905, 24.947220355335162 ], [ 92.451634235131905, 24.952552186634136 ], [ 92.455982830443304, 24.954370511489969 ], [ 92.461137337917876, 24.955194720360112 ], [ 92.464593540459589, 24.95799768594452 ], [ 92.465874899007417, 24.962517546347726 ], [ 92.459520741788879, 24.966926916943692 ], [ 92.454062784170219, 24.969086990472306 ], [ 92.448920404952787, 24.969435306893956 ], [ 92.443470136537655, 24.96906661992864 ], [ 92.437622133055072, 24.968152146104728 ], [ 92.430982512133312, 24.969579540163693 ], [ 92.422952125640165, 24.974441231078004 ], [ 92.419866901536352, 24.980216560346037 ], [ 92.419839012660361, 24.987353661042675 ], [ 92.420227352510381, 24.99177705476734 ], [ 92.422483594142591, 24.998466816490463 ], [ 92.422675827827277, 25.003428165777279 ], [ 92.425134099459171, 25.009216628744468 ], [ 92.426995452378264, 25.017527666668514 ], [ 92.426777009751277, 25.024578356905693 ], [ 92.425344459879, 25.029520419331959 ], [ 92.432422218810416, 25.030796150821743 ], [ 92.438385959644393, 25.031620831835994 ], [ 92.438385993818599, 25.031620884895972 ], [ 92.442274627272297, 25.037709581132333 ], [ 92.447022229292486, 25.039898149679914 ], [ 92.447022446029109, 25.039898247705992 ], [ 92.451506152786806, 25.038801511880308 ], [ 92.454685561989152, 25.034460011320505 ], [ 92.457285196254873, 25.032870707816983 ], [ 92.460236770310757, 25.033022776879704 ], [ 92.463727633623478, 25.03496338345343 ], [ 92.465126703534622, 25.045060527121677 ], [ 92.463341157168713, 25.047979677020521 ], [ 92.460639035263341, 25.047423965243865 ], [ 92.460336117517841, 25.052494551582356 ], [ 92.462519963725413, 25.053665198190401 ], [ 92.463017912047064, 25.053584391406616 ], [ 92.464158177757781, 25.053399002462072 ], [ 92.466468699770758, 25.05498666830016 ], [ 92.467995462620536, 25.059202430148105 ], [ 92.471398841683254, 25.064712875798648 ], [ 92.475122630305179, 25.068614617770436 ], [ 92.477046138068886, 25.076063016994681 ], [ 92.480678733636694, 25.083654959708667 ], [ 92.480263760364323, 25.093552061778269 ], [ 92.480835708501218, 25.098219138502486 ], [ 92.484840178231707, 25.105868801504016 ], [ 92.484840389572355, 25.105868801504016 ], [ 92.484840437236471, 25.105868894134233 ], [ 92.499615294810042, 25.105927625259767 ], [ 92.510273366322849, 25.103227217462177 ], [ 92.526990693865514, 25.103583334603286 ], [ 92.532474074419042, 25.101687138350826 ], [ 92.538498769502667, 25.097029501810084 ], [ 92.543398632141191, 25.097312970816972 ], [ 92.541274647507009, 25.101843317315286 ], [ 92.533524894458367, 25.109875903550176 ], [ 92.531807443858497, 25.117628569502926 ], [ 92.530719106801371, 25.11957693542729 ], [ 92.525715650357029, 25.123324062355664 ], [ 92.525191012855032, 25.137770378700054 ], [ 92.52795928079621, 25.137682075167675 ], [ 92.530693488713609, 25.134551199678185 ], [ 92.53612695959157, 25.132132256298632 ], [ 92.540439119769644, 25.135002901262908 ], [ 92.543607252372851, 25.132728434869421 ], [ 92.55364591942373, 25.128407264383782 ], [ 92.558308191070239, 25.127653753018365 ], [ 92.565958652669735, 25.128948969219607 ], [ 92.568491777573513, 25.127760704892694 ], [ 92.579476972084649, 25.129668649888345 ], [ 92.582122684014735, 25.129522340083952 ], [ 92.59485521629523, 25.125919169434155 ], [ 92.598847209730991, 25.122330807920491 ], [ 92.603564869723016, 25.122606508583544 ], [ 92.610425175281648, 25.121701911114371 ], [ 92.62200551863981, 25.115283716770136 ], [ 92.625067686824366, 25.116274068193718 ], [ 92.630347403310054, 25.122603171199444 ], [ 92.63116632146864, 25.129405815825805 ], [ 92.632807580605402, 25.135126743304625 ], [ 92.638402466300818, 25.142783847296755 ], [ 92.644447095756902, 25.148717177555739 ], [ 92.648645676057185, 25.150201001375137 ], [ 92.6515955638842, 25.149943128872337 ], [ 92.656112069816231, 25.151661813342059 ], [ 92.659906702532339, 25.156653700008292 ], [ 92.661201089558688, 25.159777889937743 ], [ 92.663360894189964, 25.170511792285424 ], [ 92.664728269294244, 25.172883630974866 ], [ 92.667293323727961, 25.174579537415752 ], [ 92.672627217172419, 25.175669241442392 ], [ 92.677429595999115, 25.179695421706413 ], [ 92.679813251780217, 25.18058340959675 ], [ 92.683218009503605, 25.179527406764464 ], [ 92.68799932890596, 25.179804760381444 ], [ 92.694296329711904, 25.178825100997642 ], [ 92.704977068636879, 25.187972905924937 ], [ 92.716583258510639, 25.191599824972002 ], [ 92.724535854546104, 25.19663379721203 ], [ 92.733676356978378, 25.200633663312942 ], [ 92.742364033673255, 25.200492490436147 ], [ 92.747481542139496, 25.205149270822233 ], [ 92.752011893134409, 25.204731379249779 ], [ 92.754861475976384, 25.202742193097777 ], [ 92.759212740475675, 25.201396084261944 ], [ 92.763750929062212, 25.201210592794666 ], [ 92.767961339044632, 25.202117332449006 ], [ 92.779863502998296, 25.200437390773004 ], [ 92.788054484127201, 25.206855916067695 ], [ 92.793187142572606, 25.209663694823689 ], [ 92.798717257295664, 25.210756087823256 ], [ 92.803846663792569, 25.214541335214506 ], [ 92.804710684750376, 25.21662337636775 ], [ 92.803374249921774, 25.218802369833554 ], [ 92.79465128562839, 25.223326440862593 ], [ 92.786614970804294, 25.228726677294389 ], [ 92.772570999452114, 25.230609443970707 ], [ 92.770628365806488, 25.237559047711954 ], [ 92.765013925252504, 25.246720662628547 ], [ 92.777061739807493, 25.25789088365741 ], [ 92.776545345491343, 25.260299778911701 ], [ 92.770135980691009, 25.266294459122037 ], [ 92.779851878361569, 25.27110171317355 ], [ 92.782482586002573, 25.273264178898785 ], [ 92.789512566651695, 25.275857436971194 ], [ 92.79260342500811, 25.282510749171763 ], [ 92.792597222383961, 25.284124171593305 ], [ 92.789219944345007, 25.288877241491548 ], [ 92.787317881814829, 25.298009445879302 ], [ 92.784244601607156, 25.305348233933898 ], [ 92.785162151112445, 25.308876994677632 ], [ 92.788445165811822, 25.3149552614762 ], [ 92.784800489650934, 25.329897155529352 ], [ 92.782897451356348, 25.331662708167471 ], [ 92.772903574140685, 25.336985137953832 ], [ 92.769939719842228, 25.33689260221189 ], [ 92.7637358537267, 25.332977742728701 ], [ 92.761030257740288, 25.332669592727598 ], [ 92.7592300955925, 25.337249909156014 ], [ 92.751660813096123, 25.34588287739291 ], [ 92.750604166349262, 25.351801946202897 ], [ 92.748743479827795, 25.355527497496041 ], [ 92.746202755652689, 25.358555832285901 ], [ 92.741136911439355, 25.3611544386265 ], [ 92.740623514563595, 25.362074769734875 ], [ 92.741111402169508, 25.364211154221437 ], [ 92.736641069230018, 25.371252161458131 ], [ 92.737591584284246, 25.378687773222225 ], [ 92.735370826302642, 25.379933473650965 ], [ 92.726000016487603, 25.377885900813737 ], [ 92.721947431229012, 25.372951314451655 ], [ 92.721135846142431, 25.372361881695554 ], [ 92.718678395591553, 25.37245768287579 ], [ 92.716940503401588, 25.376814941356486 ], [ 92.71349118966674, 25.382019852234464 ], [ 92.710322357390964, 25.383606482952871 ], [ 92.703515706284861, 25.384114831034651 ], [ 92.700982617353986, 25.385293208215046 ], [ 92.694138755898905, 25.397499727030834 ], [ 92.688800730069715, 25.401939202432288 ], [ 92.680703973609525, 25.406114948945799 ], [ 92.674448964847898, 25.414700024686454 ], [ 92.6716176067672, 25.414266541567713 ], [ 92.667728756576935, 25.41163692390495 ], [ 92.664366668986645, 25.406930960495458 ], [ 92.660772264928141, 25.407932123568685 ], [ 92.657566158451516, 25.413258780168633 ], [ 92.654345546809623, 25.421520644062525 ], [ 92.654993830301066, 25.432931583026175 ], [ 92.651250232312407, 25.429254641888235 ], [ 92.642350064703805, 25.417131965967485 ], [ 92.640323896630605, 25.417223573609078 ], [ 92.639940070477905, 25.417971136858512 ], [ 92.63865570459717, 25.420261653452599 ], [ 92.638661104126697, 25.426429750832369 ], [ 92.633389906019431, 25.430750740554288 ], [ 92.630038517663536, 25.432262631315439 ], [ 92.629257511325136, 25.428227867921805 ], [ 92.630044362357523, 25.424610394454191 ], [ 92.629371625400267, 25.422646153697087 ], [ 92.621376768423204, 25.42134851472224 ], [ 92.618624552481151, 25.419655396179621 ], [ 92.615519912014406, 25.415066181858833 ], [ 92.612563221715391, 25.413773191479663 ], [ 92.609848003882348, 25.414202415409193 ], [ 92.607755598941822, 25.416198061391469 ], [ 92.607728360275644, 25.424831492779219 ], [ 92.60852035543013, 25.428005962904933 ], [ 92.606075173430554, 25.439567057173974 ], [ 92.606331071921488, 25.446019562452875 ], [ 92.605300697968914, 25.447850008371233 ], [ 92.601935755930469, 25.450055405932289 ], [ 92.600983245280588, 25.451542182225978 ], [ 92.600573314506903, 25.454708240992602 ], [ 92.602200850888607, 25.461806746384298 ], [ 92.598982925521682, 25.46931812872873 ], [ 92.594518266404918, 25.468692666433469 ], [ 92.586280757051384, 25.46526899237017 ], [ 92.58314076423494, 25.470588189993009 ], [ 92.572316819066032, 25.461783355017872 ], [ 92.569975386454985, 25.462504881994732 ], [ 92.568244924463727, 25.465191208207727 ], [ 92.567415612840307, 25.472840472809651 ], [ 92.568685306281907, 25.4784942739916 ], [ 92.576473417214515, 25.488146632760959 ], [ 92.581918133215311, 25.492869748939825 ], [ 92.590385991320488, 25.497217573532225 ], [ 92.594453600653196, 25.500772455084757 ], [ 92.606456295321834, 25.505792922205671 ], [ 92.610448162852492, 25.510273077540546 ], [ 92.622467945539313, 25.513392038811617 ], [ 92.628458952918379, 25.51984798849395 ], [ 92.63849622152344, 25.526172301710403 ], [ 92.645544238076184, 25.535054913653369 ], [ 92.645832184807546, 25.544221303970062 ], [ 92.650763260216365, 25.557624227775932 ], [ 92.658238664282976, 25.560987093279778 ], [ 92.661516724617229, 25.567936142139274 ], [ 92.661605887002167, 25.579447312343632 ], [ 92.661386205109352, 25.582671752399506 ], [ 92.658512747965005, 25.586672035785853 ], [ 92.65437558866256, 25.589800568541477 ], [ 92.652102255414832, 25.59035583425441 ], [ 92.649262480579068, 25.589977815024213 ], [ 92.641549720243461, 25.585007497697916 ], [ 92.635063810546455, 25.576527103942738 ], [ 92.634153657065667, 25.572433895407983 ], [ 92.631478786416892, 25.568318218211232 ], [ 92.629782817023454, 25.56713971782375 ], [ 92.62702480495085, 25.565678131540608 ], [ 92.622031430805919, 25.565974167673744 ], [ 92.613415906718785, 25.563178325619276 ], [ 92.609629339122762, 25.563417268292369 ], [ 92.604426722415383, 25.558763068960502 ], [ 92.603521260697676, 25.555066679084007 ], [ 92.594405771109507, 25.551631379484604 ], [ 92.58841573679689, 25.550699856313372 ], [ 92.582353129893079, 25.557494264948446 ], [ 92.5770542758342, 25.557374763034943 ], [ 92.573453043223424, 25.558147564858302 ], [ 92.570516620046021, 25.562202042290494 ], [ 92.565680630856491, 25.566003956817212 ], [ 92.561953691010103, 25.572016544328108 ], [ 92.561932316823004, 25.58048214063831 ], [ 92.55735262902067, 25.590564531827738 ], [ 92.558269414102256, 25.593973680940678 ], [ 92.557224355119956, 25.603635489786086 ], [ 92.559658025797319, 25.606718428712554 ], [ 92.558678419473551, 25.609754551631283 ], [ 92.554301276083095, 25.611615216569021 ], [ 92.545583743694863, 25.612039289181894 ], [ 92.541507968517976, 25.61556608310832 ], [ 92.534333182630348, 25.613753371820678 ], [ 92.518379027869912, 25.617902392281621 ], [ 92.511651471238451, 25.615036205256729 ], [ 92.502818437121221, 25.620775230692402 ], [ 92.499047033893532, 25.624821259893281 ], [ 92.494406703906293, 25.6339866042984 ], [ 92.489463797916017, 25.647869570924001 ], [ 92.482555064764483, 25.661781046058479 ], [ 92.4758837463379, 25.67121045659735 ], [ 92.472781844306724, 25.672850429703601 ], [ 92.466687598354042, 25.680375864854341 ], [ 92.461130259354036, 25.680891778932505 ], [ 92.456507954478582, 25.682159280726296 ], [ 92.452555395415231, 25.684541536262941 ], [ 92.444333017155088, 25.685594139657894 ], [ 92.441285656308025, 25.687173632457245 ], [ 92.441744608227168, 25.686078992951195 ], [ 92.435614693363448, 25.685485050994373 ], [ 92.433426551993819, 25.688972546346008 ], [ 92.434649392555457, 25.693193532355679 ], [ 92.432843602450362, 25.702216567140908 ], [ 92.4285408365904, 25.70838621225397 ], [ 92.430971329063652, 25.711240181988842 ], [ 92.437775760642921, 25.713558682787038 ], [ 92.443337656507708, 25.718812818956508 ], [ 92.434511377198362, 25.729419451946228 ], [ 92.433356976843072, 25.72992306239945 ], [ 92.422710437336889, 25.727436204916955 ], [ 92.418342846545215, 25.727674974920205 ], [ 92.414134937577387, 25.730963339686411 ], [ 92.41463442014242, 25.73195345009168 ], [ 92.413837753009943, 25.735393746324405 ], [ 92.417776844725665, 25.738496689770443 ], [ 92.41212838371797, 25.741138094847258 ], [ 92.40618029558425, 25.741701517411173 ], [ 92.396158481828536, 25.73950467779872 ], [ 92.393549417271856, 25.740627659438985 ], [ 92.388366782600997, 25.741143144540558 ], [ 92.386379843854741, 25.742789094541138 ], [ 92.384958080451099, 25.745475348808327 ], [ 92.385754763771388, 25.748367914747519 ], [ 92.388377125703869, 25.750523511450922 ], [ 92.386538439297567, 25.751598692325842 ], [ 92.372900666532587, 25.744529526416557 ], [ 92.368969294597321, 25.740445731085686 ], [ 92.369749550001814, 25.738503601060415 ], [ 92.364416020782812, 25.734577634050595 ], [ 92.353251625562109, 25.732940291461318 ], [ 92.349499896802854, 25.730014926347849 ], [ 92.340456899766195, 25.724951528290433 ], [ 92.334980799224581, 25.72332696057083 ], [ 92.319139218899863, 25.721925098264705 ], [ 92.315399408855683, 25.72279936160129 ], [ 92.312975663096438, 25.724206506525093 ], [ 92.309750063814477, 25.724282347252597 ], [ 92.307581565436976, 25.721262744879823 ], [ 92.295073355550983, 25.715455553531001 ], [ 92.289467237323208, 25.714056828060222 ], [ 92.286113975679484, 25.714022178081109 ], [ 92.272022022798183, 25.709114654118025 ], [ 92.262365498369093, 25.708534144435248 ], [ 92.257233773419955, 25.708930447781995 ], [ 92.25510019391885, 25.708323051068021 ], [ 92.249583980916043, 25.70917437629646 ], [ 92.238381116295557, 25.706613009982448 ], [ 92.236286546686813, 25.707046112687976 ], [ 92.235386877502435, 25.708294835738116 ], [ 92.234184599939397, 25.713345459825177 ], [ 92.23056393297918, 25.714453066655778 ], [ 92.226483875230713, 25.712211310403688 ], [ 92.212185856192377, 25.69417475386183 ], [ 92.203106136239228, 25.687998294585668 ], [ 92.201628311797208, 25.68555582044479 ], [ 92.199861926386859, 25.684623247764705 ], [ 92.198472527784986, 25.685231387318709 ], [ 92.195639532038854, 25.684391803638903 ], [ 92.193543460562296, 25.68459356024465 ], [ 92.189475283757417, 25.681712600955848 ], [ 92.18635112530427, 25.679427106176036 ], [ 92.176521164819974, 25.668523267035198 ], [ 92.172517157341019, 25.665184236263542 ], [ 92.171325129351317, 25.664709689200834 ], [ 92.166044001829277, 25.667632000216713 ], [ 92.162275577156208, 25.670172194691077 ], [ 92.162091681985601, 25.671609150342078 ], [ 92.167050285642233, 25.676725590413696 ], [ 92.165947562130327, 25.683162587783272 ], [ 92.16206026956587, 25.689212909947912 ], [ 92.163055753420338, 25.694298336898783 ], [ 92.159196592548767, 25.699367215424729 ], [ 92.157477270459708, 25.707468773365235 ], [ 92.152703301216434, 25.710170516656092 ], [ 92.151215465521375, 25.712850314690343 ], [ 92.152653263837124, 25.717711671956124 ], [ 92.155371676961408, 25.721031822360771 ], [ 92.157933753739826, 25.723140324266581 ], [ 92.162578597424385, 25.72458197437868 ], [ 92.165884392850501, 25.727052394952125 ], [ 92.167185514899643, 25.73276963071396 ], [ 92.166512826505823, 25.743070576046307 ], [ 92.159926703554561, 25.755534404389323 ], [ 92.159092234319189, 25.760305846537619 ], [ 92.157660119718798, 25.762879520973172 ], [ 92.155808309505915, 25.771258951439506 ], [ 92.155927442697362, 25.775068906804677 ], [ 92.156905580428258, 25.776978143226756 ], [ 92.152721883008553, 25.781988625174961 ], [ 92.152911790147073, 25.785793085682428 ], [ 92.15541921422539, 25.793830931152627 ], [ 92.154860112903918, 25.811100363291189 ], [ 92.157508083031644, 25.814943213158813 ], [ 92.164860782699009, 25.820172360765866 ], [ 92.165041813528944, 25.824092820327451 ], [ 92.167305290207025, 25.831378332544034 ], [ 92.171117475890867, 25.83367482693177 ], [ 92.173214206570435, 25.836064500975965 ], [ 92.17702720074476, 25.844867834982665 ], [ 92.180089013697057, 25.846410227150329 ], [ 92.182744117247296, 25.849670302842242 ], [ 92.182584162928833, 25.861532812089649 ], [ 92.180911245857374, 25.866235823024851 ], [ 92.181689066797048, 25.868493106072037 ], [ 92.182859637862066, 25.869948327853081 ], [ 92.188744653842775, 25.873134977497273 ], [ 92.19676506055913, 25.879580365541472 ], [ 92.205140396412219, 25.88838503684002 ], [ 92.208217907930191, 25.889754897670457 ], [ 92.214657570890267, 25.890407941273509 ], [ 92.217405544730184, 25.892122109347895 ], [ 92.220039411689584, 25.898486532327638 ], [ 92.225656448586278, 25.898968348610424 ], [ 92.226844088783707, 25.89990458872586 ], [ 92.227289439356184, 25.905328209329468 ], [ 92.225675365825509, 25.908519454509246 ], [ 92.224412255421328, 25.909604572892761 ], [ 92.219360676254269, 25.908210082329504 ], [ 92.209370831598676, 25.908828987667675 ], [ 92.206980237548009, 25.907012572971894 ], [ 92.202437384177983, 25.906551986984653 ], [ 92.199565947810299, 25.90956664308618 ], [ 92.19885229169995, 25.911973195606549 ], [ 92.199027615432158, 25.916355538877042 ], [ 92.193898619925449, 25.914098302594653 ], [ 92.188591890503403, 25.91414051946947 ], [ 92.185502373036172, 25.911159435059915 ], [ 92.185013504269875, 25.909253695201926 ], [ 92.182757797734212, 25.906923034670342 ], [ 92.176177524872912, 25.907526471669371 ], [ 92.165582895134548, 25.910147946870325 ], [ 92.161813282457103, 25.913550764756053 ], [ 92.162083507148168, 25.924326004441582 ], [ 92.163336304127199, 25.930905275458144 ], [ 92.159446630157902, 25.937651334741361 ], [ 92.158050321165433, 25.941366987196773 ], [ 92.158253116488197, 25.943165898387576 ], [ 92.162718138931041, 25.949900181947896 ], [ 92.167270669905577, 25.952314560368734 ], [ 92.16927877419613, 25.957121384544337 ], [ 92.167518851314014, 25.962800355951742 ], [ 92.169357144716514, 25.966045824854973 ], [ 92.175056168307606, 25.970554447329903 ], [ 92.178902217063751, 25.971453719013994 ], [ 92.182932878649467, 25.973580818000414 ], [ 92.193570071501654, 25.983538576644037 ], [ 92.202851226103235, 25.983937291972495 ], [ 92.209325128951605, 25.986546032773219 ], [ 92.21104354002739, 25.987999515265471 ], [ 92.210553826797707, 25.98872681768853 ], [ 92.209657532768972, 25.990057093060443 ], [ 92.212947772621646, 25.992975694372831 ], [ 92.217149356657558, 25.994585058153973 ], [ 92.221134593486738, 25.999092912607864 ], [ 92.223354710251726, 26.000552995224609 ], [ 92.257671347554719, 26.027202627898987 ], [ 92.303534662994366, 26.074718834306793 ], [ 92.301625615429884, 26.074966591235238 ], [ 92.299278647491633, 26.077391799292172 ], [ 92.297948933296709, 26.077127381523496 ], [ 92.295889641393899, 26.076034071215474 ], [ 92.292019966548253, 26.072031655536534 ], [ 92.292103280641925, 26.071046019258461 ], [ 92.290026742440261, 26.068240857529588 ], [ 92.282708822254392, 26.067433465082388 ], [ 92.27567080706217, 26.063283538104827 ], [ 92.275703151179528, 26.064148900851137 ], [ 92.27430032030361, 26.064869113019199 ], [ 92.270642470873383, 26.066219861457512 ], [ 92.267676139842024, 26.063673735954183 ], [ 92.253455810537275, 26.062647095986733 ], [ 92.243179159490694, 26.060842458812488 ], [ 92.230363778065964, 26.065955241341385 ], [ 92.220407258688113, 26.068482811132867 ], [ 92.218151613306361, 26.067625459547344 ], [ 92.215607620095625, 26.068019148564929 ], [ 92.21404939985996, 26.069305133225384 ], [ 92.212467260355822, 26.069443069442173 ], [ 92.210927212720776, 26.069019832299489 ], [ 92.211381967503883, 26.067515066866918 ], [ 92.210321678502737, 26.066910248509203 ], [ 92.203882698128098, 26.068375924009729 ], [ 92.191423702741758, 26.065242958495787 ], [ 92.190418749925414, 26.067237773504473 ], [ 92.186676187056435, 26.067554126221978 ], [ 92.18441975656657, 26.068709576985441 ], [ 92.182515872009958, 26.066877723628068 ], [ 92.18096833032422, 26.067585381260415 ], [ 92.183047847979878, 26.074551653036394 ], [ 92.18041812509648, 26.077888185491418 ], [ 92.171195516360058, 26.075982471713758 ], [ 92.156785389634081, 26.066461289856704 ], [ 92.152633393316535, 26.06330420362616 ], [ 92.151083353314164, 26.060036152746306 ], [ 92.148325670393433, 26.056968582334264 ], [ 92.145881009101345, 26.056051116465881 ], [ 92.140257942250287, 26.051240275018756 ], [ 92.135214636846058, 26.044310666803881 ], [ 92.129128471301954, 26.044328156819006 ], [ 92.125484696261765, 26.043319317132841 ], [ 92.118350281840094, 26.044992480618532 ], [ 92.111021222651345, 26.048162631300443 ], [ 92.095487107943711, 26.046983884498729 ], [ 92.083286243165674, 26.042100350850546 ], [ 92.080995535915292, 26.040265179894163 ], [ 92.075782702909464, 26.038767588353551 ], [ 92.072618546209014, 26.03634442085837 ], [ 92.065364831321972, 26.03321341226922 ], [ 92.055026258355213, 26.031336932753277 ], [ 92.052358039092269, 26.031548271635472 ], [ 92.041811247890848, 26.034747332823201 ], [ 92.038295235936459, 26.03793268474567 ], [ 92.036947981364335, 26.03822171875737 ], [ 92.030094563713192, 26.038442380911192 ], [ 92.02607639101268, 26.036975503916437 ], [ 92.024407130584677, 26.03780627693817 ], [ 92.019838294002113, 26.038136077218212 ], [ 92.010396542066815, 26.038006552360571 ], [ 92.005626787046651, 26.036587914101005 ], [ 92.002674644619219, 26.037743640956307 ], [ 91.999873487571449, 26.037414991808475 ], [ 91.993314088874172, 26.039610464451414 ], [ 91.989651626821171, 26.037307163095136 ], [ 91.986477423794156, 26.029126037636559 ], [ 91.98042436409321, 26.024444349627061 ], [ 91.960065387507711, 26.017501952153395 ], [ 91.954680234505304, 26.016424573335428 ], [ 91.948585435469511, 26.013125504838229 ], [ 91.943561579703214, 26.0126248450606 ], [ 91.936236558470455, 26.013302495014159 ], [ 91.930175749311445, 26.002241727773594 ], [ 91.929089290038746, 26.000258722661954 ], [ 91.928105684429852, 25.998381210724347 ], [ 91.924366353724281, 25.998169362825877 ], [ 91.921848910299047, 25.998782454946365 ], [ 91.921812066873429, 26.000239577894263 ], [ 91.920998890886153, 26.00589283948301 ], [ 91.917942405517636, 26.008984866058768 ], [ 91.919147828009898, 26.012410524925826 ], [ 91.919278213518794, 26.020115192262381 ], [ 91.913971926563192, 26.022488379035508 ], [ 91.909778095582681, 26.025773377639325 ], [ 91.903261490225646, 26.024942486806367 ], [ 91.894299904317165, 26.028231679848204 ], [ 91.88559457033324, 26.028693776696514 ], [ 91.872559817281797, 26.050897514608664 ], [ 91.871759859529959, 26.055570436926189 ], [ 91.877668646390987, 26.083270895935129 ], [ 91.878251701155136, 26.096438509429731 ], [ 91.867171933038321, 26.099060826396055 ], [ 91.856320599915819, 26.10352981215118 ], [ 91.829082710798502, 26.116906717670929 ], [ 91.821858192401692, 26.11752005350769 ], [ 91.818104277390546, 26.110211429613855 ], [ 91.813348369231903, 26.103943571338789 ], [ 91.810600899012343, 26.102605580683075 ], [ 91.804334524618696, 26.103727045167034 ], [ 91.792899687070985, 26.085819741887633 ], [ 91.787128077398904, 26.085379771958969 ], [ 91.782972922662282, 26.087097677615759 ], [ 91.781064784312377, 26.090057982290091 ], [ 91.762003784846854, 26.070117337944851 ], [ 91.733824767798865, 26.058063515019228 ], [ 91.737143739192277, 26.055486774794872 ], [ 91.735515691995658, 26.04987165525273 ], [ 91.72896268028353, 26.045763383073734 ], [ 91.725713909969045, 26.029177660520645 ], [ 91.727172915197912, 26.026108679072308 ], [ 91.725294362744705, 26.018656556654832 ], [ 91.723667210373492, 26.000697288748938 ], [ 91.722245179871209, 25.977150346811129 ], [ 91.72406851485016, 25.963920816792324 ], [ 91.722614287719239, 25.952918693442996 ], [ 91.716372146457445, 25.946085941313186 ], [ 91.710604240193561, 25.943228862621936 ], [ 91.703355440101518, 25.940755539036957 ], [ 91.70440966767211, 25.936789134910725 ], [ 91.694750808602976, 25.927983009408422 ], [ 91.688834817273062, 25.920113666312716 ], [ 91.681052380163294, 25.916202233246509 ], [ 91.678430195397254, 25.910720978690279 ], [ 91.671744164961297, 25.904284631530572 ], [ 91.669678471684165, 25.907084808317279 ], [ 91.664392543581073, 25.908778947590406 ], [ 91.65932969321085, 25.906785944715637 ], [ 91.653935783509667, 25.906581050375223 ], [ 91.650378133843844, 25.912655199178175 ], [ 91.635308792366914, 25.924701488482981 ], [ 91.625269816848629, 25.929925710503198 ], [ 91.613676711211326, 25.938879716026122 ], [ 91.613480312766285, 25.943547518503237 ], [ 91.627171141035376, 25.944906343752791 ], [ 91.632640296112811, 25.943573994544238 ], [ 91.636634640376428, 25.959427324511466 ], [ 91.640495883178517, 25.963782214177911 ], [ 91.634702698770582, 25.96972743797096 ], [ 91.630601648147604, 25.975919769381903 ], [ 91.629375650066265, 25.981329207676822 ], [ 91.627305782136204, 25.984830621835783 ], [ 91.631272086437718, 25.994066281533719 ], [ 91.629321518972972, 25.996584765474609 ], [ 91.633036178576845, 25.998772012018776 ], [ 91.634647101782377, 26.00080247615341 ], [ 91.635626293518669, 26.003849820812604 ], [ 91.634718000735177, 26.012895931302239 ], [ 91.636014748481898, 26.016791730553962 ], [ 91.634787594771751, 26.021351851806571 ], [ 91.62873393612233, 26.022921469150504 ], [ 91.622918845128652, 26.025982470015038 ], [ 91.619192241628696, 26.023671238436975 ], [ 91.604524071528715, 26.021604008218446 ], [ 91.599472240551506, 26.019769677228851 ], [ 91.599723041685081, 26.016025940744612 ], [ 91.590819584356382, 26.029138415005889 ], [ 91.586796885368017, 26.030970409556801 ], [ 91.578541832939322, 26.032106532090836 ], [ 91.572735570590169, 26.026477938905828 ], [ 91.571497097113422, 26.020735627347392 ], [ 91.572394390288935, 26.015836151417318 ], [ 91.571270056068272, 26.010953120490171 ], [ 91.5678157430022, 26.006511086517492 ], [ 91.568766667247928, 26.002761500842666 ], [ 91.568050538901332, 26.000843777518355 ], [ 91.557496525244517, 25.985620410953231 ], [ 91.553903343364652, 25.973909051661451 ], [ 91.551592932867607, 25.974112881204576 ], [ 91.539948386908577, 25.967411914828062 ], [ 91.539812016411474, 25.961130565822998 ], [ 91.535069984792017, 25.961265237500754 ], [ 91.528512868574069, 25.960357609316247 ], [ 91.526460378243939, 25.958446455539558 ], [ 91.521153627238164, 25.957191782574739 ], [ 91.5208468792801, 25.951837014066996 ], [ 91.52242294566247, 25.939935737744179 ], [ 91.518938386597313, 25.937373455020975 ], [ 91.504263536333212, 25.919806998394336 ], [ 91.505963169564666, 25.913375775571637 ], [ 91.508197831065104, 25.912125467916042 ], [ 91.509644784479292, 25.912780303867976 ], [ 91.513387502930982, 25.914474003372618 ], [ 91.519463909931574, 25.919059951355734 ], [ 91.524311682038558, 25.923884462497995 ], [ 91.538511367405761, 25.933028058598097 ], [ 91.533928571546426, 25.922751215096525 ], [ 91.527394022915871, 25.919819968416846 ], [ 91.511149301698993, 25.908809710699643 ], [ 91.503763706629798, 25.897530180673357 ], [ 91.50586132404095, 25.891212469380037 ], [ 91.501214632249514, 25.891524090764221 ], [ 91.498926903553809, 25.892778339248991 ], [ 91.495530201957308, 25.894640271331525 ], [ 91.491152362491619, 25.893916262225787 ], [ 91.485987463350796, 25.890129737797224 ], [ 91.481283384021026, 25.883756382750903 ], [ 91.478556028937646, 25.877116878740992 ], [ 91.477354805380003, 25.870309209602397 ], [ 91.479980323033544, 25.867797826708397 ], [ 91.496263573005535, 25.86459080292326 ], [ 91.500883146639978, 25.866247739041967 ], [ 91.510344613513155, 25.86648891563101 ], [ 91.516100977877898, 25.869990794739408 ], [ 91.519805140594826, 25.873704591893443 ], [ 91.522318888705797, 25.877063336703657 ], [ 91.524785333376485, 25.884963450103214 ], [ 91.528359001766603, 25.889143771467957 ], [ 91.532305266474907, 25.88870791413899 ], [ 91.5346057367654, 25.887175424406337 ], [ 91.535153808801283, 25.883091000449383 ], [ 91.531430048957645, 25.879900587142458 ], [ 91.527946136505079, 25.871923759773722 ], [ 91.524317917937594, 25.873388338101392 ], [ 91.521665426917991, 25.872158761617584 ], [ 91.515310921661751, 25.865603951261392 ], [ 91.510432016824154, 25.86384661213151 ], [ 91.498586696319023, 25.861390724602302 ], [ 91.485623572469933, 25.861975527648553 ], [ 91.480983916974253, 25.856755974009047 ], [ 91.477552328876925, 25.856270922864837 ], [ 91.472266171446734, 25.857834137035866 ], [ 91.471310668752437, 25.85811667254643 ], [ 91.457554916626179, 25.850407212722757 ], [ 91.44999094372713, 25.844760828249662 ], [ 91.446987905967148, 25.840130609340179 ], [ 91.443813401667228, 25.840738386467422 ], [ 91.433463351552518, 25.846873440057266 ], [ 91.426929702244024, 25.852680994732168 ], [ 91.421524733579645, 25.853849229358502 ], [ 91.415371745709535, 25.853050467704975 ], [ 91.407734711887485, 25.849013867895735 ], [ 91.403849980592213, 25.850240562052363 ], [ 91.391185548574242, 25.846452223691244 ], [ 91.384787463970326, 25.846099554550847 ], [ 91.379543267108147, 25.844046503943048 ], [ 91.373191992216732, 25.843472967603418 ], [ 91.366378713107167, 25.839669623154634 ], [ 91.359579543461223, 25.840646890341759 ], [ 91.356008167443008, 25.836924515454086 ], [ 91.351272928402977, 25.839536912898268 ], [ 91.347090963077562, 25.838632915276889 ], [ 91.345197382053584, 25.835300284080915 ], [ 91.339150148160854, 25.837615720888834 ], [ 91.336286121307523, 25.838046303694 ], [ 91.334879774981687, 25.832909968820047 ], [ 91.335149266725352, 25.831297823435875 ], [ 91.333480184363054, 25.82944191591173 ], [ 91.327693550616914, 25.823006990580211 ], [ 91.309018721836594, 25.795601850045387 ], [ 91.299578729874554, 25.777493112117497 ], [ 91.289968673415615, 25.76335662300977 ], [ 91.282258811594943, 25.755913051346283 ], [ 91.279146089820244, 25.750927859233343 ], [ 91.278303997031912, 25.74619770136286 ], [ 91.264959653265464, 25.748555928813118 ], [ 91.258062328913411, 25.747103752136525 ], [ 91.235193312121737, 25.728459895108131 ], [ 91.226569731907659, 25.722727772868495 ], [ 91.22413607472015, 25.725354819369443 ], [ 91.218571949435955, 25.723222943184339 ], [ 91.200737294290775, 25.730303713045998 ], [ 91.194723937859521, 25.728914253290213 ], [ 91.195092376611967, 25.735423652379723 ], [ 91.191448595276484, 25.738266569446694 ], [ 91.191964144229928, 25.762803313322308 ], [ 91.188492295283254, 25.76621987914416 ], [ 91.18871520214492, 25.769277836702827 ], [ 91.18397788477165, 25.772683879557462 ], [ 91.182735290601215, 25.775658118327556 ], [ 91.186782876528582, 25.78192070657542 ], [ 91.18758064533057, 25.794362213745217 ], [ 91.190081386546808, 25.802623864499822 ], [ 91.193792406594355, 25.810032091907544 ], [ 91.191007823152574, 25.814898993493784 ], [ 91.192729657947439, 25.820096632453669 ], [ 91.197156193903311, 25.825717750473871 ], [ 91.197358672664677, 25.82993090878449 ], [ 91.205495197145694, 25.839853724270029 ], [ 91.201535136837151, 25.8469562559265 ], [ 91.201004967605229, 25.854143659302508 ], [ 91.199363909916542, 25.858332740063929 ], [ 91.195919737605891, 25.854556324015164 ], [ 91.188366390196791, 25.849294230644261 ], [ 91.184628599130576, 25.843447914289868 ], [ 91.181913232909437, 25.842092602691537 ], [ 91.171082899856003, 25.844976220376338 ], [ 91.164560402140921, 25.848652654296586 ], [ 91.155793609387615, 25.849425353597269 ], [ 91.148332232046926, 25.846702403393238 ], [ 91.140842660960118, 25.841498187691286 ], [ 91.134635145395691, 25.841320098543747 ], [ 91.129283806002888, 25.837577441245969 ], [ 91.123716757022805, 25.830720936222292 ], [ 91.084326630369731, 25.828750125917622 ], [ 91.069523016973733, 25.825185799684959 ], [ 91.0662344939268, 25.819798849837127 ], [ 91.062009724469249, 25.821705737230047 ], [ 91.052902073372024, 25.828339767066666 ], [ 91.060227372495319, 25.831473612117577 ], [ 91.064815762137755, 25.83550360101043 ], [ 91.070517232784141, 25.835734340067802 ], [ 91.075889762002987, 25.83775134135135 ], [ 91.076021027948116, 25.841895572922397 ], [ 91.081545697276169, 25.852037972274672 ], [ 91.068923638615104, 25.845848798383372 ], [ 91.052137540814897, 25.848248103267395 ], [ 91.045016708854064, 25.838841328664444 ], [ 91.027977422220317, 25.827014160075464 ], [ 91.023847953020663, 25.82208302171415 ], [ 91.015755040262945, 25.820547988698763 ], [ 91.009160549120111, 25.820240096803047 ], [ 91.003832404142202, 25.821720553560738 ], [ 91.004654878220094, 25.825275828117014 ], [ 91.011759454035655, 25.837722056727614 ], [ 91.015811587834548, 25.84829844102029 ], [ 91.016198285522535, 25.856651692221874 ], [ 91.018206265706681, 25.858516842977963 ], [ 91.024911256549331, 25.860782603934069 ], [ 91.029598414235465, 25.866070974595857 ], [ 91.032204394117571, 25.879296919916953 ], [ 91.03233842907531, 25.887487972092288 ], [ 91.031399137560186, 25.888011501629535 ], [ 91.02879680622766, 25.887831601247456 ], [ 91.023732232756402, 25.886732561358656 ], [ 91.016848865882537, 25.883777875648491 ], [ 91.004472087416957, 25.885960541046188 ], [ 91.000034318029407, 25.888152856169427 ], [ 90.987960615589998, 25.889422049587949 ], [ 90.978556265559291, 25.888932797710481 ], [ 90.974500158555543, 25.887156444214554 ], [ 90.97063162584891, 25.886668064679498 ], [ 90.96978774790631, 25.890488606863755 ], [ 90.970493676142326, 25.896128650217065 ], [ 90.970096058886043, 25.904827652074516 ], [ 90.963875839498428, 25.927194859755048 ], [ 90.96116297609052, 25.933435732073406 ], [ 90.957094167062223, 25.936205064811929 ], [ 90.948840464515911, 25.938622916414488 ], [ 90.946051615589624, 25.947074427542873 ], [ 90.940777667355519, 25.944270800956758 ], [ 90.937939219919144, 25.940645103189013 ], [ 90.935358172841461, 25.939179258615923 ], [ 90.921623380314827, 25.942677653750764 ], [ 90.919178688445754, 25.942678597139604 ], [ 90.91958340764819, 25.927662598050517 ], [ 90.922386997362082, 25.912833273936485 ], [ 90.919348100034824, 25.914583389711709 ], [ 90.915803020193266, 25.919829702678669 ], [ 90.904491138855008, 25.929127706078816 ], [ 90.898695425553512, 25.931052111365887 ], [ 90.900358450981798, 25.934913107753744 ], [ 90.899772906894214, 25.937012167677437 ], [ 90.89571403627383, 25.93860243705285 ], [ 90.891700125460488, 25.943161044746489 ], [ 90.886333610008137, 25.951297955935956 ], [ 90.884783912647492, 25.950188231201935 ], [ 90.883571279391106, 25.945801870659864 ], [ 90.878600446753296, 25.948669028053246 ], [ 90.875772058233963, 25.946273598347943 ], [ 90.87623317302257, 25.942476136364633 ], [ 90.872942528474994, 25.941954070923657 ], [ 90.860169970967434, 25.943889268974658 ], [ 90.846630553457317, 25.94437725550597 ], [ 90.84443410684861, 25.942740124257398 ], [ 90.843218950094524, 25.938007688404127 ], [ 90.840131955225615, 25.937775258621343 ], [ 90.839592679458633, 25.946833530642948 ], [ 90.835657115783306, 25.944851446437156 ], [ 90.831406032162704, 25.947011640474898 ], [ 90.827277769853254, 25.944682851432503 ], [ 90.823855974473702, 25.948012465402996 ], [ 90.818023914172386, 25.950081411527947 ], [ 90.813323073301262, 25.951748878707861 ], [ 90.812114909675415, 25.946785022111158 ], [ 90.800523635057743, 25.941070669575765 ], [ 90.795117885781849, 25.935346154701335 ], [ 90.785106834213082, 25.920864998620857 ], [ 90.781895379468267, 25.913921990507504 ], [ 90.781471344626937, 25.907897626374393 ], [ 90.772445876276208, 25.908140194214639 ], [ 90.761152521871452, 25.910703288126285 ], [ 90.76107128161442, 25.916194978415547 ], [ 90.76239887970462, 25.921270851868371 ], [ 90.753506842866557, 25.918877636293928 ], [ 90.748893696686821, 25.911929462474745 ], [ 90.745794887424154, 25.912572685481109 ], [ 90.743982044835548, 25.914848171705785 ], [ 90.74963694408973, 25.921567558895788 ], [ 90.756098556803011, 25.933592434443369 ], [ 90.754169580261987, 25.933711995712088 ], [ 90.750948927251272, 25.931955268121158 ], [ 90.74760003541337, 25.932422021659022 ], [ 90.743769452298466, 25.94053502796919 ], [ 90.748193229134301, 25.946139840381363 ], [ 90.74728656142571, 25.949058523532074 ], [ 90.748118465794619, 25.950248161123795 ], [ 90.749533386256815, 25.952271450467094 ], [ 90.75093957699994, 25.956949632019928 ], [ 90.747066744634594, 25.956299078639631 ], [ 90.744310293785077, 25.954827028744432 ], [ 90.74378484689322, 25.954546431272831 ], [ 90.735793516157912, 25.95220523158622 ], [ 90.728904124725659, 25.948403442964548 ], [ 90.7241926322842, 25.948816110375219 ], [ 90.721265991032737, 25.954356059184818 ], [ 90.716628698056013, 25.951838108541949 ], [ 90.689602398731779, 25.950472627409852 ], [ 90.679203161097064, 25.93615527474617 ], [ 90.673730328691761, 25.93393802501987 ], [ 90.657552843488986, 25.929354020471692 ], [ 90.641394593885479, 25.923032335074254 ], [ 90.630910531296024, 25.916699561935275 ], [ 90.630422569945722, 25.910984218347039 ], [ 90.632507091429204, 25.906260228027179 ], [ 90.63028225322347, 25.901065030726613 ], [ 90.628362706973405, 25.898607896737076 ], [ 90.617773445288321, 25.899229845381115 ], [ 90.614324020936863, 25.907165670859058 ], [ 90.611673138804349, 25.907738763832924 ], [ 90.610094965310452, 25.911998777721465 ], [ 90.611158124947565, 25.919298934498272 ], [ 90.632614244751665, 25.937137167146602 ], [ 90.609022826842022, 25.946664974309158 ], [ 90.605578373942876, 25.951499572247485 ], [ 90.595516933359818, 25.951834591293391 ], [ 90.590926086769571, 25.953637391152711 ], [ 90.586133794738885, 25.959518198306284 ], [ 90.582475789725947, 25.957755622424088 ], [ 90.576458862086895, 25.947881351443243 ], [ 90.576415158632699, 25.943736792519019 ], [ 90.575017222766689, 25.938770817119575 ], [ 90.566911991095594, 25.935307913729275 ], [ 90.557018990833797, 25.928865660721726 ], [ 90.550487042143345, 25.919629767200036 ], [ 90.542851628899598, 25.915224948972252 ], [ 90.537274420278322, 25.908562690315932 ], [ 90.529140904928852, 25.900777019244117 ], [ 90.521692160364978, 25.896261722900249 ], [ 90.516224238258076, 25.896018007525072 ], [ 90.514782005385314, 25.899921727106062 ], [ 90.522208885631642, 25.90916761479366 ], [ 90.529878144860561, 25.928043576949563 ], [ 90.535910323202927, 25.932308487646651 ], [ 90.537460354212044, 25.93605107209936 ], [ 90.538505307973651, 25.945396297101468 ], [ 90.538194513066401, 25.957776607204721 ], [ 90.533577453037083, 25.96161390106073 ], [ 90.527812709688874, 25.969652997487913 ], [ 90.51733039718016, 25.98212571113271 ], [ 90.509532071747799, 25.995781735638616 ], [ 90.503955189580381, 26.00112661879848 ], [ 90.501750091493591, 26.003415897925379 ], [ 90.496187378145066, 26.006282229741146 ], [ 90.493428209544277, 26.009406826164138 ], [ 90.485079994546197, 26.013789036335027 ], [ 90.481154607599137, 26.015035991317973 ], [ 90.474763049375269, 26.012380142229858 ], [ 90.469163664371649, 26.007004459088591 ], [ 90.462949424576323, 26.003021515530577 ], [ 90.461782921144959, 26.001130169321925 ], [ 90.461382947664958, 25.999371781582511 ], [ 90.45096789005612, 25.996316535479764 ], [ 90.432493278242248, 25.988846738686107 ], [ 90.421329659136518, 25.992141097433773 ], [ 90.420403134397191, 25.996654683267082 ], [ 90.417854777675927, 26.001124525176749 ], [ 90.414960799801122, 26.005677396994315 ], [ 90.411485669228284, 26.007376785610234 ], [ 90.404131780657224, 26.009090956382579 ], [ 90.401234147937657, 26.012047676359202 ], [ 90.4004305398376, 26.013955764347088 ], [ 90.397890104344924, 26.013917919076732 ], [ 90.391307224348964, 26.011082417819352 ], [ 90.384753151436826, 26.011469083131715 ], [ 90.368967314689883, 26.010145906108733 ], [ 90.350632917075529, 26.002786529874527 ], [ 90.348840021449917, 26.001079095024295 ], [ 90.343307506436304, 25.996700319364322 ], [ 90.340890639591407, 25.990020202870141 ], [ 90.333920145498382, 25.988347491743411 ], [ 90.333030982194146, 25.982557540398204 ], [ 90.328303403579298, 25.974250101560983 ], [ 90.290584184012914, 25.963791952037013 ], [ 90.281818644914608, 25.963052202996835 ], [ 90.231421503499632, 25.955050355589492 ], [ 90.216810029359408, 25.953805696575671 ], [ 90.215179668207156, 25.955550223064392 ], [ 90.212508248257109, 25.961486712641715 ], [ 90.198058718635025, 25.956922457205678 ], [ 90.193527155353991, 25.95316036825642 ], [ 90.189749574683162, 25.945497274779484 ], [ 90.186588347074633, 25.944375887637136 ], [ 90.184619562942544, 25.946930991971726 ], [ 90.180211617771988, 25.957002648853233 ], [ 90.176763740254444, 25.958676525501289 ], [ 90.172587891218257, 25.957312164025211 ], [ 90.167621172978784, 25.957286277040112 ], [ 90.162509503810611, 25.95819218841882 ], [ 90.158614465385313, 25.9601485016521 ], [ 90.157750124268887, 25.963723968686281 ], [ 90.157529129365912, 25.964638094472548 ], [ 90.151541954897368, 25.96442459991539 ], [ 90.144167796506679, 25.958083771548843 ], [ 90.138228015410618, 25.957755985750168 ], [ 90.132610344491866, 25.958716957221839 ], [ 90.127394912445311, 25.957105425175257 ], [ 90.124159186797101, 25.957671177882617 ], [ 90.122818285035862, 25.961208446212879 ], [ 90.117942479262069, 25.957388301528965 ], [ 90.115080240260966, 25.954055196390243 ], [ 90.112050742647739, 25.950543649569795 ], [ 90.109505451715279, 25.941885714354271 ], [ 90.104680785889627, 25.942033094351871 ], [ 90.103289193841306, 25.939222294773117 ], [ 90.100269613052262, 25.939487438294691 ], [ 90.096897291177129, 25.938111801118794 ], [ 90.09213465429093, 25.93616880594567 ], [ 90.096088806053615, 25.928721502095698 ], [ 90.091545785409721, 25.926239642145845 ], [ 90.08488431905613, 25.924508413932188 ], [ 90.083590155960962, 25.919251134632191 ], [ 90.082132571660907, 25.917657545859129 ], [ 90.076582011750475, 25.919317929978547 ], [ 90.071785825655411, 25.916141572175889 ], [ 90.067473651088164, 25.91553506758936 ], [ 90.063083258885342, 25.910261364870166 ], [ 90.059228221405363, 25.908079902765337 ], [ 90.056348397060958, 25.898681657332645 ], [ 90.046256438883631, 25.89074565558758 ], [ 90.038688015239757, 25.893512904596946 ], [ 90.032096088963385, 25.894311901872811 ], [ 90.025445438756037, 25.893200241797786 ], [ 90.0194407014273, 25.888633628339335 ], [ 90.008939710898971, 25.878696836489837 ], [ 90.01395882004357, 25.875740016688496 ], [ 90.018543858812109, 25.871805453059267 ], [ 90.022884798194923, 25.87137809792091 ], [ 90.02554922052019, 25.86850340241017 ], [ 90.026054788797524, 25.86553727642422 ], [ 90.024920679845536, 25.861625313657328 ], [ 90.015661023537461, 25.849690031269972 ], [ 90.012471177702764, 25.846855831331595 ], [ 90.004423433394777, 25.848623978513842 ], [ 90.001714528802495, 25.846718138831079 ], [ 90.001590910692016, 25.844235326499188 ], [ 90.003981691801698, 25.84371712094844 ], [ 90.005743809928958, 25.842270715221389 ], [ 90.001943189526628, 25.83970165700589 ], [ 89.998854233236329, 25.838793424476989 ], [ 89.994964320946735, 25.835538099004111 ], [ 89.980053073090914, 25.834079317706426 ], [ 89.97769485553323, 25.828183725698409 ], [ 89.97213123566803, 25.826193112322301 ], [ 89.963036487144223, 25.826619478206396 ], [ 89.954758948966401, 25.824917449180987 ], [ 89.948760698447529, 25.824531230831667 ], [ 89.95000844843122, 25.820281795668393 ], [ 89.949803336454863, 25.816157547033242 ], [ 89.953519855856712, 25.814480481389182 ], [ 89.956160464134143, 25.810971915821312 ], [ 89.954950347180841, 25.792041396293428 ], [ 89.956747385983135, 25.783485410923049 ], [ 89.959140266110467, 25.78170369387044 ], [ 89.95936389782571, 25.774530686841786 ], [ 89.956506232776462, 25.770234930297818 ], [ 89.950803258463679, 25.764793137093648 ], [ 89.947644459923936, 25.760613472234013 ], [ 89.937830571223969, 25.752611445861589 ], [ 89.938750307880468, 25.747621721165558 ], [ 89.937611163624354, 25.744641072027889 ], [ 89.932044196482536, 25.741440794956759 ], [ 89.925977071384807, 25.739268691197196 ], [ 89.920238436254863, 25.73928471531741 ], [ 89.915513446788225, 25.741657545059695 ], [ 89.903219110973225, 25.744153183522656 ], [ 89.899562065536941, 25.744220129055748 ], [ 89.896755351578292, 25.73510023728619 ], [ 89.898373593466602, 25.727349438325973 ], [ 89.908983758093996, 25.714873683174005 ], [ 89.916719935876415, 25.707170193949366 ], [ 89.918350882487289, 25.704118426424316 ], [ 89.922570287488838, 25.702787992771675 ], [ 89.923617441891508, 25.696881349894454 ], [ 89.925190321975833, 25.694525075771708 ], [ 89.93640051247371, 25.690071771495127 ], [ 89.941053487828242, 25.686738677148298 ], [ 89.945755172263432, 25.678226650639488 ], [ 89.945859148281102, 25.673754671940628 ], [ 89.950918351900498, 25.658941428604123 ], [ 89.984373346952452, 25.637671820997809 ], [ 89.986228412711114, 25.628543124865359 ], [ 89.987232600204379, 25.626813029797518 ], [ 89.999173598682717, 25.623147039704179 ], [ 90.003227055384343, 25.621953797629715 ], [ 90.005267115285221, 25.624539498698937 ], [ 90.0084349025488, 25.623924633115394 ], [ 90.022300281133141, 25.608498025163783 ], [ 90.021156757178687, 25.602297877744888 ], [ 90.014907752290981, 25.598461851033676 ], [ 90.009678424819526, 25.588488775136909 ], [ 90.00598810087024, 25.584311999799013 ], [ 89.999223463392184, 25.586468976062463 ], [ 89.993378212734399, 25.588935480987686 ], [ 89.983049104232805, 25.590859998690064 ], [ 89.978928068875348, 25.583637963321394 ], [ 89.976686445722976, 25.574749525570212 ], [ 89.9703145646655, 25.571842396909119 ], [ 89.960660300232746, 25.570603630253402 ], [ 89.953285351337968, 25.568392198241384 ], [ 89.945536393289956, 25.567772971845216 ], [ 89.939721747460737, 25.56286361956046 ], [ 89.929954509293225, 25.563687730404467 ], [ 89.922011717666692, 25.562793690076774 ], [ 89.908332116533984, 25.559673380722018 ], [ 89.890313981704935, 25.558046493650806 ], [ 89.881530992161629, 25.549117273443471 ], [ 89.877754175914561, 25.549468554030568 ], [ 89.870664142136491, 25.539789833434099 ], [ 89.872530950343162, 25.531976317553074 ], [ 89.869795814325414, 25.524354336583428 ], [ 89.873300873436619, 25.516427196757775 ], [ 89.875033848133626, 25.508336030483463 ], [ 89.879475037642919, 25.498457600138181 ], [ 89.879389828677688, 25.491510906603082 ], [ 89.871174715141024, 25.481769928639324 ], [ 89.868132273585616, 25.479232634478535 ], [ 89.863460824357617, 25.475737936456653 ], [ 89.856088025741826, 25.476617584034329 ], [ 89.854368432956846, 25.481995207912576 ], [ 89.85555190929324, 25.490675806043669 ], [ 89.857027268693571, 25.499185577052799 ], [ 89.859481260451844, 25.508975467343987 ], [ 89.862487496201027, 25.516695730723427 ], [ 89.863220967973348, 25.523028958020063 ], [ 89.861102208400268, 25.52857495477042 ], [ 89.856209262447578, 25.537507844211689 ], [ 89.858398242884675, 25.541423558950157 ], [ 89.863998747544201, 25.544605595971518 ], [ 89.870093282179312, 25.547792956080116 ], [ 89.874744826712458, 25.557170320154228 ], [ 89.876233742493298, 25.565498879569702 ], [ 89.879167844520452, 25.576198704806416 ], [ 89.874197152176862, 25.588010769281652 ], [ 89.875302874927797, 25.591912103860579 ], [ 89.879044008774031, 25.597850613315188 ], [ 89.883210071387737, 25.615243449525622 ], [ 89.883051691782214, 25.621471747523174 ], [ 89.88111737057028, 25.631443378209383 ], [ 89.871908901874406, 25.654078574866389 ], [ 89.866181418337817, 25.664249435962745 ], [ 89.848002133092052, 25.690496558169684 ], [ 89.849265690459333, 25.695845383957362 ], [ 89.851962268044304, 25.699774968939721 ], [ 89.8564975266396, 25.705552602270814 ], [ 89.856472031758926, 25.71483468407348 ], [ 89.847109337426048, 25.714653774652049 ], [ 89.84023353654851, 25.714697573434307 ], [ 89.836069708750131, 25.717682756953707 ], [ 89.829804971122599, 25.72927842655821 ], [ 89.82729805426186, 25.73797463781932 ], [ 89.828483742031153, 25.742055399736955 ], [ 89.834116041322318, 25.748119270188226 ], [ 89.840923160075818, 25.755206392860771 ], [ 89.843379830015181, 25.761028326795895 ], [ 89.84185711231595, 25.765778705023251 ], [ 89.838282554496345, 25.773643141417892 ], [ 89.835322984568165, 25.78413444444908 ], [ 89.83344626403391, 25.791499022362018 ], [ 89.831027042763878, 25.804709241238527 ], [ 89.827251970302257, 25.811847850997594 ], [ 89.821449175738906, 25.812722012710765 ], [ 89.818845595248092, 25.81708817537907 ], [ 89.822927640498278, 25.821317821860021 ], [ 89.829822710249914, 25.829303631657353 ], [ 89.835196854651201, 25.83771291691761 ], [ 89.83473284944148, 25.852224116649722 ], [ 89.836156102122459, 25.867672042131062 ], [ 89.838320966339609, 25.872594400411288 ], [ 89.840495696119547, 25.877774445034674 ], [ 89.850971908526788, 25.890075433134768 ], [ 89.873963976856089, 25.913083844843641 ], [ 89.883439278899687, 25.930145805184793 ], [ 89.885148010572266, 25.933689877785696 ], [ 89.887542141656581, 25.937978927185782 ], [ 89.887040495322651, 25.942023173930409 ], [ 89.87949246200759, 25.94440737919723 ], [ 89.868825903592608, 25.943553161749094 ], [ 89.857511064384198, 25.940714746688286 ], [ 89.851212481670757, 25.940860029466819 ], [ 89.844628102504998, 25.940543489690356 ], [ 89.838181624482445, 25.942666825013987 ], [ 89.833944525319623, 25.944207551637248 ], [ 89.831184315303972, 25.947038322460685 ], [ 89.841070299055104, 25.954815946398867 ], [ 89.848330039399855, 25.95613672672863 ], [ 89.847392779453287, 25.961886882173928 ], [ 89.845215578336308, 25.964999290984565 ], [ 89.841351008941956, 25.967803182870625 ], [ 89.844732674773184, 25.972205534258023 ], [ 89.851135425059852, 25.972330751363131 ], [ 89.859298528104659, 25.96916666840707 ], [ 89.868159390843289, 25.970329858736022 ], [ 89.871524588289162, 25.976084052137367 ], [ 89.861786672516985, 25.985984666958871 ], [ 89.85764732516401, 25.987616586636193 ], [ 89.854821008682677, 25.992430229471552 ], [ 89.850075761986886, 25.994676701768412 ], [ 89.846725743298464, 26.000837581189444 ], [ 89.843428660504344, 26.004919854867467 ], [ 89.835173005529839, 26.007184794742557 ], [ 89.833650493775338, 26.000303731931751 ], [ 89.83376858195453, 25.995168223534733 ], [ 89.835482273388266, 25.990868020742596 ], [ 89.835202639090596, 25.986264889413178 ], [ 89.828146297513683, 25.984492432679701 ], [ 89.822397975786032, 25.986635327358499 ], [ 89.818635340048957, 25.988989499765637 ], [ 89.821254269269161, 26.012319968591726 ], [ 89.820922890678901, 26.01754263838211 ], [ 89.821467148690033, 26.023595393212872 ], [ 89.818291840396171, 26.030657433793579 ], [ 89.817396737069828, 26.03433385422403 ], [ 89.813099229545855, 26.038307665166656 ], [ 89.809739046719699, 26.03273672661868 ], [ 89.806188085311931, 26.027071649736911 ], [ 89.79901398200974, 26.018166815546124 ], [ 89.792251473226941, 26.017042849148197 ], [ 89.793422999371955, 26.021847999685463 ], [ 89.796720299802075, 26.025887618518823 ], [ 89.800452633782072, 26.028484155519436 ], [ 89.802154800403798, 26.032485717741736 ], [ 89.804664167917053, 26.035966118341719 ], [ 89.803271063209081, 26.03954465206408 ], [ 89.798228996171304, 26.037643931322407 ], [ 89.796135823209738, 26.033270294388615 ], [ 89.792211691716261, 26.037990106458324 ], [ 89.787493484936419, 26.038766337396623 ], [ 89.778520677287474, 26.035465816494309 ], [ 89.786256881150223, 26.044515936161588 ], [ 89.792823074225566, 26.045458935581451 ], [ 89.791516139858004, 26.049765041523472 ], [ 89.788136450736658, 26.05321002232472 ], [ 89.796989592795512, 26.058712550343955 ], [ 89.801189692050684, 26.058623494079029 ], [ 89.801965426563243, 26.063780817330894 ], [ 89.801337449763537, 26.068546861748302 ], [ 89.801324586760302, 26.073145062994286 ], [ 89.796039753132163, 26.080163752655096 ], [ 89.797423490501728, 26.088372172537788 ], [ 89.789775161194768, 26.08282625043114 ], [ 89.78609280074221, 26.085999576619201 ], [ 89.786461530874988, 26.095028052302837 ], [ 89.78879422657235, 26.10157221378671 ], [ 89.787484859538722, 26.106053402442626 ], [ 89.778871247410223, 26.106419047900772 ], [ 89.771260687830534, 26.106610637670826 ], [ 89.765009582126595, 26.112526509390932 ], [ 89.768847056746324, 26.122706772899278 ], [ 89.77051545022789, 26.127794152278341 ], [ 89.769909567072943, 26.131935858553106 ], [ 89.76264879880307, 26.138357418160354 ], [ 89.757182496375151, 26.144472540975016 ], [ 89.753060160598011, 26.152859495169594 ], [ 89.748167924210406, 26.15654979483719 ], [ 89.739119978204485, 26.158157394148475 ], [ 89.732574020774507, 26.155947277844632 ], [ 89.727969685252845, 26.155935047064816 ], [ 89.724030994634745, 26.15747642479721 ], [ 89.723783458939522, 26.162983255173117 ], [ 89.722692506653914, 26.165550303403847 ], [ 89.72991432888324, 26.169641235754455 ], [ 89.729923192601291, 26.171623352335871 ], [ 89.731879968985425, 26.173884936840409 ], [ 89.737742832865479, 26.172974800446752 ], [ 89.738586330394867, 26.173378536690166 ], [ 89.738992054140056, 26.175003858941011 ], [ 89.737960949937928, 26.175884343787459 ], [ 89.735073554201222, 26.177014448957721 ], [ 89.724618948006082, 26.177957347653546 ], [ 89.721900006080489, 26.177218607652662 ], [ 89.716455947484064, 26.173523715147383 ], [ 89.711363343043899, 26.173149365151119 ], [ 89.709110658230372, 26.174562230662445 ], [ 89.707386507681235, 26.177140904429223 ], [ 89.705057924583627, 26.184847223820384 ], [ 89.699724529363607, 26.189084277117729 ], [ 89.702447372548249, 26.190874370455901 ], [ 89.706696686303076, 26.18816634180331 ], [ 89.71023710765644, 26.188084215714014 ], [ 89.713070052141234, 26.186838119583626 ], [ 89.715604946910844, 26.18857511604881 ], [ 89.718900840801211, 26.189370284011432 ], [ 89.720983362192442, 26.191338256955021 ], [ 89.722961171920588, 26.196807555024691 ], [ 89.722342021966824, 26.20013350066057 ], [ 89.720424335514736, 26.20265520867099 ], [ 89.716495379158459, 26.203208942838501 ], [ 89.719095176201506, 26.20598843611748 ], [ 89.722128555288634, 26.205619574683681 ], [ 89.725478561386581, 26.20618066530551 ], [ 89.72806187655442, 26.205341797486028 ], [ 89.730521343385362, 26.20608742809236 ], [ 89.736176234545667, 26.210773814160234 ], [ 89.7368955195127, 26.212287287728202 ], [ 89.736146129740177, 26.214911402439327 ], [ 89.72924870646267, 26.217287418479657 ], [ 89.720387027139623, 26.214778616639876 ], [ 89.707974792003085, 26.213292601172668 ], [ 89.705143955529195, 26.213773054083219 ], [ 89.702448099200467, 26.215951009731384 ], [ 89.702137583982392, 26.217238230959651 ], [ 89.704478711723198, 26.218909039120888 ], [ 89.708006608218454, 26.217315600534562 ], [ 89.710461555056781, 26.217065933446122 ], [ 89.715123823106012, 26.219140765633881 ], [ 89.716616526831331, 26.227752333603348 ], [ 89.717721986080846, 26.228969798017829 ], [ 89.723093322798661, 26.231618055029287 ], [ 89.728208876138808, 26.232926560512396 ], [ 89.733679576251518, 26.238196236067495 ], [ 89.728490810002938, 26.243536059641485 ], [ 89.720631057277558, 26.246386541805521 ], [ 89.719943732417391, 26.248960526507119 ], [ 89.721454938794466, 26.252333265667744 ], [ 89.721346056974994, 26.255249257147568 ], [ 89.720315476178314, 26.256479899327928 ], [ 89.71632267155411, 26.258024128810575 ], [ 89.70857684134819, 26.256966449641993 ], [ 89.705940595682023, 26.259200522985793 ], [ 89.705630909638842, 26.26083337526012 ], [ 89.709771293010817, 26.269897788752019 ], [ 89.713911840958758, 26.270811096155228 ], [ 89.716486000128839, 26.269567421899069 ], [ 89.715800104291418, 26.264552589030814 ], [ 89.716366801286881, 26.263272549788383 ], [ 89.722278867076113, 26.259146810077254 ], [ 89.730152305684442, 26.258397798919361 ], [ 89.737208996198262, 26.26033188720686 ], [ 89.738391893371215, 26.262484874977076 ], [ 89.73860909313521, 26.266445510851668 ], [ 89.742386770033477, 26.271087430840339 ], [ 89.734156008293212, 26.282914801776712 ], [ 89.726058494603876, 26.288163639140691 ], [ 89.72202830965881, 26.293034270215458 ], [ 89.720440661807174, 26.297010309678114 ], [ 89.720671900887567, 26.30196117466852 ], [ 89.722829255765589, 26.305680806623968 ], [ 89.72523584785614, 26.308112597718264 ], [ 89.727758095459819, 26.307517483045444 ], [ 89.724782936683255, 26.298606921072576 ], [ 89.72586715214743, 26.296271157787771 ], [ 89.728429351233615, 26.294733009520826 ], [ 89.736756993340634, 26.292876690107221 ], [ 89.747302726040061, 26.295192047774833 ], [ 89.751006391431872, 26.29074228592782 ], [ 89.75383713617498, 26.289375935151327 ], [ 89.762040851704, 26.288507962572453 ], [ 89.763595698582662, 26.289305111741555 ], [ 89.764082501606197, 26.292571028530176 ], [ 89.755848933081836, 26.306215994072943 ], [ 89.755520958425564, 26.321431783849789 ], [ 89.75662805713921, 26.322123288758803 ], [ 89.758631776335449, 26.32176751425942 ], [ 89.766939788940192, 26.317065839716804 ], [ 89.773504570079922, 26.323764512822038 ], [ 89.782711891240865, 26.327719678120673 ], [ 89.782825156355955, 26.327832831719832 ], [ 89.785838474266257, 26.330842983117236 ], [ 89.786005206774917, 26.335618122378492 ], [ 89.786011417493, 26.335797350067708 ], [ 89.784190167142583, 26.343158763266388 ], [ 89.784039271695065, 26.347368072478616 ], [ 89.78588579749163, 26.352129872995306 ], [ 89.78699976882433, 26.353235641611604 ], [ 89.795311554085004, 26.358016154322115 ], [ 89.808978624064309, 26.362289318097623 ], [ 89.814827666263852, 26.366444323546773 ], [ 89.817548424820018, 26.366946371877589 ], [ 89.825403274441612, 26.370560060998059 ], [ 89.82536731055302, 26.370509376106895 ], [ 89.825468352082851, 26.370555815298701 ], [ 89.822262152976009, 26.366036705829345 ], [ 89.820018871473792, 26.364216123675192 ], [ 89.818533615933688, 26.36301065261955 ], [ 89.817707375495047, 26.362339976908459 ], [ 89.816594087647104, 26.360653521442885 ], [ 89.816508849903585, 26.357966500953296 ], [ 89.818666153520212, 26.353114779923203 ], [ 89.820585840963872, 26.351407996182104 ], [ 89.825054948127388, 26.350338722054403 ], [ 89.826144994795754, 26.3510860451849 ], [ 89.828367816721425, 26.355201351860956 ], [ 89.826017686766875, 26.359014379310224 ], [ 89.832031570200854, 26.366606884100463 ], [ 89.832378379358772, 26.369756761365522 ], [ 89.829401180020511, 26.376836391786128 ], [ 89.830583390111428, 26.379274568066933 ], [ 89.832862010473491, 26.381067321599687 ], [ 89.835977539032285, 26.381968402719679 ], [ 89.839008962993319, 26.381191932561705 ], [ 89.839019209868695, 26.381186754265343 ], [ 89.839074224096237, 26.381187820861271 ], [ 89.845914020615623, 26.37772239037605 ], [ 89.850470547278007, 26.383968631647065 ], [ 89.856230165389888, 26.38398327081137 ], [ 89.856238219718136, 26.38397898644115 ], [ 89.856295511029089, 26.38397914652046 ], [ 89.860024890736156, 26.381968720180339 ], [ 89.860101594812818, 26.382052760026909 ], [ 89.862232651715544, 26.384387561936478 ], [ 89.862241084658365, 26.384396771893535 ], [ 89.858146789742591, 26.395917858022756 ], [ 89.855320702588415, 26.398216834539312 ], [ 89.854023763286079, 26.399860354571729 ], [ 89.851802327215694, 26.402675469997007 ], [ 89.851048374283096, 26.397721040093984 ], [ 89.850140998808115, 26.39574690409637 ], [ 89.849470987696009, 26.394289164213603 ], [ 89.845734498848117, 26.391078054808418 ], [ 89.845367818270233, 26.390762934162126 ], [ 89.835654327185523, 26.390142526056763 ], [ 89.835593222749083, 26.390138669763871 ], [ 89.832971055969495, 26.393420202380469 ], [ 89.832286390404647, 26.396404496470382 ], [ 89.834478825137751, 26.403213795180534 ], [ 89.83830671298449, 26.412225167557494 ], [ 89.838365491774084, 26.412205416646714 ], [ 89.841345414259536, 26.411203954998598 ], [ 89.849859746630045, 26.410151021552451 ], [ 89.849863955457238, 26.410154456962687 ], [ 89.854813777234085, 26.414139779227469 ], [ 89.852664393047348, 26.41974743619528 ], [ 89.852814289348032, 26.421674208497961 ], [ 89.854763720969004, 26.42218280389335 ], [ 89.858015587649334, 26.424490138708961 ], [ 89.860228741863011, 26.433976202939448 ], [ 89.862721714735414, 26.438041546879958 ], [ 89.866173554665863, 26.440345270917589 ], [ 89.874529573081418, 26.448336676296606 ], [ 89.874473044395529, 26.457200533777666 ], [ 89.875660233133317, 26.459813098495772 ], [ 89.875246276994119, 26.463895970222893 ], [ 89.87215711655773, 26.465727634722612 ], [ 89.867500076267561, 26.465989886024488 ], [ 89.867434739621615, 26.465993595727923 ], [ 89.866094748873593, 26.474693966353527 ], [ 89.857800126274867, 26.487700596705224 ], [ 89.860059975087836, 26.494219132906721 ], [ 89.860730086924036, 26.505055779200916 ], [ 89.858643733521546, 26.517144853752029 ], [ 89.859578356655902, 26.520985609098659 ], [ 89.86698232667311, 26.530373936807791 ], [ 89.867427192511002, 26.537195759476788 ], [ 89.866574847451318, 26.543089795657579 ], [ 89.869792217037229, 26.5481969790074 ], [ 89.869520449109473, 26.560678239808965 ], [ 89.870664253652421, 26.565745603876564 ], [ 89.870184827767673, 26.570177901788782 ], [ 89.866730661291058, 26.574461299849133 ], [ 89.867215228600003, 26.577781729043636 ], [ 89.875063205602487, 26.579411480455519 ], [ 89.882753227479498, 26.584134556164884 ], [ 89.87942499756565, 26.589110825204443 ], [ 89.877337332052264, 26.594612607685747 ], [ 89.877755110310147, 26.59746699560543 ], [ 89.880446029360826, 26.601062909625625 ], [ 89.881845546235013, 26.60624300640967 ], [ 89.882487037147087, 26.612941285611896 ], [ 89.876876246941322, 26.614850978889592 ], [ 89.876867327465277, 26.614854033886616 ], [ 89.867092374913227, 26.615041920248473 ], [ 89.864258972673497, 26.617110360055108 ], [ 89.862311271348176, 26.623303399232555 ], [ 89.862583289287443, 26.631983727567047 ], [ 89.866567321924435, 26.635452273303827 ], [ 89.878954325681661, 26.643400674901272 ], [ 89.881116173572593, 26.646186472427814 ], [ 89.881664289675314, 26.649392033015943 ], [ 89.878047912481236, 26.651754333495717 ], [ 89.873361673002876, 26.656511460235777 ], [ 89.873602526735283, 26.660644446683932 ], [ 89.875172766410117, 26.662555007807441 ], [ 89.87584578485513, 26.66611217903386 ], [ 89.874655782138689, 26.670842376474525 ], [ 89.874812369395386, 26.673699232133913 ], [ 89.876810269078703, 26.679108669529512 ], [ 89.876782913500733, 26.683419709152304 ], [ 89.866787950803371, 26.700240826552943 ], [ 89.862324263853736, 26.703669802119748 ], [ 89.865174466328597, 26.708504650069585 ], [ 89.863668764701799, 26.720112309435592 ], [ 89.865012070350815, 26.724290700855192 ], [ 89.863891447632284, 26.731113161143526 ], [ 89.867873495465517, 26.736881365982299 ], [ 89.873060446882164, 26.734549735082282 ], [ 89.878959377173601, 26.731610851359733 ], [ 89.886699201706847, 26.728062318121545 ], [ 89.894839805512675, 26.724262274184639 ], [ 89.902907059713073, 26.723526716884521 ], [ 89.911745755062611, 26.723529966135061 ], [ 89.926254509538069, 26.7224683973987 ], [ 89.937003567260888, 26.723137276264367 ], [ 89.945249696616258, 26.72284903005874 ], [ 89.952894246971994, 26.723004152319845 ], [ 89.963151420501731, 26.723029604932378 ], [ 89.972661080244734, 26.724572230923741 ], [ 89.990003143430386, 26.726624386706135 ], [ 89.999685614199791, 26.729887441851986 ], [ 90.007413328462405, 26.734192039630955 ], [ 90.025010656116933, 26.730379748726477 ], [ 90.039207344043746, 26.729581208306172 ], [ 90.050486576394462, 26.728890195326301 ], [ 90.05589615588292, 26.729718290167 ], [ 90.07283864848489, 26.731939228013005 ], [ 90.08292054144988, 26.735024051019195 ], [ 90.091011473001117, 26.737342380046869 ], [ 90.100314324646433, 26.739595994759384 ], [ 90.119591965396921, 26.744915500849743 ], [ 90.133083268278256, 26.748869387312425 ], [ 90.151348732857798, 26.754716189300723 ], [ 90.166109421612589, 26.760313516655515 ], [ 90.178672193367106, 26.764872359072172 ], [ 90.193942744661967, 26.770392550675751 ], [ 90.192372926769224, 26.781543145799617 ], [ 90.190544953986489, 26.787017882069676 ], [ 90.188276818820214, 26.798241257528048 ], [ 90.187841514574302, 26.803920357538516 ], [ 90.189317764303439, 26.809544351590603 ], [ 90.192236387199557, 26.814198782048209 ], [ 90.197167797156169, 26.827101454368687 ], [ 90.199953384241326, 26.832833716003222 ], [ 90.209778216791335, 26.843389533700076 ], [ 90.22011865225403, 26.853500937918 ], [ 90.231493778415199, 26.858036558940114 ], [ 90.249614476426984, 26.857728903566112 ], [ 90.258203887799255, 26.856807737886868 ], [ 90.267593108535209, 26.855170098521285 ], [ 90.282564493156883, 26.851912107457849 ], [ 90.295633119173146, 26.84826609940103 ], [ 90.306717140183935, 26.848012666851162 ], [ 90.316920821139036, 26.850628009575018 ], [ 90.346152809404714, 26.871891120478892 ], [ 90.350999340447288, 26.876208108217668 ], [ 90.354617571144047, 26.887464407856214 ], [ 90.35793135344926, 26.892573804437575 ], [ 90.360278697304068, 26.89586638792349 ], [ 90.369265268177628, 26.897817003951616 ], [ 90.385345734518069, 26.898997874952045 ], [ 90.396195304070091, 26.900081420421259 ], [ 90.404940960956651, 26.900773734720133 ], [ 90.414896256357224, 26.901670947856019 ], [ 90.425088702981327, 26.898567482803116 ], [ 90.42726806696777, 26.89790378762973 ], [ 90.446216527071101, 26.882616812016295 ], [ 90.459112039888794, 26.872178972781398 ], [ 90.466730576455006, 26.867010796511124 ], [ 90.468712884592037, 26.865665925142366 ], [ 90.488203679056596, 26.852811781138826 ], [ 90.505638781604546, 26.841729116305714 ], [ 90.51910345735871, 26.832736144057833 ], [ 90.533787636290413, 26.823231128413909 ], [ 90.543793490677103, 26.815993896301336 ], [ 90.552521938136977, 26.812170582406509 ], [ 90.553741211987415, 26.811636447164346 ], [ 90.558693585140873, 26.8054896736096 ], [ 90.564829021841945, 26.80071508653208 ], [ 90.573215369893489, 26.798591305144669 ], [ 90.585612318353867, 26.797247306118322 ], [ 90.593849647843058, 26.798189020406994 ], [ 90.606349491336005, 26.79721445208537 ], [ 90.62240018202283, 26.794297052267211 ], [ 90.63512820600198, 26.791340704609865 ], [ 90.641869760581017, 26.786300378659575 ], [ 90.653869613391976, 26.773940584790182 ], [ 90.661680016719458, 26.77585737461817 ], [ 90.66726420138184, 26.778294292747489 ], [ 90.674576388389653, 26.780387374877478 ], [ 90.684135592683504, 26.779892582276887 ], [ 90.687035259669528, 26.777062110927716 ], [ 90.698286106718513, 26.770900157716142 ], [ 90.704580935661738, 26.76765771323295 ], [ 90.716958251022504, 26.767212631557754 ], [ 90.721615938824584, 26.767553182333529 ], [ 90.727721832796419, 26.767181429579352 ], [ 90.733585908063276, 26.768003982797609 ], [ 90.738589928382567, 26.768972525661582 ], [ 90.741636440269588, 26.772719661583153 ], [ 90.745624180811376, 26.774668532926512 ], [ 90.751329708299465, 26.774295618248232 ], [ 90.767045316987833, 26.773170298370644 ], [ 90.77679702746093, 26.773491075752588 ], [ 90.791375518065763, 26.773787829544744 ], [ 90.806769273783004, 26.773644375987203 ], [ 90.822834592842241, 26.774859189200299 ], [ 90.841420505651854, 26.776289975502038 ], [ 90.852982838287403, 26.776808158569736 ], [ 90.875273338293994, 26.77918635816394 ], [ 90.901450220751144, 26.778187852587394 ], [ 90.931460972445961, 26.781653056443474 ], [ 90.959164958596034, 26.78336964189549 ], [ 90.96525741130057, 26.784183800841788 ], [ 90.980339037516615, 26.784912025069957 ], [ 90.99177226168058, 26.787047702689392 ], [ 91.000396334723121, 26.787779675291858 ], [ 91.00757690594952, 26.786159404532953 ], [ 91.018158254499895, 26.784945323368049 ], [ 91.035233808093835, 26.780377237719392 ], [ 91.045815228589959, 26.778524846544485 ], [ 91.058291096157234, 26.77894512941424 ], [ 91.061859428869582, 26.781787417855128 ], [ 91.079902646689845, 26.799963288375125 ], [ 91.093413152794824, 26.817909351535377 ], [ 91.100933472601753, 26.819262832114077 ], [ 91.110068731087154, 26.813681282465268 ], [ 91.121166195163823, 26.811653679074084 ], [ 91.133999416439963, 26.807924748128698 ], [ 91.148282471658774, 26.808454095380227 ], [ 91.184569939051528, 26.810857917558906 ], [ 91.206540668916773, 26.808121425363538 ], [ 91.221434693856111, 26.808286879935622 ], [ 91.241051547191205, 26.808328884570415 ], [ 91.25325752821243, 26.805668041546937 ], [ 91.266463106587139, 26.804363852809615 ], [ 91.280958040281405, 26.796214021959599 ], [ 91.293635746292694, 26.788221318858803 ], [ 91.299119641258471, 26.784496062543326 ], [ 91.314027895271181, 26.782663663297456 ], [ 91.331472068381288, 26.779774718928195 ], [ 91.340335992412179, 26.778967216763704 ], [ 91.345239470325339, 26.781093492870468 ], [ 91.363640270282303, 26.788776579175817 ], [ 91.376739433677983, 26.79549123683114 ], [ 91.38361163546864, 26.800794126148048 ], [ 91.388753500273879, 26.808616226058064 ], [ 91.39388106316062, 26.816785079367946 ], [ 91.401978926686184, 26.829142222035955 ], [ 91.406142761679178, 26.834424419751201 ], [ 91.412375850365265, 26.834842317618893 ], [ 91.424446008576467, 26.827104655955168 ], [ 91.440570019191114, 26.8165240583387 ], [ 91.445530108527748, 26.814307713330379 ], [ 91.451501768791672, 26.811117861200387 ], [ 91.458486669124511, 26.807032642242689 ], [ 91.471679718144514, 26.797229928518448 ], [ 91.482118240864168, 26.791008663219259 ], [ 91.496627591590141, 26.788975908511418 ], [ 91.514797941172105, 26.792032463127725 ], [ 91.534781657647443, 26.795008816203961 ], [ 91.564014091077524, 26.799053026975685 ], [ 91.594548196941787, 26.803922734446701 ], [ 91.604067558571046, 26.807710734662749 ], [ 91.615949290827189, 26.815931184776389 ], [ 91.62757381338082, 26.820451940904377 ], [ 91.636136757705287, 26.819977682524097 ], [ 91.657324821083705, 26.814195833171198 ], [ 91.682981261376142, 26.803833885925144 ], [ 91.690924087176938, 26.804168540745593 ], [ 91.700922540143154, 26.810922789255358 ], [ 91.705848809574945, 26.810877699046614 ], [ 91.707878331220058, 26.810919790915648 ], [ 91.713193479195752, 26.811020676862825 ], [ 91.722651521450587, 26.810557762530777 ], [ 91.730589007976391, 26.81160126118931 ], [ 91.762737060566963, 26.82845969146166 ], [ 91.778550722338025, 26.837780302019382 ], [ 91.805605102093864, 26.851064429879614 ], [ 91.821104923853227, 26.862729631467346 ], [ 91.835491077351378, 26.875376984460331 ], [ 91.857135570949879, 26.911277175900977 ], [ 91.861446884865927, 26.913017702205252 ], [ 91.869903712786197, 26.913258799653931 ], [ 91.881682055382612, 26.914507159377933 ], [ 91.887111887603567, 26.915170466044231 ], [ 91.892554914677646, 26.915481938140999 ], [ 91.900910510411791, 26.9150832704766 ], [ 91.912935061304097, 26.909294171688714 ], [ 91.926989968412386, 26.902514601867438 ], [ 91.945576419915881, 26.893778350990146 ], [ 91.957509972906962, 26.886636014440569 ], [ 91.963428528204076, 26.876464113727934 ], [ 91.973344398225436, 26.869391210236188 ], [ 91.9762899234413, 26.865793709811896 ], [ 91.982064941543854, 26.86176765455366 ], [ 91.989044892008224, 26.857109315642447 ], [ 91.997610937195077, 26.854096258535549 ], [ 92.0066838267972, 26.852520160676931 ], [ 92.020388081944475, 26.849887077027006 ], [ 92.032478307627855, 26.848779241768625 ], [ 92.048900456990566, 26.846336252316235 ], [ 92.058557486838595, 26.84684368398888 ], [ 92.064272791755968, 26.84894600215631 ], [ 92.074303594235516, 26.855500128128483 ], [ 92.079927650340835, 26.856427771624396 ], [ 92.085844367423704, 26.860889876666533 ], [ 92.092288708657065, 26.859746813164975 ], [ 92.100793935391891, 26.867372093747178 ], [ 92.102022345454941, 26.880647961334375 ], [ 92.105321771882302, 26.886178795515036 ], [ 92.111273694725298, 26.892588914846613 ], [ 92.123726361582385, 26.889056370655055 ], [ 92.127569556789695, 26.888514611859875 ], [ 92.132898302514718, 26.88945405895771 ], [ 92.151279321883237, 26.889617387532439 ], [ 92.165723646229367, 26.891376053162389 ], [ 92.172139742455215, 26.890619576732149 ], [ 92.18047878526778, 26.891180630481756 ], [ 92.198143577364249, 26.889677766215982 ], [ 92.212639840256486, 26.895571526304934 ], [ 92.257814692294289, 26.910866167739528 ], [ 92.264488108839203, 26.907405109758088 ], [ 92.268347183375852, 26.906231101484195 ], [ 92.27110116828436, 26.903699244624477 ], [ 92.279600853396744, 26.901081953069706 ], [ 92.284720950111819, 26.902761707686693 ], [ 92.293288814627147, 26.904064901773836 ], [ 92.303740099625941, 26.906733319786952 ], [ 92.306959778670887, 26.908132464341804 ], [ 92.306092719803246, 26.922808959465954 ], [ 92.323265235602207, 26.926964846250712 ], [ 92.349989838460317, 26.932023302533423 ], [ 92.356240397376496, 26.934128673899238 ], [ 92.367613223071828, 26.931247926850403 ], [ 92.370459644796824, 26.930091154982847 ], [ 92.402891006314974, 26.92478360987576 ], [ 92.415034351354279, 26.942690723398243 ], [ 92.428905452324841, 26.941960964926636 ], [ 92.445307107037422, 26.953501948556152 ], [ 92.449302678875597, 26.959123563901414 ], [ 92.462702513510237, 26.961783068733666 ], [ 92.469407888363435, 26.961526931922435 ], [ 92.486849782591435, 26.963184690021478 ], [ 92.493743703009557, 26.963166306979531 ], [ 92.508108035357623, 26.965200627407057 ], [ 92.518517877797876, 26.962833536238747 ], [ 92.53482294802069, 26.961697230243033 ], [ 92.556636730001173, 26.957446361560415 ], [ 92.588222940136632, 26.960193356038587 ], [ 92.64844067379812, 26.985741532345912 ], [ 92.648307201815953, 26.993897321204486 ], [ 92.647183495322111, 27.00081313921504 ], [ 92.647637286931285, 27.008353938383607 ], [ 92.642128252317036, 27.016855207202127 ], [ 92.65352405119404, 27.023089245572294 ], [ 92.660063877945674, 27.03590263320001 ], [ 92.661966338875516, 27.03683354842957 ], [ 92.685392816625267, 27.030022225345476 ], [ 92.705289863636381, 27.025837398377291 ], [ 92.716640151421927, 27.024336428983077 ], [ 92.730461443440902, 27.026635193259608 ], [ 92.77201483621576, 27.031223646753972 ], [ 92.788177577932913, 27.028850357458055 ], [ 92.827255068766476, 27.016591756204662 ], [ 92.839417385004367, 27.011650753179765 ], [ 92.875205160289966, 27.005754369768397 ], [ 92.886114714622465, 27.000377086733238 ], [ 92.893017490664704, 26.997843738797542 ], [ 92.902488720578049, 26.994281675259174 ], [ 92.919357307793575, 26.982628062335266 ], [ 92.917601598235251, 26.967730277330475 ], [ 92.920417976308613, 26.962194657857253 ], [ 92.929049420194644, 26.958612240862294 ], [ 92.935392620972721, 26.95487176891703 ], [ 92.953952449845758, 26.946817268002576 ], [ 92.964173045249879, 26.943779762825841 ], [ 92.975511649942746, 26.938701230077754 ], [ 92.983224754718719, 26.933483520048469 ], [ 92.985261321652729, 26.933804154438235 ], [ 92.989209069343133, 26.931681401875267 ], [ 92.996265194183422, 26.929637895772316 ], [ 92.996912968658648, 26.929168029680852 ], [ 92.999926341427567, 26.928184829666179 ], [ 93.021834632262539, 26.914631842285758 ], [ 93.04062919588074, 26.915658992168801 ], [ 93.064997681098191, 26.919764679696243 ], [ 93.071270281498357, 26.921955912035742 ], [ 93.078762075709278, 26.917674789260161 ], [ 93.094255929567566, 26.91324184473541 ], [ 93.11134888953967, 26.924969916128759 ], [ 93.186600540382699, 26.936352378959157 ], [ 93.224698330463639, 26.9466975268694 ], [ 93.269118465145084, 26.953507054007389 ], [ 93.350106597241734, 26.960648123412227 ], [ 93.376382361057154, 26.957757278775432 ], [ 93.392866273160053, 26.957374923014356 ], [ 93.438746642443675, 26.9533698390469 ], [ 93.449929272318116, 26.95140410091858 ], [ 93.465861889214864, 26.940764285643297 ], [ 93.470130437669638, 26.936116996702083 ], [ 93.482301017777786, 26.937379357971054 ], [ 93.488831102173663, 26.940285301325673 ], [ 93.491376198852549, 26.935716382005467 ], [ 93.527815509578147, 26.945763428939131 ], [ 93.547455660750188, 26.948855686640684 ], [ 93.572725921364224, 26.951199460187013 ], [ 93.586133219472572, 26.949710020101406 ], [ 93.597720958855234, 26.952223993042878 ], [ 93.626404206888708, 26.961222386404074 ], [ 93.642048309581867, 26.961768940384331 ], [ 93.656975395398263, 26.96344767517013 ], [ 93.67762825783791, 26.968010616696631 ], [ 93.700146424817717, 26.991725325363518 ], [ 93.7075573537889, 27.00059989197149 ], [ 93.707457034414688, 27.005263629512967 ], [ 93.720816972425382, 27.016148142223017 ], [ 93.735776084898475, 27.024134547371489 ], [ 93.748309667357319, 27.029302950271017 ], [ 93.770359222799925, 27.040169665397798 ], [ 93.773679461338133, 27.052402149439672 ], [ 93.775583997003935, 27.059240298401107 ], [ 93.78103260976718, 27.050218527163338 ], [ 93.783074124771076, 27.057691120848574 ], [ 93.78929727594857, 27.05108081692623 ], [ 93.795875866178335, 27.054580091597984 ], [ 93.799531230781724, 27.060729218678546 ], [ 93.810404644958453, 27.059402158382966 ], [ 93.814751289640355, 27.067507330698788 ], [ 93.820649919558207, 27.061755556473827 ], [ 93.824741379810916, 27.065140335757917 ], [ 93.830113269611786, 27.065765934750118 ], [ 93.833953426009884, 27.069676026927141 ], [ 93.838621610698851, 27.075013755080761 ], [ 93.836244568532095, 27.079665914750194 ], [ 93.834901727832516, 27.084434731777492 ], [ 93.83323024517972, 27.089264633456139 ], [ 93.828546944685797, 27.096221074742857 ], [ 93.829172982547163, 27.108805016538327 ], [ 93.823906326915505, 27.118911012233468 ], [ 93.816920723312762, 27.119493720758669 ], [ 93.81333002985707, 27.123166882945327 ], [ 93.815499857432542, 27.128914356612313 ], [ 93.80761154583621, 27.1347200946567 ], [ 93.808827408558102, 27.144139300588279 ], [ 93.810611642813114, 27.148678428067058 ], [ 93.819058029604435, 27.15516639901017 ], [ 93.831021228746749, 27.167564003076336 ], [ 93.841919238482149, 27.170367071183421 ], [ 93.849203623848211, 27.176683488352353 ], [ 93.859513607367148, 27.187996608057063 ], [ 93.869508270590302, 27.195735246384572 ], [ 93.887691045205656, 27.221274969064609 ], [ 93.895053542986659, 27.227873383050223 ], [ 93.903134687216095, 27.238434227058008 ], [ 93.9210080671686, 27.254028491122028 ], [ 93.93601404781009, 27.265211660589728 ], [ 93.941017543824671, 27.270156379613297 ], [ 93.958647447621672, 27.291650713409751 ], [ 93.974815133811433, 27.305206672150234 ], [ 93.983085928872583, 27.310635361332913 ], [ 93.987835285470112, 27.317438901684 ], [ 93.992338512912113, 27.321521610633852 ], [ 93.998177417054194, 27.324737313776041 ], [ 94.002833271138627, 27.326986978666184 ], [ 94.002166405855007, 27.331571237722471 ], [ 94.011963407984922, 27.335731348622915 ], [ 94.03223978273985, 27.344815519320832 ], [ 94.043800128773, 27.350109278720311 ], [ 94.050467080991041, 27.355567056474513 ], [ 94.056984943600298, 27.35964352592805 ], [ 94.063075148899088, 27.360364195850991 ], [ 94.065304975644153, 27.365719371751652 ], [ 94.070812813260773, 27.371201539119795 ], [ 94.074623789356451, 27.379808796638713 ], [ 94.088550861433191, 27.401371150658122 ], [ 94.095512796678292, 27.407751811796743 ], [ 94.102133716198125, 27.410727609991284 ], [ 94.108724754843593, 27.414860202536374 ], [ 94.119301445805149, 27.427772156759659 ], [ 94.125569645822566, 27.431780627573971 ], [ 94.138088342702929, 27.442656383585302 ], [ 94.143039321007905, 27.445254237193353 ], [ 94.156692834606702, 27.457259439171821 ], [ 94.162453857459639, 27.463260332798143 ], [ 94.161000555731107, 27.466793977759892 ], [ 94.15947419937487, 27.474858691375573 ], [ 94.166488636141708, 27.477787384879946 ], [ 94.170204954095425, 27.480984920817491 ], [ 94.17697270862368, 27.480860537383933 ], [ 94.189176155355369, 27.487587049003139 ], [ 94.193527829046104, 27.493095144725203 ], [ 94.197498309799244, 27.494228696996799 ], [ 94.214585783007522, 27.494695558453316 ], [ 94.217665937633001, 27.499888660333454 ], [ 94.223942697397604, 27.503772661379287 ], [ 94.26198348754798, 27.520199460236938 ], [ 94.264758463532303, 27.524145061245633 ], [ 94.259165456520634, 27.537241987128027 ], [ 94.258035444879908, 27.54751080148236 ], [ 94.258823308548926, 27.554198595488856 ], [ 94.242960294681893, 27.56716141986368 ], [ 94.236538745866483, 27.568277268980808 ], [ 94.228865617754138, 27.572465216596527 ], [ 94.227862191087297, 27.577901819813178 ], [ 94.223865711833184, 27.584767387305135 ], [ 94.227731359514678, 27.592104965771625 ], [ 94.227501992822795, 27.595375568927409 ], [ 94.225368851291535, 27.597622591609365 ], [ 94.215973677043621, 27.6013139335912 ], [ 94.21358616496957, 27.607756827815422 ], [ 94.219904191025648, 27.605894393911228 ], [ 94.228436439689972, 27.61488820792448 ], [ 94.237585010839609, 27.629420935627707 ], [ 94.249760767445537, 27.632697267464948 ], [ 94.254724443278519, 27.637815922566801 ], [ 94.258469091675295, 27.633424140012096 ], [ 94.265260716908642, 27.632888262783126 ], [ 94.269171263243265, 27.629409082563143 ], [ 94.269625203240594, 27.624709943209382 ], [ 94.264678463440418, 27.621376666300137 ], [ 94.259542225693224, 27.615969222701494 ], [ 94.256529980674145, 27.610549510551493 ], [ 94.264311236974038, 27.606932532610358 ], [ 94.274838757502721, 27.6002733802124 ], [ 94.278407245797837, 27.590130452958078 ], [ 94.290844982110286, 27.591274569565769 ], [ 94.295261137191801, 27.597134354167167 ], [ 94.300387366383916, 27.601041341884468 ], [ 94.303998562583672, 27.596637111813322 ], [ 94.310707477168421, 27.592316167956824 ], [ 94.314737422893813, 27.586368353216983 ], [ 94.322032565950224, 27.586767448958653 ], [ 94.326042922642841, 27.583868356639414 ], [ 94.331368512646804, 27.585078467297478 ], [ 94.340420572151743, 27.577703510308822 ], [ 94.347361790614229, 27.581254684855878 ], [ 94.351117657154191, 27.576097141270111 ], [ 94.357951620670804, 27.574015566864944 ], [ 94.364460033204011, 27.576862094709952 ], [ 94.369726261657718, 27.573357737969275 ], [ 94.374560869488619, 27.575885605436383 ], [ 94.382670426898756, 27.581701924004619 ], [ 94.389852268867173, 27.585889627004747 ], [ 94.397098859324956, 27.585366175708486 ], [ 94.405402511117074, 27.583762452475241 ], [ 94.423170155977971, 27.597904915779282 ], [ 94.433267897695373, 27.599626105760251 ], [ 94.432798946214461, 27.593001847057621 ], [ 94.438220625181771, 27.58092974810944 ], [ 94.444549173305745, 27.575958659164826 ], [ 94.451767343388269, 27.57151512961957 ], [ 94.455618976934318, 27.567403228676142 ], [ 94.45835214883266, 27.559353523846084 ], [ 94.461848328937265, 27.554142690932508 ], [ 94.471426368632081, 27.560443395146592 ], [ 94.485222221528375, 27.573628509448213 ], [ 94.493079936390018, 27.571899195891206 ], [ 94.502327521098266, 27.573712662609353 ], [ 94.511520808338673, 27.580462050283472 ], [ 94.517764173577802, 27.581119871085207 ], [ 94.528389760678976, 27.592155400651279 ], [ 94.538698205457877, 27.593356476720089 ], [ 94.54853446929036, 27.599896825977794 ], [ 94.558221916907996, 27.599584074145753 ], [ 94.566010600708694, 27.603306529972429 ], [ 94.575634380822066, 27.603289474329813 ], [ 94.583972975772269, 27.613009284950579 ], [ 94.58841099337269, 27.616435822455287 ], [ 94.597873529539811, 27.617780758575179 ], [ 94.606165614251779, 27.619399867409982 ], [ 94.611470967711057, 27.618926637854088 ], [ 94.616171635912337, 27.622018679718337 ], [ 94.627051826480681, 27.626389107871091 ], [ 94.636510529737222, 27.625030902254366 ], [ 94.641877818606474, 27.627210671835087 ], [ 94.647301286325387, 27.632788315728249 ], [ 94.650520829572713, 27.638316599431562 ], [ 94.666724766534799, 27.644105843909642 ], [ 94.671181092533459, 27.646508041013306 ], [ 94.677824755008487, 27.64686856303382 ], [ 94.684575663436192, 27.645801266515264 ], [ 94.68858985843525, 27.653351345788053 ], [ 94.685980077118927, 27.659565193478954 ], [ 94.691510309653154, 27.663418269537544 ], [ 94.70016871701273, 27.663303911746198 ], [ 94.718712996607564, 27.657819676836652 ], [ 94.722783227464049, 27.666176520829822 ], [ 94.729743960315602, 27.664021014058619 ], [ 94.739096782790341, 27.661789300535816 ], [ 94.744708694450765, 27.659546746585136 ], [ 94.761585129150433, 27.664548148078609 ], [ 94.766344159755249, 27.670673852316497 ], [ 94.768994182135827, 27.676244178426145 ], [ 94.778485671976227, 27.679478671103823 ], [ 94.793019190183543, 27.684941239546617 ], [ 94.796089240026447, 27.689312648859698 ], [ 94.802263972604294, 27.693175675017415 ], [ 94.823292220159885, 27.692262680578324 ], [ 94.841405716400743, 27.699568933859268 ], [ 94.850814997414261, 27.706704673881632 ], [ 94.855632049579469, 27.727664307661712 ], [ 94.862768898465959, 27.729416473891206 ], [ 94.867965630909225, 27.741638988948239 ], [ 94.88597741832325, 27.738075745499316 ], [ 94.932061466063885, 27.752691590344682 ], [ 94.989043903053755, 27.766735721776172 ], [ 94.999877184084824, 27.772421035202683 ], [ 95.021134043801112, 27.768320951350859 ], [ 95.033192369632218, 27.770580846029247 ], [ 95.040728373615593, 27.77352964567666 ], [ 95.053804110571321, 27.786026783109605 ], [ 95.196792213190122, 27.830068688119525 ], [ 95.238467629577485, 27.843916170195143 ], [ 95.294440155788607, 27.860479863854664 ], [ 95.310360464563871, 27.863287902514742 ], [ 95.318436262323701, 27.866583015793594 ], [ 95.386095384094745, 27.837289045353202 ], [ 95.517658237737521, 27.876879096693017 ], [ 95.523028116654302, 27.885280235894243 ], [ 95.527962695821827, 27.892999238424181 ], [ 95.534755597193111, 27.895523149773567 ], [ 95.545247047713133, 27.897391753926343 ], [ 95.546079633768159, 27.900857485684469 ], [ 95.54554778819994, 27.90855930306941 ], [ 95.566790072603851, 27.917595217045687 ], [ 95.568008710633535, 27.926685822392812 ], [ 95.572993447689498, 27.937483804134331 ], [ 95.582314219225907, 27.938648131206321 ], [ 95.590403155181548, 27.936700011696246 ], [ 95.598739825582527, 27.946205763884961 ], [ 95.608512098154847, 27.952834663988597 ], [ 95.827471272381388, 27.972031838798387 ], [ 95.958342251493775, 27.963489877455913 ], [ 95.978867215949322, 27.962801791769323 ], [ 95.97179021604569, 27.953639734386286 ], [ 95.966612589699309, 27.946935605094154 ] ], [ [ 91.783114748446962, 26.493667797231126 ], [ 91.781233200351949, 26.491389166976546 ], [ 91.784938684172971, 26.495876553760013 ], [ 91.783114748446962, 26.493667797231126 ] ], [ [ 89.814733421810047, 26.324921364729278 ], [ 89.82260162366606, 26.320048415202223 ], [ 89.827013872991927, 26.325070837449232 ], [ 89.827497461838448, 26.328272188310905 ], [ 89.824939319593966, 26.330913566408015 ], [ 89.824020556003916, 26.337213755310586 ], [ 89.820892682451415, 26.342080699164967 ], [ 89.81711626460401, 26.345845042714586 ], [ 89.804861954016019, 26.34943193563538 ], [ 89.803111453330985, 26.348974744588816 ], [ 89.798811951110736, 26.344924879779455 ], [ 89.793824355109962, 26.343213903398976 ], [ 89.793170431969941, 26.34216693875328 ], [ 89.793669115937007, 26.340475960597132 ], [ 89.798562177002907, 26.338384839888477 ], [ 89.801198032363345, 26.335868240926629 ], [ 89.803352994145428, 26.331127267809222 ], [ 89.812564594280673, 26.327846919599722 ], [ 89.814733421810047, 26.324921364729278 ] ] ] ] } },
{ "type": "Feature", "properties": { "ST_NM": "Manipur" }, "geometry": { "type": "Polygon", "coordinates": [ [ [ 94.57602334300293, 25.642213008823376 ], [ 94.574867621543547, 25.638583824384057 ], [ 94.585716555274871, 25.640440023288477 ], [ 94.593944455372366, 25.637684926817997 ], [ 94.59331590930185, 25.636476524871796 ], [ 94.589257763535045, 25.634110871719429 ], [ 94.582533045163984, 25.628336801502257 ], [ 94.577261326349173, 25.620094127342156 ], [ 94.575675170472778, 25.614220003050775 ], [ 94.571551494705773, 25.60516579956203 ], [ 94.567373365888159, 25.601649739943582 ], [ 94.565654947617816, 25.597957727067524 ], [ 94.563887021668791, 25.59646320491305 ], [ 94.558299718157514, 25.587981285008368 ], [ 94.554438136310978, 25.579683955450207 ], [ 94.560249460943908, 25.572197953772616 ], [ 94.559104923453503, 25.561831491030546 ], [ 94.563347302536044, 25.561774774386379 ], [ 94.560059538516953, 25.554344152960368 ], [ 94.561560027673181, 25.543335494237738 ], [ 94.558529887044699, 25.539535438609676 ], [ 94.562127263362584, 25.53348795200742 ], [ 94.556934183965495, 25.528697732914111 ], [ 94.559911522698656, 25.524499011420289 ], [ 94.557626043207392, 25.518153681047579 ], [ 94.556037834178767, 25.506574921395554 ], [ 94.566788748102283, 25.50036274644367 ], [ 94.573188256333026, 25.498992047445086 ], [ 94.583559603293111, 25.490588912648263 ], [ 94.585769858092533, 25.486161001629 ], [ 94.589375249168484, 25.483456747430978 ], [ 94.593431168213897, 25.481838796923 ], [ 94.595890017210593, 25.479941179741729 ], [ 94.606016095666348, 25.476093559869923 ], [ 94.623837226806643, 25.46268514300499 ], [ 94.631438302136019, 25.459236332890498 ], [ 94.646677782753557, 25.455156305718958 ], [ 94.654895091535309, 25.452110561852976 ], [ 94.657172518496964, 25.450552889304447 ], [ 94.664390747035384, 25.448882956183525 ], [ 94.668181914663705, 25.44883335587474 ], [ 94.680847389895177, 25.453174664878929 ], [ 94.680454785460029, 25.443925307606889 ], [ 94.67804509520505, 25.435834534336323 ], [ 94.677489246731398, 25.426360012904297 ], [ 94.676496820571856, 25.419953104152512 ], [ 94.674616335475548, 25.414019129978897 ], [ 94.672164300642009, 25.409624684531593 ], [ 94.669317640596717, 25.405961789904723 ], [ 94.65464297019696, 25.402356437499634 ], [ 94.647556677598629, 25.39983076707631 ], [ 94.642805177916671, 25.395098599221001 ], [ 94.638686101282588, 25.385665426818036 ], [ 94.635616266377667, 25.373874714946169 ], [ 94.636027308713381, 25.368269341357063 ], [ 94.635820491622439, 25.361052035523073 ], [ 94.634298461904564, 25.352580373285662 ], [ 94.632053780157889, 25.348994030749964 ], [ 94.62939975039825, 25.344146207381641 ], [ 94.62655504997565, 25.340209426024217 ], [ 94.622468681684381, 25.333123314189663 ], [ 94.619930918976763, 25.32955068991248 ], [ 94.617284012747064, 25.325423860222998 ], [ 94.613509616575584, 25.31869671638043 ], [ 94.611470249152717, 25.315470135938085 ], [ 94.607871249558571, 25.307023499135255 ], [ 94.600200596380489, 25.292215253331335 ], [ 94.596972166032685, 25.282590401226059 ], [ 94.597147320692329, 25.274642716388314 ], [ 94.596353625819233, 25.268147022067467 ], [ 94.597524681618836, 25.260364289080712 ], [ 94.595399427141899, 25.250454547039737 ], [ 94.591758971499416, 25.239660749843779 ], [ 94.590144519354169, 25.23091962464099 ], [ 94.586951858641442, 25.223368753964849 ], [ 94.584795588345798, 25.218519493479903 ], [ 94.583567654923399, 25.20923735232202 ], [ 94.590255648579387, 25.198943167193477 ], [ 94.595737619895317, 25.193459516843291 ], [ 94.599833217029413, 25.18862041869744 ], [ 94.607011854713392, 25.184461110891618 ], [ 94.611255092648491, 25.182874693312499 ], [ 94.6155266835097, 25.183182762374656 ], [ 94.620816318618267, 25.18465293628401 ], [ 94.629031145271199, 25.183730820920687 ], [ 94.631955977086704, 25.180538059483922 ], [ 94.636240791579326, 25.174879317426587 ], [ 94.641624204393565, 25.169847269735783 ], [ 94.645854839229514, 25.1677149474869 ], [ 94.655747593077024, 25.165692523291341 ], [ 94.665005071227142, 25.161415993353444 ], [ 94.675472948717641, 25.158208370619832 ], [ 94.679181829278036, 25.154463257273562 ], [ 94.685190252028576, 25.151040599444173 ], [ 94.691657716630402, 25.152673848319523 ], [ 94.696635576570657, 25.153777741849353 ], [ 94.701483228168513, 25.152908530004709 ], [ 94.706154104528366, 25.146969932416482 ], [ 94.711550806624473, 25.143012045769353 ], [ 94.726831704619542, 25.136763714473886 ], [ 94.73375876055843, 25.135856786861268 ], [ 94.739851431798172, 25.132432955416618 ], [ 94.743570170726855, 25.129587551724171 ], [ 94.743115906074252, 25.119833267391414 ], [ 94.743585639066055, 25.111698376978552 ], [ 94.743163930770834, 25.104208719556823 ], [ 94.743411407110784, 25.094632524371548 ], [ 94.745991836354222, 25.082854540604615 ], [ 94.747617689205072, 25.072894102880582 ], [ 94.748833442209673, 25.068367057793523 ], [ 94.748454081190971, 25.063580726469411 ], [ 94.748545900173212, 25.056446729333118 ], [ 94.747068833859657, 25.050865204865374 ], [ 94.745537396333816, 25.042211043205157 ], [ 94.743479412944623, 25.037360825841517 ], [ 94.742806561773477, 25.032405779003568 ], [ 94.740766518060411, 25.023036561887864 ], [ 94.739997591415772, 25.018171706259295 ], [ 94.737240285310975, 25.013418344081344 ], [ 94.732958818095028, 25.005617220858085 ], [ 94.723856120463665, 24.994268732615978 ], [ 94.710961433223645, 24.986672264513459 ], [ 94.703567920523199, 24.976557313369369 ], [ 94.700903837242379, 24.971269256570963 ], [ 94.699662324956364, 24.961434583639175 ], [ 94.701561890069229, 24.956534715604676 ], [ 94.703483484075605, 24.952623120660519 ], [ 94.706885699415579, 24.948785324982794 ], [ 94.711298628628867, 24.945924638211523 ], [ 94.71486665107517, 24.939381634155154 ], [ 94.716782079329562, 24.935377856003299 ], [ 94.712375419290254, 24.932459597332581 ], [ 94.703583031831499, 24.92724097539076 ], [ 94.699217566137804, 24.920520818381135 ], [ 94.690692722491235, 24.90085867069115 ], [ 94.689776137059141, 24.892825645587152 ], [ 94.686628752714853, 24.887993110693571 ], [ 94.677398094146781, 24.879887646098041 ], [ 94.66969717878186, 24.875204398664096 ], [ 94.659325783258339, 24.870455861349001 ], [ 94.654525484563521, 24.86663648198811 ], [ 94.655611017534511, 24.860206168380046 ], [ 94.653767986503453, 24.855892208658531 ], [ 94.645829250819304, 24.848131893072434 ], [ 94.638903413461833, 24.8418138058625 ], [ 94.63553804244674, 24.835443770213885 ], [ 94.632468809188254, 24.822383042043782 ], [ 94.633069559012995, 24.816142394555925 ], [ 94.632445483472338, 24.807836020515992 ], [ 94.630109552014289, 24.80398757956317 ], [ 94.624972481494865, 24.797364675239635 ], [ 94.622470128693521, 24.788899000688389 ], [ 94.622996967735958, 24.777875035504508 ], [ 94.627235564269938, 24.770325651407745 ], [ 94.630629352063011, 24.765860334886611 ], [ 94.630907961133573, 24.757997890490287 ], [ 94.622636362977801, 24.747074884098652 ], [ 94.618806680983596, 24.742426519568255 ], [ 94.615264618367519, 24.73714210682283 ], [ 94.609967723032071, 24.726639256496526 ], [ 94.608923338541274, 24.722677069291365 ], [ 94.608419478076485, 24.715185270583845 ], [ 94.596942570243471, 24.708377301970984 ], [ 94.588571644665706, 24.704053107964626 ], [ 94.582110613813825, 24.708010273355455 ], [ 94.584100563490267, 24.715483682725846 ], [ 94.583414710820307, 24.72317626946932 ], [ 94.57928256074166, 24.724493914762434 ], [ 94.575216652926258, 24.723363733149824 ], [ 94.57218914281475, 24.718795680776111 ], [ 94.571044944368737, 24.715192269108002 ], [ 94.572973803997911, 24.711744109203323 ], [ 94.574157985402735, 24.705221606991643 ], [ 94.568222485079673, 24.704754533295102 ], [ 94.564991974599991, 24.70713652892772 ], [ 94.560110770195934, 24.711537660834438 ], [ 94.554297757535551, 24.71241914572704 ], [ 94.548626751423512, 24.709774146060056 ], [ 94.544238826960338, 24.700703881578931 ], [ 94.548382806721236, 24.692795370310137 ], [ 94.550550204328545, 24.685999506572045 ], [ 94.548321565587855, 24.668137034496567 ], [ 94.544739535301346, 24.659684701387903 ], [ 94.538164221301827, 24.642242833240232 ], [ 94.529036955990762, 24.625634599757007 ], [ 94.518347440581977, 24.610053017932501 ], [ 94.50509556600764, 24.594842517068571 ], [ 94.499980429952927, 24.589667570701863 ], [ 94.495786931721568, 24.586106325546552 ], [ 94.487447610119148, 24.582494286682049 ], [ 94.482902887957948, 24.575589606774997 ], [ 94.475844246814574, 24.572418517200845 ], [ 94.470107001137251, 24.571314031017778 ], [ 94.463064586461542, 24.568955416859069 ], [ 94.457121074977692, 24.560173288866224 ], [ 94.453404516904982, 24.548735350456127 ], [ 94.447708370245152, 24.536155457408483 ], [ 94.443013957727999, 24.524915764650871 ], [ 94.438033049985336, 24.513864968193786 ], [ 94.434126155797514, 24.509393783596295 ], [ 94.432674165280559, 24.504529642029411 ], [ 94.42992288373415, 24.497688812188983 ], [ 94.427111529273702, 24.486797010473708 ], [ 94.419083518789421, 24.483988027525527 ], [ 94.406536527438845, 24.483134942323773 ], [ 94.400985314620641, 24.481300435067055 ], [ 94.409028301514979, 24.463143564523932 ], [ 94.400689845959675, 24.458539458329369 ], [ 94.397977758666684, 24.455589115445378 ], [ 94.405470531340029, 24.447283921315943 ], [ 94.406423901741732, 24.437611843112109 ], [ 94.404977217224882, 24.424703303614649 ], [ 94.401392073485454, 24.414631248333478 ], [ 94.396655536723699, 24.406638952625599 ], [ 94.38911848682875, 24.403197318201705 ], [ 94.380901075524264, 24.401124294550584 ], [ 94.371890652831439, 24.398329164759218 ], [ 94.364293602867519, 24.39813860201491 ], [ 94.362855493386348, 24.393272719360539 ], [ 94.373809576750602, 24.386380048100762 ], [ 94.383566165146476, 24.378143290580454 ], [ 94.380836487114266, 24.372938188146918 ], [ 94.37500803849025, 24.364598872839736 ], [ 94.366803642174432, 24.355470847601566 ], [ 94.353207794004561, 24.340074371435151 ], [ 94.349209087129736, 24.335610160180806 ], [ 94.34454257428041, 24.333036467758802 ], [ 94.332308199863576, 24.332262854747 ], [ 94.323842025289309, 24.332621678847431 ], [ 94.322698608354131, 24.327841404457274 ], [ 94.324325633021601, 24.324308551798254 ], [ 94.325360340807151, 24.312644150607127 ], [ 94.325694202425552, 24.299721579887034 ], [ 94.32542817487041, 24.28608217035594 ], [ 94.319212467381533, 24.269609016842708 ], [ 94.312212378398613, 24.25342188731031 ], [ 94.310663303368813, 24.247751541300659 ], [ 94.30120006932782, 24.239175891354364 ], [ 94.292562723191168, 24.233572543038463 ], [ 94.289015880678392, 24.216803168131776 ], [ 94.285061620997055, 24.206997528013574 ], [ 94.282464367236798, 24.196364110515333 ], [ 94.281838355455818, 24.185350070249569 ], [ 94.28111225003039, 24.17361413338557 ], [ 94.277118671089852, 24.169671092746796 ], [ 94.263885738935755, 24.166017810073924 ], [ 94.260095219718664, 24.161532505220976 ], [ 94.257492660857679, 24.149548009233285 ], [ 94.255369558458426, 24.136741281984598 ], [ 94.256423275214047, 24.125434228207098 ], [ 94.256576419865951, 24.113600134838407 ], [ 94.254056581546081, 24.100437008960853 ], [ 94.255668388785182, 24.095362640073859 ], [ 94.25737540185338, 24.090010942750837 ], [ 94.257004498059189, 24.083330309146504 ], [ 94.251356797877975, 24.07146059453089 ], [ 94.247532748337733, 24.064271014795565 ], [ 94.244485427960171, 24.056351811486934 ], [ 94.237247082486931, 24.059767963620686 ], [ 94.230373089246712, 24.06073405043611 ], [ 94.232542718072068, 24.052491127163819 ], [ 94.240871654303476, 24.041749345855692 ], [ 94.242603056086239, 24.038033795923013 ], [ 94.228868258163629, 24.015312160028202 ], [ 94.22287807006694, 24.007960446017819 ], [ 94.21757405749679, 23.999880666959257 ], [ 94.212663615233737, 23.99134303765112 ], [ 94.207594120672184, 23.986249309957714 ], [ 94.198576962057189, 23.971873182101717 ], [ 94.191754175314998, 23.95893115904579 ], [ 94.190808792691712, 23.945114554293298 ], [ 94.194069178649727, 23.937948581761702 ], [ 94.193208191105214, 23.931630551209025 ], [ 94.187666905003709, 23.927987141293613 ], [ 94.179059885805145, 23.931768852550533 ], [ 94.174164008961895, 23.93280627269138 ], [ 94.168028961667289, 23.929069168707201 ], [ 94.166782952771086, 23.922671111982311 ], [ 94.165457290921324, 23.883113046829692 ], [ 94.162240935770626, 23.858837776342341 ], [ 94.158672863861625, 23.846763909327024 ], [ 94.152668939520026, 23.845467166076901 ], [ 94.144376187511114, 23.850146100362281 ], [ 94.136520170569497, 23.849948146989448 ], [ 94.132382213568349, 23.84013638338746 ], [ 94.126066780257759, 23.836859050604744 ], [ 94.119884596796737, 23.836822434707642 ], [ 94.11203324553793, 23.846558454708941 ], [ 94.111390212288541, 23.860750654119443 ], [ 94.108887203881409, 23.865014913707341 ], [ 94.101484436257806, 23.871323546344627 ], [ 94.098275659694025, 23.88318646838087 ], [ 94.093413741251197, 23.887749132016893 ], [ 94.087925797537594, 23.888699665956892 ], [ 94.082804925606865, 23.887385716877361 ], [ 94.073076433830408, 23.887294484253118 ], [ 94.065839171140908, 23.889881616143725 ], [ 94.058288278881037, 23.891578659327706 ], [ 94.053973707620571, 23.891890094552252 ], [ 94.048500364400354, 23.894735112435569 ], [ 94.046706843745881, 23.901704643354662 ], [ 94.044307634190034, 23.907688687283155 ], [ 94.040629787434796, 23.912332542612774 ], [ 94.035346975482582, 23.914902644041831 ], [ 94.03153032556412, 23.91646795363323 ], [ 94.025183559873426, 23.920414827182583 ], [ 94.018946810047282, 23.925887555266513 ], [ 94.015142407995768, 23.928358199771139 ], [ 94.010820443408818, 23.928937391047782 ], [ 94.005503069611052, 23.927627249697878 ], [ 93.999001215833516, 23.925606428094227 ], [ 93.992913326289056, 23.926009133714615 ], [ 93.987117943038697, 23.92650971615052 ], [ 93.979076918465069, 23.927750030539528 ], [ 93.973885251003594, 23.929782007333813 ], [ 93.96689811135883, 23.92848210656399 ], [ 93.959755690272971, 23.931702904365579 ], [ 93.959328483522768, 23.937946862257945 ], [ 93.957495452952855, 23.941480553984434 ], [ 93.951332618405672, 23.944782565962726 ], [ 93.93917519717769, 23.947405099665673 ], [ 93.933378579158159, 23.947996217751324 ], [ 93.9239647430785, 23.950059597972142 ], [ 93.918571466500055, 23.951450877056402 ], [ 93.911506462653165, 23.952140475402643 ], [ 93.90463109884621, 23.951833892020545 ], [ 93.899696458524772, 23.950332557501554 ], [ 93.893703650703003, 23.94957042883226 ], [ 93.888654408873947, 23.946533823876905 ], [ 93.884687391410068, 23.942230453672551 ], [ 93.879180569128039, 23.941909480238394 ], [ 93.874664166618061, 23.94166959417646 ], [ 93.870802664811208, 23.938716592896469 ], [ 93.86387594971535, 23.9327196365021 ], [ 93.84629085014268, 23.932937714004368 ], [ 93.835235600242811, 23.926964365712934 ], [ 93.82589356603529, 23.926308627741037 ], [ 93.813699286093254, 23.924774394222993 ], [ 93.805767584006844, 23.928077541145683 ], [ 93.803444886971988, 23.932340299765087 ], [ 93.803038848464155, 23.942194593205954 ], [ 93.801300773711773, 23.946089860958352 ], [ 93.798881521864814, 23.950537003080285 ], [ 93.794962155878864, 23.951642679965744 ], [ 93.792051925456065, 23.957811141570971 ], [ 93.791306169843949, 23.96251652581708 ], [ 93.783368269629989, 23.9644678765913 ], [ 93.777150383983098, 23.972912025869334 ], [ 93.771287044361657, 23.977465416595749 ], [ 93.768100974780225, 23.985076085892672 ], [ 93.764419751070704, 23.992060403464905 ], [ 93.760052192654598, 23.99922434712596 ], [ 93.754787434592515, 24.004590500151494 ], [ 93.744465239179476, 24.00366592424308 ], [ 93.742242583628411, 23.996368703752751 ], [ 93.737798878715353, 23.994316118993765 ], [ 93.730649455508001, 23.996980109644369 ], [ 93.724666105856159, 23.99900931832542 ], [ 93.718094940429239, 24.000769525393309 ], [ 93.710613259094714, 24.000455245613125 ], [ 93.70404454791759, 24.001671034590629 ], [ 93.694905852223371, 24.002730419773115 ], [ 93.684405916599815, 24.004963576707723 ], [ 93.675470548627004, 24.00637598716213 ], [ 93.672396707242285, 24.003412600511183 ], [ 93.665496662441058, 24.000742612281783 ], [ 93.660774959996445, 24.000047358099152 ], [ 93.656759547315289, 24.002598866044877 ], [ 93.65294521135246, 24.005338116460962 ], [ 93.650418719848119, 24.008875901901376 ], [ 93.642946917566235, 24.009464161042274 ], [ 93.633307403813717, 24.008792741591776 ], [ 93.625662319260698, 24.010649163528115 ], [ 93.618671940257912, 24.009692190442308 ], [ 93.614314541482941, 24.006196741486463 ], [ 93.6146629658233, 23.998426491089731 ], [ 93.618074873156957, 23.994970037637188 ], [ 93.618739581866294, 23.990724353546113 ], [ 93.618904531019325, 23.986657294598501 ], [ 93.613925302310918, 23.976925967259604 ], [ 93.610258196158895, 23.972612694620238 ], [ 93.607281117329762, 23.968920241975638 ], [ 93.601458718445144, 23.965073843383209 ], [ 93.595154012247917, 23.962762058722092 ], [ 93.590636695127444, 23.963510706553905 ], [ 93.58189413730463, 23.964005610670426 ], [ 93.578074819097708, 23.965839051331216 ], [ 93.575179157692048, 23.973439779522266 ], [ 93.570487201223443, 23.978803681544719 ], [ 93.566895101227999, 23.984240972742725 ], [ 93.561585074891354, 23.98516774479566 ], [ 93.559301225870911, 23.981209436366441 ], [ 93.55532859843612, 23.975263731436087 ], [ 93.555566845033923, 23.965692689366165 ], [ 93.552981574739931, 23.960824305697201 ], [ 93.544421672822011, 23.958883918558058 ], [ 93.537539483160685, 23.958922390655857 ], [ 93.528580735512605, 23.956438214052412 ], [ 93.52226198010635, 23.950417315007144 ], [ 93.517508901214853, 23.945740244117019 ], [ 93.513172755218534, 23.942878799217283 ], [ 93.506792289232806, 23.944624658501255 ], [ 93.500643104595667, 23.951518914366432 ], [ 93.494068875178527, 23.952908968574093 ], [ 93.487509135638163, 23.957280893198686 ], [ 93.483910436417545, 23.963354919693813 ], [ 93.476158580753975, 23.965285096829803 ], [ 93.470359086702558, 23.966485440850477 ], [ 93.467040799693223, 23.969756657343908 ], [ 93.464322267858449, 23.975014767617495 ], [ 93.464865731768157, 23.983408405573527 ], [ 93.465569533107498, 23.987837757306693 ], [ 93.465225641350344, 23.995060693796006 ], [ 93.461320078159133, 23.999419491016738 ], [ 93.457019444591765, 24.005496573408209 ], [ 93.455580637236665, 24.010917025700223 ], [ 93.45149326260406, 24.018707369649462 ], [ 93.442282640931182, 24.023636130203272 ], [ 93.43936696241542, 24.030599175211819 ], [ 93.438230320972593, 24.039461841990487 ], [ 93.43115487599681, 24.05756243116133 ], [ 93.423049771130081, 24.067628532930485 ], [ 93.418540814107359, 24.07198330748372 ], [ 93.413743580302025, 24.075167570327153 ], [ 93.408835845897613, 24.077630558903195 ], [ 93.402561603335357, 24.080277832056368 ], [ 93.389494684232375, 24.084224692115924 ], [ 93.381735616005926, 24.085338235371296 ], [ 93.36886091799704, 24.088281274861004 ], [ 93.367036783520803, 24.088618711284539 ], [ 93.364826761645816, 24.089024497982223 ], [ 93.35993946613354, 24.096268664767138 ], [ 93.355165973530916, 24.105151481755513 ], [ 93.3498650816083, 24.108509287673542 ], [ 93.34534818537054, 24.10907432541984 ], [ 93.347470989194846, 24.101202389578646 ], [ 93.349327928241337, 24.097675704470248 ], [ 93.352264105004508, 24.093770392189924 ], [ 93.345246950486455, 24.088379214629128 ], [ 93.342012535150445, 24.090474250985949 ], [ 93.337771897155392, 24.089319992723517 ], [ 93.332453450466403, 24.08626844283441 ], [ 93.334393462588309, 24.081106732689591 ], [ 93.336033735168826, 24.075046065623496 ], [ 93.337285842367805, 24.068447996977511 ], [ 93.340411465816544, 24.06355277304209 ], [ 93.335756719696917, 24.057069548720733 ], [ 93.334749328818532, 24.052830671598258 ], [ 93.335777966180274, 24.049528908732213 ], [ 93.310968913884324, 24.050320672760904 ], [ 93.296713295182485, 24.047807260996365 ], [ 93.286648909319752, 24.047791458109373 ], [ 93.283825294401879, 24.042771249993223 ], [ 93.275240387733788, 24.03647516919375 ], [ 93.272408997277466, 24.030197521798243 ], [ 93.253752597404514, 24.02010524346224 ], [ 93.25086659291901, 24.030148309996548 ], [ 93.260818829725281, 24.054026233923594 ], [ 93.265102319516473, 24.05654770181502 ], [ 93.262225767804978, 24.064085750856748 ], [ 93.262223612130072, 24.069110804520051 ], [ 93.246563719140397, 24.081670810859293 ], [ 93.240878530719669, 24.082919019497183 ], [ 93.235184308609007, 24.080398628094258 ], [ 93.225251134732162, 24.082910774512698 ], [ 93.220977696663454, 24.077883075943248 ], [ 93.223816329360147, 24.070342356814365 ], [ 93.220975734342744, 24.064055494065826 ], [ 93.219540504490737, 24.057767382159 ], [ 93.215279393429341, 24.04645825274622 ], [ 93.207232165332243, 24.047547514306416 ], [ 93.196825787979776, 24.04895534091628 ], [ 93.192573651253042, 24.052730416975237 ], [ 93.174119120401144, 24.050197957569765 ], [ 93.168440578869649, 24.051452180873525 ], [ 93.165612085129681, 24.05773750488197 ], [ 93.168487705143548, 24.067800385279611 ], [ 93.159965858037992, 24.074073800465555 ], [ 93.15711563937532, 24.080351455954997 ], [ 93.146571496677268, 24.084638086178757 ], [ 93.140874380548269, 24.083353946027842 ], [ 93.133752086289803, 24.075789465911157 ], [ 93.133741127151382, 24.069498975297506 ], [ 93.128042988493178, 24.060674395706826 ], [ 93.119502311382632, 24.056870504470282 ], [ 93.118080812379674, 24.053094100112673 ], [ 93.110981306042504, 24.051818191456448 ], [ 93.109553448832628, 24.04678665817778 ], [ 93.099603404573543, 24.041733775893078 ], [ 93.098183449706482, 24.045503882298362 ], [ 93.102455103520242, 24.049286147537714 ], [ 93.099609230381759, 24.053049042279554 ], [ 93.101033576638315, 24.059338592202323 ], [ 93.099618468217784, 24.063108351469282 ], [ 93.101045445890691, 24.070662528053276 ], [ 93.093937547080202, 24.076951837857109 ], [ 93.088246812540433, 24.080733414215729 ], [ 93.083975380859215, 24.08703854039635 ], [ 93.078259775568256, 24.099672639180994 ], [ 93.072543654965784, 24.097203759146225 ], [ 93.063961602745849, 24.091007233297205 ], [ 93.052479057062897, 24.087448294003593 ], [ 93.036505284491341, 24.091972847968634 ], [ 93.033531136552767, 24.096038596603989 ], [ 93.02911895557537, 24.097639653347358 ], [ 93.02613857263708, 24.10045047990576 ], [ 93.020326960221098, 24.098272193307139 ], [ 93.012962444361392, 24.101370096952451 ], [ 93.008527742561341, 24.106796475776775 ], [ 92.999557106775114, 24.112060001767702 ], [ 92.988183164121779, 24.113226745318116 ], [ 92.983670562146813, 24.111739058011153 ], [ 92.975278578044026, 24.111750098088635 ], [ 92.973771403327646, 24.11394470378508 ], [ 92.972517118869973, 24.120806495023771 ], [ 92.976461423056264, 24.12330432693318 ], [ 92.984983344805585, 24.125776901382949 ], [ 92.991789541754031, 24.137270181373822 ], [ 92.989816783517824, 24.143746855932704 ], [ 92.990050178273179, 24.147213554462041 ], [ 92.992005546318978, 24.150064720110777 ], [ 92.999572952829567, 24.153595561885709 ], [ 93.004352742485139, 24.157464533461507 ], [ 93.002236409282943, 24.170907954638437 ], [ 93.009822624214792, 24.179053805089097 ], [ 93.002032290158127, 24.191168777417204 ], [ 93.00198294615609, 24.194377377713863 ], [ 93.011307852775246, 24.194364688279791 ], [ 93.015552165400152, 24.196856972271519 ], [ 93.016937073687075, 24.204378069092684 ], [ 93.021207087137441, 24.206870470895581 ], [ 93.022626352224449, 24.214379336936872 ], [ 93.018365323900639, 24.221908581615821 ], [ 93.018372040936981, 24.225667254939935 ], [ 93.025544556036493, 24.22942958490745 ], [ 93.016994309240033, 24.233191801560451 ], [ 93.005701911713913, 24.250805944738602 ], [ 93.005750726015265, 24.259631006365908 ], [ 93.012926231360552, 24.268500810164312 ], [ 93.007239805472693, 24.277322623440398 ], [ 93.010105159725413, 24.284914530181481 ], [ 93.017240945613196, 24.28997989055955 ], [ 93.022935606593023, 24.297550953713596 ], [ 93.034256089047346, 24.315183814481486 ], [ 93.042412833885237, 24.340161991482773 ], [ 93.030822546723186, 24.34128367989797 ], [ 93.020638890972123, 24.343639917148494 ], [ 93.018403380511643, 24.355668936772076 ], [ 93.019194395405066, 24.362789458466807 ], [ 93.021199481570875, 24.371032263927873 ], [ 93.016187279219594, 24.376777277049769 ], [ 93.023448998972185, 24.387274157676302 ], [ 92.999645547903754, 24.400128698280867 ], [ 93.005598593100672, 24.408771903500622 ], [ 93.008045877715119, 24.402213911342983 ], [ 93.015123409118075, 24.399352697568986 ], [ 93.0151236213581, 24.399352756024939 ], [ 93.028326202292476, 24.403133272982188 ], [ 93.038267287505391, 24.407904368891536 ], [ 93.038267288404711, 24.407904396770562 ], [ 93.038267507839294, 24.407904501991197 ], [ 93.038456016531995, 24.414347904332374 ], [ 93.031294028896355, 24.425651081132514 ], [ 93.03587740571777, 24.440728234120741 ], [ 93.037065750084366, 24.457931557995039 ], [ 93.047405842905391, 24.460717252099528 ], [ 93.047406100111516, 24.460717331239891 ], [ 93.047681275570483, 24.472241725974925 ], [ 93.044894326911731, 24.478584216288596 ], [ 93.034961562226385, 24.493735911383283 ], [ 93.043533099572926, 24.502567434639445 ], [ 93.039226433353292, 24.507586950277584 ], [ 93.04064058219717, 24.511364601994842 ], [ 93.052047827645197, 24.516401643621009 ], [ 93.052026520007928, 24.521417838962122 ], [ 93.047698724216787, 24.527676133846569 ], [ 93.050519188809574, 24.533948925802349 ], [ 93.051910608188052, 24.541478255916843 ], [ 93.06044685523824, 24.551511713195055 ], [ 93.064768493371332, 24.543998365831953 ], [ 93.064768652551322, 24.543998672500777 ], [ 93.064768755074056, 24.543998495334336 ], [ 93.0719152276057, 24.557800239689357 ], [ 93.060378461796631, 24.571577416364732 ], [ 93.070463725420666, 24.572855783767466 ], [ 93.077689288829674, 24.571616668174727 ], [ 93.086358056379254, 24.567868517817885 ], [ 93.086358197572793, 24.567868659011481 ], [ 93.086358313585379, 24.567868609548725 ], [ 93.095438839331052, 24.576894863007567 ], [ 93.096493860103635, 24.57920915947517 ], [ 93.103680887562973, 24.579227457081515 ], [ 93.105768030570232, 24.580044537925119 ], [ 93.106187873671502, 24.580208888129732 ], [ 93.10618812817961, 24.58020898525649 ], [ 93.105940505250203, 24.580606955946337 ], [ 93.103667743971243, 24.584252432503831 ], [ 93.097891261772361, 24.588004725137978 ], [ 93.087793272741408, 24.586719781892498 ], [ 93.079075420194556, 24.58920295395319 ], [ 93.074692880871794, 24.59294657622354 ], [ 93.074651770163143, 24.596716030620371 ], [ 93.076046026902702, 24.600476636587587 ], [ 93.08602934337955, 24.608023397361933 ], [ 93.085996442581802, 24.610529912225729 ], [ 93.081619086052058, 24.614280113936161 ], [ 93.078693059037505, 24.618029310204577 ], [ 93.078626692667797, 24.623039997198191 ], [ 93.08148640187602, 24.6243015086078 ], [ 93.088660149946008, 24.624312618832334 ], [ 93.088660149046689, 24.624312747435397 ], [ 93.088660411648732, 24.624312746536077 ], [ 93.088585910911092, 24.630579504940272 ], [ 93.08415308329819, 24.644365420327915 ], [ 93.085559075291144, 24.648134148072529 ], [ 93.088418495816995, 24.649386360492201 ], [ 93.095573275386414, 24.649396614562136 ], [ 93.095573275386414, 24.649396701796377 ], [ 93.095573574860623, 24.649396702695697 ], [ 93.095548293119293, 24.653167144548149 ], [ 93.096963247755752, 24.655679724439779 ], [ 93.096936876935388, 24.659438702634077 ], [ 93.098343465178857, 24.663207335050515 ], [ 93.102620538307235, 24.668229420051716 ], [ 93.104027389152748, 24.67199798771702 ], [ 93.104007126527733, 24.67576564796633 ], [ 93.101144268793007, 24.677017580696827 ], [ 93.101144046660465, 24.677017448496485 ], [ 93.100807581504739, 24.676819489727734 ], [ 93.096864227901847, 24.67449933957289 ], [ 93.092571271846793, 24.673239787786031 ], [ 93.09113086819508, 24.674497514848497 ], [ 93.091124101695982, 24.677011075900509 ], [ 93.092529500136379, 24.680768250954088 ], [ 93.092524215720061, 24.684536904054937 ], [ 93.089630607466631, 24.689559362274792 ], [ 93.083886445103417, 24.69457234074099 ], [ 93.082443792247261, 24.698343055087946 ], [ 93.079566277361891, 24.700848694012052 ], [ 93.075244754342009, 24.707115750991193 ], [ 93.078084304347215, 24.710891952101974 ], [ 93.088136959453152, 24.70588266535276 ], [ 93.088137062875205, 24.705882817338193 ], [ 93.088137176189775, 24.705882760680936 ], [ 93.092402702023151, 24.71217065225386 ], [ 93.093806153431274, 24.717194846165285 ], [ 93.093379640957721, 24.718313874385842 ], [ 93.092372703337674, 24.720955480011469 ], [ 93.093800687351916, 24.720963356273899 ], [ 93.093800753901746, 24.72096344350814 ], [ 93.093800986826125, 24.72096344350814 ], [ 93.096650586755231, 24.724729436414407 ], [ 93.096635393608608, 24.728498924086125 ], [ 93.103776498986292, 24.733536100610593 ], [ 93.10662427149299, 24.73856662305127 ], [ 93.10518081104567, 24.742328295614413 ], [ 93.103032423307752, 24.743262863890095 ], [ 93.10230621625891, 24.74357878493305 ], [ 93.102306218057549, 24.743578487257423 ], [ 93.102305908690767, 24.743578621256404 ], [ 93.102326897068679, 24.73981796402785 ], [ 93.100891949603863, 24.738555606356215 ], [ 93.09802400800163, 24.741060670613535 ], [ 93.100866939457774, 24.746094003435587 ], [ 93.099435833896678, 24.747350921108193 ], [ 93.099420716293082, 24.751120340431441 ], [ 93.10368152608163, 24.759918941306125 ], [ 93.105092862745494, 24.766199975548489 ], [ 93.102211130938997, 24.769963859544532 ], [ 93.10076473330588, 24.774990162366123 ], [ 93.106469338089539, 24.780017878922024 ], [ 93.10504292788886, 24.781274406288844 ], [ 93.105012920210186, 24.785045099052127 ], [ 93.107883663200539, 24.78756312343944 ], [ 93.112139807306335, 24.798874755665508 ], [ 93.109237695962975, 24.806408496055326 ], [ 93.110660288541567, 24.808927298356195 ], [ 93.119254900693193, 24.813960445018552 ], [ 93.119567074261113, 24.814236802186713 ], [ 93.12210116863406, 24.816480089084905 ], [ 93.122123639094752, 24.81145260455412 ], [ 93.11927544930262, 24.807677575259959 ], [ 93.120716227072307, 24.805173693611096 ], [ 93.126445404032211, 24.805175315088775 ], [ 93.130762427743889, 24.802664085079527 ], [ 93.130762620198823, 24.802664255051354 ], [ 93.130762689446613, 24.80266421368259 ], [ 93.136480687833512, 24.807701139296171 ], [ 93.139363122010536, 24.801423850730203 ], [ 93.142244430236303, 24.797659320121568 ], [ 93.143685713424986, 24.796401171277068 ], [ 93.147989335439547, 24.795148184541119 ], [ 93.150867388119536, 24.792639025670553 ], [ 93.152306360949865, 24.790125681355164 ], [ 93.152325887030145, 24.786365006140159 ], [ 93.152326148732811, 24.786365157226271 ], [ 93.15661092725253, 24.788881700430181 ], [ 93.160900135832662, 24.793908337799621 ], [ 93.165187600627348, 24.795166745648828 ], [ 93.165187688760909, 24.795166824789192 ], [ 93.165187862330015, 24.79516687515121 ], [ 93.168049927762013, 24.797684595567659 ], [ 93.173784371151839, 24.80020602838556 ], [ 93.175230706731782, 24.793921264654671 ], [ 93.176666600283454, 24.792663160776272 ], [ 93.178105754776823, 24.792669398474004 ], [ 93.178105829420531, 24.792669530674345 ], [ 93.178105975110725, 24.792669531573665 ], [ 93.17952905871914, 24.795180840723276 ], [ 93.179521346133299, 24.798949804989547 ], [ 93.180945181574941, 24.801467875242281 ], [ 93.185246025583695, 24.801471649696907 ], [ 93.189544279544918, 24.802728595248539 ], [ 93.192421872671332, 24.802731656540743 ], [ 93.192421923033407, 24.80273174827164 ], [ 93.192422130776777, 24.80273174737232 ], [ 93.193841528963446, 24.8052525074973 ], [ 93.196703201391699, 24.80775823455491 ], [ 93.198135551614484, 24.811535527442686 ], [ 93.195260315611108, 24.812787715580669 ], [ 93.190951654695141, 24.819066095024311 ], [ 93.192372738211361, 24.822832757925482 ], [ 93.196655723482934, 24.830381327236523 ], [ 93.194697881402192, 24.830380783146666 ], [ 93.19235393608534, 24.830380123044279 ], [ 93.192349095934105, 24.832893512325768 ], [ 93.19377504208461, 24.834146699610528 ], [ 93.195208628875207, 24.834144047509824 ], [ 93.198079369167601, 24.832892334213909 ], [ 93.198079477086253, 24.832892476306768 ], [ 93.198079586803544, 24.832892428642708 ], [ 93.20093566365, 24.836665499213495 ], [ 93.19950958889649, 24.837922869245062 ], [ 93.199509384750343, 24.837922688481342 ], [ 93.199509327193766, 24.83792273974268 ], [ 93.198072295999737, 24.836661302077459 ], [ 93.196633710777178, 24.836664449704642 ], [ 93.193753035674092, 24.840429907514249 ], [ 93.195187624309483, 24.842946826634773 ], [ 93.200933333506612, 24.840433845645521 ], [ 93.200933333506612, 24.840434050690931 ], [ 93.200933592511319, 24.840433936477041 ], [ 93.200921591058659, 24.846713884338328 ], [ 93.198044248843075, 24.849233085038918 ], [ 93.196602264183184, 24.852995442885458 ], [ 93.199468205693222, 24.854254633144876 ], [ 93.205220485337179, 24.851750152547538 ], [ 93.205220702973122, 24.851750248775033 ], [ 93.208081727889464, 24.853009734012062 ], [ 93.20808175486917, 24.853009781676121 ], [ 93.208081949122686, 24.853009866212403 ], [ 93.209516323719413, 24.855519942391481 ], [ 93.212110018862347, 24.85732897005596 ], [ 93.213666024067834, 24.858414187364929 ], [ 93.213666254294253, 24.858414352840157 ], [ 93.215586791597218, 24.861164691897045 ], [ 93.218456826821182, 24.866191617948857 ], [ 93.221323737800333, 24.867452806501888 ], [ 93.224182210440745, 24.87123455642967 ], [ 93.228486006923731, 24.873745424911476 ], [ 93.22562647218399, 24.877518934351372 ], [ 93.228484362963059, 24.88129132953128 ], [ 93.232777613995722, 24.881292314288942 ], [ 93.232777651767265, 24.881292446489283 ], [ 93.232777835228944, 24.881292446489283 ], [ 93.234204954095389, 24.8863252271276 ], [ 93.229903003021207, 24.891348447073199 ], [ 93.232767127001352, 24.891351981408889 ], [ 93.232767127001352, 24.891352107313935 ], [ 93.232767430972217, 24.891352107313935 ], [ 93.232767199846478, 24.895129665501713 ], [ 93.235609574622231, 24.898894012648611 ], [ 93.24134078315069, 24.897645414604256 ], [ 93.241340880277448, 24.897645586374779 ], [ 93.241341086222235, 24.897645540509359 ], [ 93.242766328203516, 24.900153836030768 ], [ 93.242750382324346, 24.903923552130266 ], [ 93.241289906703912, 24.907697145207123 ], [ 93.238408995978432, 24.911463400715434 ], [ 93.239826177336283, 24.912716847904278 ], [ 93.241268664717154, 24.911467073546646 ], [ 93.249857577864987, 24.911468363174492 ], [ 93.249857676790384, 24.911468496274153 ], [ 93.249857799997528, 24.911468495374834 ], [ 93.252676014486553, 24.91523478595667 ], [ 93.252095282671235, 24.917387904128532 ], [ 93.249634074752805, 24.926512261931407 ], [ 93.243924565066663, 24.926513095602957 ], [ 93.242471811025325, 24.927763817845971 ], [ 93.246620214551342, 24.932770563111035 ], [ 93.247931778628754, 24.936527761546984 ], [ 93.246501015709384, 24.936521314307242 ], [ 93.246500750409382, 24.936521190200835 ], [ 93.244990248201475, 24.935851658427339 ], [ 93.240883426628898, 24.934031213869503 ], [ 93.239467855956832, 24.934023403257527 ], [ 93.239425586921357, 24.9352823354115 ], [ 93.240768898865667, 24.937779236522601 ], [ 93.243521801889699, 24.940275014380461 ], [ 93.246366281978396, 24.940270932357691 ], [ 93.24926496060948, 24.939025322760472 ], [ 93.253550209474668, 24.939026676240189 ], [ 93.253550135730222, 24.939026767071709 ], [ 93.253550468479375, 24.939026767071709 ], [ 93.250534439113153, 24.942765439473476 ], [ 93.250359886999263, 24.946518635926338 ], [ 93.248812570144082, 24.949014341838449 ], [ 93.248690157125111, 24.951507645661366 ], [ 93.252985730207342, 24.951508143885803 ], [ 93.258927861231882, 24.947767302319221 ], [ 93.261824016365324, 24.947770100110063 ], [ 93.261823962406027, 24.947770187344304 ], [ 93.26182431673891, 24.947770187344304 ], [ 93.260262134989603, 24.950267304292709 ], [ 93.260029680925072, 24.955271571026231 ], [ 93.262769761415427, 24.960278952111992 ], [ 93.26269879591274, 24.962777186018343 ], [ 93.258165284700169, 24.969057699553218 ], [ 93.25236723675863, 24.969054747078985 ], [ 93.252354460090316, 24.971577981238909 ], [ 93.25380922681444, 24.975341286071568 ], [ 93.250999483939097, 24.977846126397651 ], [ 93.252497442403126, 24.979085870616473 ], [ 93.252743806281671, 24.982788958643596 ], [ 93.251500483660436, 24.985235376311607 ], [ 93.254744071182017, 24.988830966575904 ], [ 93.256436752654054, 24.992439740002055 ], [ 93.256543136156893, 24.994887978797237 ], [ 93.255119886173873, 24.996136191032463 ], [ 93.255174719637637, 24.998625861594292 ], [ 93.256596099930107, 24.99735933016899 ], [ 93.260910681982466, 24.997330362106595 ], [ 93.262802637931429, 25.000656045140431 ], [ 93.261947871896837, 25.002444906407334 ], [ 93.259388206200811, 25.002861589290944 ], [ 93.257481628174673, 25.000619012857214 ], [ 93.257165944552753, 24.999922582361364 ], [ 93.256601154120006, 24.999612847754747 ], [ 93.255958305231673, 24.99952942754112 ], [ 93.255320026697916, 24.999686009401842 ], [ 93.254816321815838, 25.000064520561239 ], [ 93.254713060759229, 25.000635171875729 ], [ 93.252968243789496, 25.002796420818242 ], [ 93.251315765610173, 25.000605904339068 ], [ 93.250700141898108, 24.999902900698373 ], [ 93.250135322687072, 24.99959310853518 ], [ 93.249510580748733, 24.999390198099206 ], [ 93.248862710945389, 24.999307180781841 ], [ 93.248195359128601, 24.999329877871617 ], [ 93.247571206246221, 24.999476009610191 ], [ 93.246972791061523, 24.999723895141699 ], [ 93.246445877375379, 25.000074335762008 ], [ 93.246202006417548, 25.000610776865926 ], [ 93.248679894061922, 25.009600866786627 ], [ 93.251223123748218, 25.012454595503243 ], [ 93.248355242400578, 25.015239320138562 ], [ 93.253352139189928, 25.017775876855296 ], [ 93.257299395850509, 25.018162359605242 ], [ 93.257886704407952, 25.021627990639331 ], [ 93.25514149598331, 25.025107401985053 ], [ 93.259374299084698, 25.02849308508786 ], [ 93.263340590795679, 25.032340795791129 ], [ 93.263431810829445, 25.035326658298686 ], [ 93.262451932011118, 25.038261282831968 ], [ 93.267891715230519, 25.040505020290482 ], [ 93.268992102303741, 25.042992531580126 ], [ 93.26733982197527, 25.045217533462449 ], [ 93.267704131940206, 25.046087774131536 ], [ 93.284014649356664, 25.04792468527603 ], [ 93.286383749610422, 25.04317106769065 ], [ 93.291406975851316, 25.043450219052431 ], [ 93.296485872824803, 25.044020296599456 ], [ 93.298841831285529, 25.046813212259963 ], [ 93.299576374150433, 25.048948343990958 ], [ 93.301912561915287, 25.048277565757132 ], [ 93.301944735161442, 25.044534331993873 ], [ 93.304085754753828, 25.044331149962659 ], [ 93.303740245116273, 25.052382827005886 ], [ 93.308432853593388, 25.054846876781994 ], [ 93.305595367532248, 25.06075323187622 ], [ 93.308304541021812, 25.066936929795531 ], [ 93.310287877983228, 25.068971227740008 ], [ 93.312236972358448, 25.074286510614002 ], [ 93.32185955817215, 25.084690948128809 ], [ 93.32314219825389, 25.087987726052745 ], [ 93.329020981932842, 25.090806538590925 ], [ 93.335288250252631, 25.092137422803887 ], [ 93.338695288656709, 25.102703605187287 ], [ 93.339993178542443, 25.110717281377504 ], [ 93.343868429184738, 25.112425780125704 ], [ 93.343880956740804, 25.117607689043666 ], [ 93.345969664568429, 25.121368607075624 ], [ 93.348740008144944, 25.121683777184614 ], [ 93.346577135926168, 25.123734140618126 ], [ 93.345614721941899, 25.126143035872474 ], [ 93.348444970259209, 25.131069616469688 ], [ 93.346407306152344, 25.133980682362676 ], [ 93.350544262208018, 25.140814655771806 ], [ 93.348122247643687, 25.149776446725696 ], [ 93.3483999780766, 25.153458162364359 ], [ 93.346937625571002, 25.16017997232791 ], [ 93.348732899004119, 25.163020734619238 ], [ 93.352663313161429, 25.17808145609439 ], [ 93.360406162114771, 25.188235024127096 ], [ 93.361818830674565, 25.191880846923596 ], [ 93.368126152100274, 25.196311993703603 ], [ 93.37015764595867, 25.19984633833792 ], [ 93.369177661020274, 25.204323489937167 ], [ 93.377706962606283, 25.212348460712917 ], [ 93.379106993892719, 25.217030896958363 ], [ 93.381584260105569, 25.220108122491922 ], [ 93.384401782116583, 25.221967607519105 ], [ 93.385120334136161, 25.224799588830024 ], [ 93.387227827002675, 25.22827405120654 ], [ 93.3867372423299, 25.238631390326475 ], [ 93.388342653590655, 25.242163175490191 ], [ 93.39421480476949, 25.246531774421896 ], [ 93.403199533831469, 25.259289729637374 ], [ 93.405963032667898, 25.260284346545404 ], [ 93.41169256845734, 25.259648314518131 ], [ 93.4203395067629, 25.26243889823661 ], [ 93.422932424891542, 25.268339667641612 ], [ 93.422937327096008, 25.274095421366667 ], [ 93.42605413988673, 25.277236682227169 ], [ 93.438264336030329, 25.28270341273236 ], [ 93.444438339257999, 25.288454208494954 ], [ 93.451579898793341, 25.290879486698998 ], [ 93.459581218298638, 25.290843857358198 ], [ 93.465202885804615, 25.295153250322301 ], [ 93.473625396494924, 25.305372170289502 ], [ 93.474728086731886, 25.295770059340839 ], [ 93.474226250641038, 25.288508639961833 ], [ 93.47215676042623, 25.281522603785163 ], [ 93.476306519230548, 25.275113057321789 ], [ 93.48293213590938, 25.272699383969439 ], [ 93.48709771468782, 25.271984394164519 ], [ 93.494434045794662, 25.27476061031399 ], [ 93.503898858145874, 25.271788180080478 ], [ 93.510313463295745, 25.271615723386958 ], [ 93.503672219996986, 25.249396891253582 ], [ 93.504635222137836, 25.24013454597258 ], [ 93.507910128549668, 25.239709482306807 ], [ 93.515890237544511, 25.240749847727329 ], [ 93.520071559854671, 25.244757964208759 ], [ 93.528815907328294, 25.244320548354665 ], [ 93.54067374819499, 25.241311634424449 ], [ 93.546615866628997, 25.244415743391869 ], [ 93.554151678157496, 25.24643638243316 ], [ 93.562547632767121, 25.242476459720876 ], [ 93.569499178144611, 25.231480408594052 ], [ 93.570154852264693, 25.228320105488535 ], [ 93.57422808236015, 25.223402852659547 ], [ 93.577583071601509, 25.22153575666988 ], [ 93.581032834098096, 25.221851951106714 ], [ 93.585218453369009, 25.218140600108654 ], [ 93.587414119366201, 25.217993622107997 ], [ 93.589642789583138, 25.215767515858204 ], [ 93.591328499510723, 25.2097280700944 ], [ 93.594183202193108, 25.206938097914929 ], [ 93.592204785422553, 25.202483554372577 ], [ 93.592358451681264, 25.199723286800292 ], [ 93.596444231815894, 25.200098747459265 ], [ 93.600351707865059, 25.198177737112928 ], [ 93.603611600095348, 25.200105510361084 ], [ 93.607333915627748, 25.197830683339419 ], [ 93.611895848114955, 25.201960234377339 ], [ 93.620477680000988, 25.220671204212749 ], [ 93.62824709762549, 25.231504503230269 ], [ 93.631211997835464, 25.238659991465511 ], [ 93.637435384635353, 25.246138112384017 ], [ 93.642456801440289, 25.255733715838346 ], [ 93.642911871885417, 25.26161246983969 ], [ 93.649246344743062, 25.264830727955768 ], [ 93.650719223813212, 25.269380247100798 ], [ 93.650981832145874, 25.274739511319467 ], [ 93.664983192720229, 25.294129981013839 ], [ 93.664119663691565, 25.299940260634571 ], [ 93.665478568081483, 25.303986432827685 ], [ 93.672313957023562, 25.307201278915954 ], [ 93.673338277639459, 25.312964779401113 ], [ 93.671475630595921, 25.324407732430984 ], [ 93.683309909224988, 25.325307121026867 ], [ 93.686501204766842, 25.326883414038377 ], [ 93.690849626509134, 25.343089570527297 ], [ 93.692187599178396, 25.357268733365402 ], [ 93.699387324165741, 25.355072513385835 ], [ 93.710982991072228, 25.353720724431923 ], [ 93.717435905542686, 25.357222088228866 ], [ 93.718382920435488, 25.365984039931561 ], [ 93.722501068069903, 25.371195214587544 ], [ 93.7303902277269, 25.375969764792842 ], [ 93.739183083732371, 25.380006981537008 ], [ 93.740721327327435, 25.385026196801618 ], [ 93.739477167437371, 25.3907735940262 ], [ 93.741396894451157, 25.395504592762791 ], [ 93.746078756929137, 25.401298646815121 ], [ 93.759746961852841, 25.409682769943913 ], [ 93.763819395149028, 25.41368555164695 ], [ 93.78046545951338, 25.420244647272682 ], [ 93.779927661332579, 25.425023100535725 ], [ 93.783873277629709, 25.427464535060324 ], [ 93.787501902690735, 25.431399951246817 ], [ 93.789601087620156, 25.438898198093398 ], [ 93.793150409563793, 25.444167736951556 ], [ 93.797774404265397, 25.449433822413027 ], [ 93.8018370601323, 25.455910548233248 ], [ 93.804648538699155, 25.458919708577753 ], [ 93.808417618078693, 25.461080391846679 ], [ 93.813323607798338, 25.480221119808903 ], [ 93.807070043347892, 25.491063268155358 ], [ 93.80351403404552, 25.494547982803226 ], [ 93.796737624441846, 25.499915004573836 ], [ 93.787954213116507, 25.50204342736231 ], [ 93.772892357596277, 25.493415265102442 ], [ 93.768864769893298, 25.492354095665007 ], [ 93.765306471816302, 25.495495876333678 ], [ 93.763816274501551, 25.511090759131264 ], [ 93.768846127846587, 25.513311392107084 ], [ 93.767714063053631, 25.520898163719323 ], [ 93.768498293461505, 25.526316920789327 ], [ 93.77053497910606, 25.531628949916183 ], [ 93.770194812340776, 25.535885353926005 ], [ 93.771383288907714, 25.536413077001953 ], [ 93.779039594301878, 25.533641841297992 ], [ 93.807373846925543, 25.540055313302105 ], [ 93.815439921215443, 25.540972589413514 ], [ 93.81922789984776, 25.539899294416955 ], [ 93.822858013286748, 25.543667430407652 ], [ 93.824570368327898, 25.551509369361952 ], [ 93.832774908535271, 25.551909460653121 ], [ 93.832991465283953, 25.556860876028679 ], [ 93.836009420998039, 25.558551793030858 ], [ 93.843708902843673, 25.557160706401532 ], [ 93.851802943351231, 25.554101663361109 ], [ 93.861715662148129, 25.552955531372731 ], [ 93.877831809090765, 25.557375162333926 ], [ 93.891409504445107, 25.563796649096105 ], [ 93.895492145945866, 25.563935190556663 ], [ 93.899673778522128, 25.564076979469064 ], [ 93.904288800687652, 25.562779336896938 ], [ 93.910345123128991, 25.562868881493728 ], [ 93.91653053965274, 25.562040229073375 ], [ 93.918754886828651, 25.559347812651481 ], [ 93.929530403505396, 25.560681628654265 ], [ 93.942909627477377, 25.558691213129009 ], [ 93.943107576353611, 25.558595270755177 ], [ 93.95676004673885, 25.551977253347616 ], [ 93.964580289548792, 25.551789992014562 ], [ 93.971996467862766, 25.556378852002467 ], [ 93.977212055492032, 25.561351016536207 ], [ 93.979829547595614, 25.566432805729448 ], [ 93.999948576066004, 25.569026700521874 ], [ 94.006769222421724, 25.564978449995522 ], [ 94.00973828919075, 25.566430141038211 ], [ 94.010932368534043, 25.567875947816788 ], [ 94.011610282888284, 25.570422848535657 ], [ 94.011094887718968, 25.574219967877241 ], [ 94.007175234849285, 25.582672065363568 ], [ 94.007014702266758, 25.586080921297537 ], [ 94.009749738459732, 25.59054585380818 ], [ 94.014091986356163, 25.59126284730263 ], [ 94.024853625594403, 25.588494307766155 ], [ 94.026593775082688, 25.583087854321093 ], [ 94.032731678624145, 25.579784753263823 ], [ 94.034197593344288, 25.576567305436868 ], [ 94.03722281198327, 25.576996032940599 ], [ 94.03848141318673, 25.57809817908776 ], [ 94.038310393609834, 25.57492735571293 ], [ 94.042926433807907, 25.572534069092058 ], [ 94.045298375020025, 25.576009372334738 ], [ 94.05340533968473, 25.571796046750194 ], [ 94.063946106327819, 25.561367561363909 ], [ 94.068656081612914, 25.553970136612577 ], [ 94.07927611450117, 25.55655186807428 ], [ 94.08516701744395, 25.554679456191991 ], [ 94.094150510837437, 25.54136084922385 ], [ 94.095371550057052, 25.536638619776511 ], [ 94.091709363196628, 25.532888333529797 ], [ 94.091292531924864, 25.527644621402203 ], [ 94.10523008200272, 25.523785090009937 ], [ 94.127644025651307, 25.520709284505926 ], [ 94.137849114045423, 25.518505477845565 ], [ 94.144351604542976, 25.522439289641568 ], [ 94.147313778907801, 25.52648373423699 ], [ 94.150950044608919, 25.53664102995964 ], [ 94.152008542160559, 25.542635450265891 ], [ 94.159259363928584, 25.550029259742587 ], [ 94.162642919235395, 25.544692242053372 ], [ 94.167018787387178, 25.541771134330418 ], [ 94.178662007745515, 25.544918544755092 ], [ 94.181878623699561, 25.54798173007282 ], [ 94.190944540857913, 25.545652295317211 ], [ 94.19396370975744, 25.547123811015126 ], [ 94.192987117061875, 25.536894529059339 ], [ 94.189207684686949, 25.529327321298865 ], [ 94.189787179934456, 25.525467621733412 ], [ 94.198292312240483, 25.517435152410428 ], [ 94.205906256868332, 25.508595814045634 ], [ 94.205914392135526, 25.506291647541559 ], [ 94.211941809466964, 25.502796466583732 ], [ 94.211823224861973, 25.497437277008771 ], [ 94.213848589840609, 25.494850630752069 ], [ 94.218856018590429, 25.494233282140328 ], [ 94.221960545742661, 25.491362300829564 ], [ 94.228106778804829, 25.490584439420388 ], [ 94.230698453171158, 25.49289009879908 ], [ 94.251016297464218, 25.493596364280847 ], [ 94.256195714360786, 25.497934383564996 ], [ 94.265885234915743, 25.496934918411796 ], [ 94.273091420632625, 25.497472954013688 ], [ 94.278782878227332, 25.499912821919224 ], [ 94.285676198797603, 25.506159448999426 ], [ 94.289671937010326, 25.503972603552882 ], [ 94.297911502214106, 25.495135002678296 ], [ 94.301523908002025, 25.48903752366283 ], [ 94.307856101078244, 25.488192989215122 ], [ 94.312408297504987, 25.488835832707537 ], [ 94.319559414135711, 25.493646367485894 ], [ 94.327897682631999, 25.502708763798466 ], [ 94.363528197068717, 25.515771428208893 ], [ 94.387377668244881, 25.530810363607429 ], [ 94.403327746378466, 25.535104477989307 ], [ 94.409721427901616, 25.537715083084663 ], [ 94.415618513683512, 25.536115808797604 ], [ 94.4190991705903, 25.536818536346402 ], [ 94.424416775513862, 25.547078381761935 ], [ 94.425224647299672, 25.555607368585243 ], [ 94.423960303924957, 25.567183590350453 ], [ 94.421239017466746, 25.570175668072693 ], [ 94.424522327143734, 25.575656757153695 ], [ 94.428887627362144, 25.586902548214084 ], [ 94.436618076463105, 25.590026015987917 ], [ 94.443142216340277, 25.590157689325963 ], [ 94.446682632297723, 25.592181981413376 ], [ 94.448140983719497, 25.595233174271641 ], [ 94.472913991187795, 25.615739399553718 ], [ 94.49002308589678, 25.613861875025577 ], [ 94.489953936125289, 25.61271649217241 ], [ 94.492266344915947, 25.608378312808952 ], [ 94.498125059324082, 25.610540736265989 ], [ 94.498760005869656, 25.612845191452493 ], [ 94.500663786104894, 25.614059360750957 ], [ 94.504204635535586, 25.61101227869375 ], [ 94.506616675719044, 25.612969827595521 ], [ 94.50750313026532, 25.620926874375812 ], [ 94.509722708336369, 25.623924746429964 ], [ 94.513335079050705, 25.624502219102169 ], [ 94.523035053325088, 25.637420165508274 ], [ 94.527023287594716, 25.638290561760073 ], [ 94.52949590071529, 25.636569066009656 ], [ 94.53038845985958, 25.644118317906077 ], [ 94.538370441242932, 25.645053195548599 ], [ 94.543574585898455, 25.651513022208235 ], [ 94.550612007538177, 25.656412657318356 ], [ 94.551061169437503, 25.661366620473189 ], [ 94.563931181079226, 25.674757131836202 ], [ 94.566850460480453, 25.6861634950493 ], [ 94.571872540085735, 25.691584800797955 ], [ 94.577451569834125, 25.689922081139173 ], [ 94.581825439692352, 25.687100329616555 ], [ 94.585871512960011, 25.685785038748577 ], [ 94.594437927768183, 25.6851541931116 ], [ 94.595758553414555, 25.680778351040146 ], [ 94.588784545670308, 25.675125119129007 ], [ 94.58694455614642, 25.671144094724241 ], [ 94.58414579309391, 25.668729073288148 ], [ 94.586179554143143, 25.665673992660686 ], [ 94.584402107970959, 25.663884459600183 ], [ 94.582235700517231, 25.659101384721168 ], [ 94.584014573913521, 25.655649404496444 ], [ 94.580844623780422, 25.654490500336351 ], [ 94.580148523335765, 25.651266804919146 ], [ 94.575579421453199, 25.646714442117855 ], [ 94.57602334300293, 25.642213008823376 ] ] ] } },
{ "type": "Feature", "properties": { "ST_NM": "Meghalaya" }, "geometry": { "type": "Polygon", "coordinates": [ [ [ 91.856320599915819, 26.10352981215118 ], [ 91.867171933038321, 26.099060826396055 ], [ 91.878251701155136, 26.096438509429731 ], [ 91.877668646390987, 26.083270895935129 ], [ 91.871759859529959, 26.055570436926189 ], [ 91.872559817281797, 26.050897514608664 ], [ 91.88559457033324, 26.028693776696514 ], [ 91.894299904317165, 26.028231679848204 ], [ 91.903261490225646, 26.024942486806367 ], [ 91.909778095582681, 26.025773377639325 ], [ 91.913971926563192, 26.022488379035508 ], [ 91.919278213518794, 26.020115192262381 ], [ 91.919147828009898, 26.012410524925826 ], [ 91.917942405517636, 26.008984866058768 ], [ 91.920998890886153, 26.00589283948301 ], [ 91.921812066873429, 26.000239577894263 ], [ 91.921848910299047, 25.998782454946365 ], [ 91.924366353724281, 25.998169362825877 ], [ 91.928105684429852, 25.998381210724347 ], [ 91.929089290038746, 26.000258722661954 ], [ 91.930175749311445, 26.002241727773594 ], [ 91.936236558470455, 26.013302495014159 ], [ 91.943561579703214, 26.0126248450606 ], [ 91.948585435469511, 26.013125504838229 ], [ 91.954680234505304, 26.016424573335428 ], [ 91.960065387507711, 26.017501952153395 ], [ 91.98042436409321, 26.024444349627061 ], [ 91.986477423794156, 26.029126037636559 ], [ 91.989651626821171, 26.037307163095136 ], [ 91.993314088874172, 26.039610464451414 ], [ 91.999873487571449, 26.037414991808475 ], [ 92.002674644619219, 26.037743640956307 ], [ 92.005626787046651, 26.036587914101005 ], [ 92.010396542066815, 26.038006552360571 ], [ 92.019838294002113, 26.038136077218212 ], [ 92.024407130584677, 26.03780627693817 ], [ 92.02607639101268, 26.036975503916437 ], [ 92.030094563713192, 26.038442380911192 ], [ 92.036947981364335, 26.03822171875737 ], [ 92.038295235936459, 26.03793268474567 ], [ 92.041811247890848, 26.034747332823201 ], [ 92.052358039092269, 26.031548271635472 ], [ 92.055026258355213, 26.031336932753277 ], [ 92.065364831321972, 26.03321341226922 ], [ 92.072618546209014, 26.03634442085837 ], [ 92.075782702909464, 26.038767588353551 ], [ 92.080995535915292, 26.040265179894163 ], [ 92.083286243165674, 26.042100350850546 ], [ 92.095487107943711, 26.046983884498729 ], [ 92.111021222651345, 26.048162631300443 ], [ 92.118350281840094, 26.044992480618532 ], [ 92.125484696261765, 26.043319317132841 ], [ 92.129128471301954, 26.044328156819006 ], [ 92.135214636846058, 26.044310666803881 ], [ 92.140257942250287, 26.051240275018756 ], [ 92.145881009101345, 26.056051116465881 ], [ 92.148325670393433, 26.056968582334264 ], [ 92.151083353314164, 26.060036152746306 ], [ 92.152633393316535, 26.06330420362616 ], [ 92.156785389634081, 26.066461289856704 ], [ 92.171195516360058, 26.075982471713758 ], [ 92.18041812509648, 26.077888185491418 ], [ 92.183047847979878, 26.074551653036394 ], [ 92.18096833032422, 26.067585381260415 ], [ 92.182515872009958, 26.066877723628068 ], [ 92.18441975656657, 26.068709576985441 ], [ 92.186676187056435, 26.067554126221978 ], [ 92.190418749925414, 26.067237773504473 ], [ 92.191423702741758, 26.065242958495787 ], [ 92.203882698128098, 26.068375924009729 ], [ 92.210321678502737, 26.066910248509203 ], [ 92.211381967503883, 26.067515066866918 ], [ 92.210927212720776, 26.069019832299489 ], [ 92.212467260355822, 26.069443069442173 ], [ 92.21404939985996, 26.069305133225384 ], [ 92.215607620095625, 26.068019148564929 ], [ 92.218151613306361, 26.067625459547344 ], [ 92.220407258688113, 26.068482811132867 ], [ 92.230363778065964, 26.065955241341385 ], [ 92.243179159490694, 26.060842458812488 ], [ 92.253455810537275, 26.062647095986733 ], [ 92.267676139842024, 26.063673735954183 ], [ 92.270642470873383, 26.066219861457512 ], [ 92.27430032030361, 26.064869113019199 ], [ 92.275703151179528, 26.064148900851137 ], [ 92.27567080706217, 26.063283538104827 ], [ 92.282708822254392, 26.067433465082388 ], [ 92.290026742440261, 26.068240857529588 ], [ 92.292103280641925, 26.071046019258461 ], [ 92.292019966548253, 26.072031655536534 ], [ 92.295889641393899, 26.076034071215474 ], [ 92.297948933296709, 26.077127381523496 ], [ 92.299278647491633, 26.077391799292172 ], [ 92.301625615429884, 26.074966591235238 ], [ 92.303534662994366, 26.074718834306793 ], [ 92.257671347554719, 26.027202627898987 ], [ 92.223354710251726, 26.000552995224609 ], [ 92.221134593486738, 25.999092912607864 ], [ 92.217149356657558, 25.994585058153973 ], [ 92.212947772621646, 25.992975694372831 ], [ 92.209657532768972, 25.990057093060443 ], [ 92.210553826797707, 25.98872681768853 ], [ 92.21104354002739, 25.987999515265471 ], [ 92.209325128951605, 25.986546032773219 ], [ 92.202851226103235, 25.983937291972495 ], [ 92.193570071501654, 25.983538576644037 ], [ 92.182932878649467, 25.973580818000414 ], [ 92.178902217063751, 25.971453719013994 ], [ 92.175056168307606, 25.970554447329903 ], [ 92.169357144716514, 25.966045824854973 ], [ 92.167518851314014, 25.962800355951742 ], [ 92.16927877419613, 25.957121384544337 ], [ 92.167270669905577, 25.952314560368734 ], [ 92.162718138931041, 25.949900181947896 ], [ 92.158253116488197, 25.943165898387576 ], [ 92.158050321165433, 25.941366987196773 ], [ 92.159446630157902, 25.937651334741361 ], [ 92.163336304127199, 25.930905275458144 ], [ 92.162083507148168, 25.924326004441582 ], [ 92.161813282457103, 25.913550764756053 ], [ 92.165582895134548, 25.910147946870325 ], [ 92.176177524872912, 25.907526471669371 ], [ 92.182757797734212, 25.906923034670342 ], [ 92.185013504269875, 25.909253695201926 ], [ 92.185502373036172, 25.911159435059915 ], [ 92.188591890503403, 25.91414051946947 ], [ 92.193898619925449, 25.914098302594653 ], [ 92.199027615432158, 25.916355538877042 ], [ 92.19885229169995, 25.911973195606549 ], [ 92.199565947810299, 25.90956664308618 ], [ 92.202437384177983, 25.906551986984653 ], [ 92.206980237548009, 25.907012572971894 ], [ 92.209370831598676, 25.908828987667675 ], [ 92.219360676254269, 25.908210082329504 ], [ 92.224412255421328, 25.909604572892761 ], [ 92.225675365825509, 25.908519454509246 ], [ 92.227289439356184, 25.905328209329468 ], [ 92.226844088783707, 25.89990458872586 ], [ 92.225656448586278, 25.898968348610424 ], [ 92.220039411689584, 25.898486532327638 ], [ 92.217405544730184, 25.892122109347895 ], [ 92.214657570890267, 25.890407941273509 ], [ 92.208217907930191, 25.889754897670457 ], [ 92.205140396412219, 25.88838503684002 ], [ 92.19676506055913, 25.879580365541472 ], [ 92.188744653842775, 25.873134977497273 ], [ 92.182859637862066, 25.869948327853081 ], [ 92.181689066797048, 25.868493106072037 ], [ 92.180911245857374, 25.866235823024851 ], [ 92.182584162928833, 25.861532812089649 ], [ 92.182744117247296, 25.849670302842242 ], [ 92.180089013697057, 25.846410227150329 ], [ 92.17702720074476, 25.844867834982665 ], [ 92.173214206570435, 25.836064500975965 ], [ 92.171117475890867, 25.83367482693177 ], [ 92.167305290207025, 25.831378332544034 ], [ 92.165041813528944, 25.824092820327451 ], [ 92.164860782699009, 25.820172360765866 ], [ 92.157508083031644, 25.814943213158813 ], [ 92.154860112903918, 25.811100363291189 ], [ 92.15541921422539, 25.793830931152627 ], [ 92.152911790147073, 25.785793085682428 ], [ 92.152721883008553, 25.781988625174961 ], [ 92.156905580428258, 25.776978143226756 ], [ 92.155927442697362, 25.775068906804677 ], [ 92.155808309505915, 25.771258951439506 ], [ 92.157660119718798, 25.762879520973172 ], [ 92.159092234319189, 25.760305846537619 ], [ 92.159926703554561, 25.755534404389323 ], [ 92.166512826505823, 25.743070576046307 ], [ 92.167185514899643, 25.73276963071396 ], [ 92.165884392850501, 25.727052394952125 ], [ 92.162578597424385, 25.72458197437868 ], [ 92.157933753739826, 25.723140324266581 ], [ 92.155371676961408, 25.721031822360771 ], [ 92.152653263837124, 25.717711671956124 ], [ 92.151215465521375, 25.712850314690343 ], [ 92.152703301216434, 25.710170516656092 ], [ 92.157477270459708, 25.707468773365235 ], [ 92.159196592548767, 25.699367215424729 ], [ 92.163055753420338, 25.694298336898783 ], [ 92.16206026956587, 25.689212909947912 ], [ 92.165947562130327, 25.683162587783272 ], [ 92.167050285642233, 25.676725590413696 ], [ 92.162091681985601, 25.671609150342078 ], [ 92.162275577156208, 25.670172194691077 ], [ 92.166044001829277, 25.667632000216713 ], [ 92.171325129351317, 25.664709689200834 ], [ 92.172517157341019, 25.665184236263542 ], [ 92.176521164819974, 25.668523267035198 ], [ 92.18635112530427, 25.679427106176036 ], [ 92.189475283757417, 25.681712600955848 ], [ 92.193543460562296, 25.68459356024465 ], [ 92.195639532038854, 25.684391803638903 ], [ 92.198472527784986, 25.685231387318709 ], [ 92.199861926386859, 25.684623247764705 ], [ 92.201628311797208, 25.68555582044479 ], [ 92.203106136239228, 25.687998294585668 ], [ 92.212185856192377, 25.69417475386183 ], [ 92.226483875230713, 25.712211310403688 ], [ 92.23056393297918, 25.714453066655778 ], [ 92.234184599939397, 25.713345459825177 ], [ 92.235386877502435, 25.708294835738116 ], [ 92.236286546686813, 25.707046112687976 ], [ 92.238381116295557, 25.706613009982448 ], [ 92.249583980916043, 25.70917437629646 ], [ 92.25510019391885, 25.708323051068021 ], [ 92.257233773419955, 25.708930447781995 ], [ 92.262365498369093, 25.708534144435248 ], [ 92.272022022798183, 25.709114654118025 ], [ 92.286113975679484, 25.714022178081109 ], [ 92.289467237323208, 25.714056828060222 ], [ 92.295073355550983, 25.715455553531001 ], [ 92.307581565436976, 25.721262744879823 ], [ 92.309750063814477, 25.724282347252597 ], [ 92.312975663096438, 25.724206506525093 ], [ 92.315399408855683, 25.72279936160129 ], [ 92.319139218899863, 25.721925098264705 ], [ 92.334980799224581, 25.72332696057083 ], [ 92.340456899766195, 25.724951528290433 ], [ 92.349499896802854, 25.730014926347849 ], [ 92.353251625562109, 25.732940291461318 ], [ 92.364416020782812, 25.734577634050595 ], [ 92.369749550001814, 25.738503601060415 ], [ 92.368969294597321, 25.740445731085686 ], [ 92.372900666532587, 25.744529526416557 ], [ 92.386538439297567, 25.751598692325842 ], [ 92.388377125703869, 25.750523511450922 ], [ 92.385754763771388, 25.748367914747519 ], [ 92.384958080451099, 25.745475348808327 ], [ 92.386379843854741, 25.742789094541138 ], [ 92.388366782600997, 25.741143144540558 ], [ 92.393549417271856, 25.740627659438985 ], [ 92.396158481828536, 25.73950467779872 ], [ 92.40618029558425, 25.741701517411173 ], [ 92.41212838371797, 25.741138094847258 ], [ 92.417776844725665, 25.738496689770443 ], [ 92.413837753009943, 25.735393746324405 ], [ 92.41463442014242, 25.73195345009168 ], [ 92.414134937577387, 25.730963339686411 ], [ 92.418342846545215, 25.727674974920205 ], [ 92.422710437336889, 25.727436204916955 ], [ 92.433356976843072, 25.72992306239945 ], [ 92.434511377198362, 25.729419451946228 ], [ 92.443337656507708, 25.718812818956508 ], [ 92.437775760642921, 25.713558682787038 ], [ 92.430971329063652, 25.711240181988842 ], [ 92.4285408365904, 25.70838621225397 ], [ 92.432843602450362, 25.702216567140908 ], [ 92.434649392555457, 25.693193532355679 ], [ 92.433426551993819, 25.688972546346008 ], [ 92.435614693363448, 25.685485050994373 ], [ 92.441744608227168, 25.686078992951195 ], [ 92.441285656308025, 25.687173632457245 ], [ 92.444333017155088, 25.685594139657894 ], [ 92.452555395415231, 25.684541536262941 ], [ 92.456507954478582, 25.682159280726296 ], [ 92.461130259354036, 25.680891778932505 ], [ 92.466687598354042, 25.680375864854341 ], [ 92.472781844306724, 25.672850429703601 ], [ 92.4758837463379, 25.67121045659735 ], [ 92.482555064764483, 25.661781046058479 ], [ 92.489463797916017, 25.647869570924001 ], [ 92.494406703906293, 25.6339866042984 ], [ 92.499047033893532, 25.624821259893281 ], [ 92.502818437121221, 25.620775230692402 ], [ 92.511651471238451, 25.615036205256729 ], [ 92.518379027869912, 25.617902392281621 ], [ 92.534333182630348, 25.613753371820678 ], [ 92.541507968517976, 25.61556608310832 ], [ 92.545583743694863, 25.612039289181894 ], [ 92.554301276083095, 25.611615216569021 ], [ 92.558678419473551, 25.609754551631283 ], [ 92.559658025797319, 25.606718428712554 ], [ 92.557224355119956, 25.603635489786086 ], [ 92.558269414102256, 25.593973680940678 ], [ 92.55735262902067, 25.590564531827738 ], [ 92.561932316823004, 25.58048214063831 ], [ 92.561953691010103, 25.572016544328108 ], [ 92.565680630856491, 25.566003956817212 ], [ 92.570516620046021, 25.562202042290494 ], [ 92.573453043223424, 25.558147564858302 ], [ 92.5770542758342, 25.557374763034943 ], [ 92.582353129893079, 25.557494264948446 ], [ 92.58841573679689, 25.550699856313372 ], [ 92.594405771109507, 25.551631379484604 ], [ 92.603521260697676, 25.555066679084007 ], [ 92.604426722415383, 25.558763068960502 ], [ 92.609629339122762, 25.563417268292369 ], [ 92.613415906718785, 25.563178325619276 ], [ 92.622031430805919, 25.565974167673744 ], [ 92.62702480495085, 25.565678131540608 ], [ 92.629782817023454, 25.56713971782375 ], [ 92.631478786416892, 25.568318218211232 ], [ 92.634153657065667, 25.572433895407983 ], [ 92.635063810546455, 25.576527103942738 ], [ 92.641549720243461, 25.585007497697916 ], [ 92.649262480579068, 25.589977815024213 ], [ 92.652102255414832, 25.59035583425441 ], [ 92.65437558866256, 25.589800568541477 ], [ 92.658512747965005, 25.586672035785853 ], [ 92.661386205109352, 25.582671752399506 ], [ 92.661605887002167, 25.579447312343632 ], [ 92.661516724617229, 25.567936142139274 ], [ 92.658238664282976, 25.560987093279778 ], [ 92.650763260216365, 25.557624227775932 ], [ 92.645832184807546, 25.544221303970062 ], [ 92.645544238076184, 25.535054913653369 ], [ 92.63849622152344, 25.526172301710403 ], [ 92.628458952918379, 25.51984798849395 ], [ 92.622467945539313, 25.513392038811617 ], [ 92.610448162852492, 25.510273077540546 ], [ 92.606456295321834, 25.505792922205671 ], [ 92.594453600653196, 25.500772455084757 ], [ 92.590385991320488, 25.497217573532225 ], [ 92.581918133215311, 25.492869748939825 ], [ 92.576473417214515, 25.488146632760959 ], [ 92.568685306281907, 25.4784942739916 ], [ 92.567415612840307, 25.472840472809651 ], [ 92.568244924463727, 25.465191208207727 ], [ 92.569975386454985, 25.462504881994732 ], [ 92.572316819066032, 25.461783355017872 ], [ 92.58314076423494, 25.470588189993009 ], [ 92.586280757051384, 25.46526899237017 ], [ 92.594518266404918, 25.468692666433469 ], [ 92.598982925521682, 25.46931812872873 ], [ 92.602200850888607, 25.461806746384298 ], [ 92.600573314506903, 25.454708240992602 ], [ 92.600983245280588, 25.451542182225978 ], [ 92.601935755930469, 25.450055405932289 ], [ 92.605300697968914, 25.447850008371233 ], [ 92.606331071921488, 25.446019562452875 ], [ 92.606075173430554, 25.439567057173974 ], [ 92.60852035543013, 25.428005962904933 ], [ 92.607728360275644, 25.424831492779219 ], [ 92.607755598941822, 25.416198061391469 ], [ 92.609848003882348, 25.414202415409193 ], [ 92.612563221715391, 25.413773191479663 ], [ 92.615519912014406, 25.415066181858833 ], [ 92.618624552481151, 25.419655396179621 ], [ 92.621376768423204, 25.42134851472224 ], [ 92.629371625400267, 25.422646153697087 ], [ 92.630044362357523, 25.424610394454191 ], [ 92.629257511325136, 25.428227867921805 ], [ 92.630038517663536, 25.432262631315439 ], [ 92.633389906019431, 25.430750740554288 ], [ 92.638661104126697, 25.426429750832369 ], [ 92.63865570459717, 25.420261653452599 ], [ 92.639940070477905, 25.417971136858512 ], [ 92.640323896630605, 25.417223573609078 ], [ 92.642350064703805, 25.417131965967485 ], [ 92.651250232312407, 25.429254641888235 ], [ 92.654993830301066, 25.432931583026175 ], [ 92.654345546809623, 25.421520644062525 ], [ 92.657566158451516, 25.413258780168633 ], [ 92.660772264928141, 25.407932123568685 ], [ 92.664366668986645, 25.406930960495458 ], [ 92.667728756576935, 25.41163692390495 ], [ 92.6716176067672, 25.414266541567713 ], [ 92.674448964847898, 25.414700024686454 ], [ 92.680703973609525, 25.406114948945799 ], [ 92.688800730069715, 25.401939202432288 ], [ 92.694138755898905, 25.397499727030834 ], [ 92.700982617353986, 25.385293208215046 ], [ 92.703515706284861, 25.384114831034651 ], [ 92.710322357390964, 25.383606482952871 ], [ 92.71349118966674, 25.382019852234464 ], [ 92.716940503401588, 25.376814941356486 ], [ 92.718678395591553, 25.37245768287579 ], [ 92.721135846142431, 25.372361881695554 ], [ 92.721947431229012, 25.372951314451655 ], [ 92.726000016487603, 25.377885900813737 ], [ 92.735370826302642, 25.379933473650965 ], [ 92.737591584284246, 25.378687773222225 ], [ 92.736641069230018, 25.371252161458131 ], [ 92.741111402169508, 25.364211154221437 ], [ 92.740623514563595, 25.362074769734875 ], [ 92.741136911439355, 25.3611544386265 ], [ 92.746202755652689, 25.358555832285901 ], [ 92.748743479827795, 25.355527497496041 ], [ 92.750604166349262, 25.351801946202897 ], [ 92.751660813096123, 25.34588287739291 ], [ 92.7592300955925, 25.337249909156014 ], [ 92.761030257740288, 25.332669592727598 ], [ 92.7637358537267, 25.332977742728701 ], [ 92.769939719842228, 25.33689260221189 ], [ 92.772903574140685, 25.336985137953832 ], [ 92.782897451356348, 25.331662708167471 ], [ 92.784800489650934, 25.329897155529352 ], [ 92.788445165811822, 25.3149552614762 ], [ 92.785162151112445, 25.308876994677632 ], [ 92.784244601607156, 25.305348233933898 ], [ 92.787317881814829, 25.298009445879302 ], [ 92.789219944345007, 25.288877241491548 ], [ 92.792597222383961, 25.284124171593305 ], [ 92.79260342500811, 25.282510749171763 ], [ 92.789512566651695, 25.275857436971194 ], [ 92.782482586002573, 25.273264178898785 ], [ 92.779851878361569, 25.27110171317355 ], [ 92.770135980691009, 25.266294459122037 ], [ 92.776545345491343, 25.260299778911701 ], [ 92.777061739807493, 25.25789088365741 ], [ 92.765013925252504, 25.246720662628547 ], [ 92.770628365806488, 25.237559047711954 ], [ 92.772570999452114, 25.230609443970707 ], [ 92.786614970804294, 25.228726677294389 ], [ 92.79465128562839, 25.223326440862593 ], [ 92.803374249921774, 25.218802369833554 ], [ 92.804710684750376, 25.21662337636775 ], [ 92.803846663792569, 25.214541335214506 ], [ 92.798717257295664, 25.210756087823256 ], [ 92.793187142572606, 25.209663694823689 ], [ 92.788054484127201, 25.206855916067695 ], [ 92.779863502998296, 25.200437390773004 ], [ 92.767961339044632, 25.202117332449006 ], [ 92.763750929062212, 25.201210592794666 ], [ 92.759212740475675, 25.201396084261944 ], [ 92.754861475976384, 25.202742193097777 ], [ 92.752011893134409, 25.204731379249779 ], [ 92.747481542139496, 25.205149270822233 ], [ 92.742364033673255, 25.200492490436147 ], [ 92.733676356978378, 25.200633663312942 ], [ 92.724535854546104, 25.19663379721203 ], [ 92.716583258510639, 25.191599824972002 ], [ 92.704977068636879, 25.187972905924937 ], [ 92.694296329711904, 25.178825100997642 ], [ 92.68799932890596, 25.179804760381444 ], [ 92.683218009503605, 25.179527406764464 ], [ 92.679813251780217, 25.18058340959675 ], [ 92.677429595999115, 25.179695421706413 ], [ 92.672627217172419, 25.175669241442392 ], [ 92.667293323727961, 25.174579537415752 ], [ 92.664728269294244, 25.172883630974866 ], [ 92.663360894189964, 25.170511792285424 ], [ 92.661201089558688, 25.159777889937743 ], [ 92.659906702532339, 25.156653700008292 ], [ 92.656112069816231, 25.151661813342059 ], [ 92.6515955638842, 25.149943128872337 ], [ 92.648645676057185, 25.150201001375137 ], [ 92.644447095756902, 25.148717177555739 ], [ 92.638402466300818, 25.142783847296755 ], [ 92.632807580605402, 25.135126743304625 ], [ 92.63116632146864, 25.129405815825805 ], [ 92.630347403310054, 25.122603171199444 ], [ 92.625067686824366, 25.116274068193718 ], [ 92.62200551863981, 25.115283716770136 ], [ 92.610425175281648, 25.121701911114371 ], [ 92.603564869723016, 25.122606508583544 ], [ 92.598847209730991, 25.122330807920491 ], [ 92.59485521629523, 25.125919169434155 ], [ 92.582122684014735, 25.129522340083952 ], [ 92.579476972084649, 25.129668649888345 ], [ 92.568491777573513, 25.127760704892694 ], [ 92.565958652669735, 25.128948969219607 ], [ 92.558308191070239, 25.127653753018365 ], [ 92.55364591942373, 25.128407264383782 ], [ 92.543607252372851, 25.132728434869421 ], [ 92.540439119769644, 25.135002901262908 ], [ 92.53612695959157, 25.132132256298632 ], [ 92.530693488713609, 25.134551199678185 ], [ 92.52795928079621, 25.137682075167675 ], [ 92.525191012855032, 25.137770378700054 ], [ 92.525715650357029, 25.123324062355664 ], [ 92.530719106801371, 25.11957693542729 ], [ 92.531807443858497, 25.117628569502926 ], [ 92.533524894458367, 25.109875903550176 ], [ 92.541274647507009, 25.101843317315286 ], [ 92.543398632141191, 25.097312970816972 ], [ 92.538498769502667, 25.097029501810084 ], [ 92.532474074419042, 25.101687138350826 ], [ 92.526990693865514, 25.103583334603286 ], [ 92.510273366322849, 25.103227217462177 ], [ 92.499615294810042, 25.105927625259767 ], [ 92.484840437236471, 25.105868894134233 ], [ 92.484840389572355, 25.105868801504016 ], [ 92.484840178231707, 25.105868801504016 ], [ 92.480835708501218, 25.098219138502486 ], [ 92.480263760364323, 25.093552061778269 ], [ 92.480678733636694, 25.083654959708667 ], [ 92.477046138068886, 25.076063016994681 ], [ 92.475122630305179, 25.068614617770436 ], [ 92.471398841683254, 25.064712875798648 ], [ 92.467995462620536, 25.059202430148105 ], [ 92.466468699770758, 25.05498666830016 ], [ 92.464158177757781, 25.053399002462072 ], [ 92.463017912047064, 25.053584391406616 ], [ 92.462519963725413, 25.053665198190401 ], [ 92.460336117517841, 25.052494551582356 ], [ 92.460639035263341, 25.047423965243865 ], [ 92.463341157168713, 25.047979677020521 ], [ 92.465126703534622, 25.045060527121677 ], [ 92.463727633623478, 25.03496338345343 ], [ 92.460236770310757, 25.033022776879704 ], [ 92.457285196254873, 25.032870707816983 ], [ 92.454685561989152, 25.034460011320505 ], [ 92.451506152786806, 25.038801511880308 ], [ 92.447022446029109, 25.039898247705992 ], [ 92.447022229292486, 25.039898149679914 ], [ 92.442274627272297, 25.037709581132333 ], [ 92.438385993818599, 25.031620884895972 ], [ 92.432422439144318, 25.030796284820724 ], [ 92.425344760252528, 25.02952050836484 ], [ 92.418335365085113, 25.033862576396814 ], [ 92.411399426542346, 25.032583988660178 ], [ 92.404756054548329, 25.033014430271805 ], [ 92.397005384191175, 25.038142843017852 ], [ 92.392332971789301, 25.041383199275288 ], [ 92.386785502848738, 25.043446034506928 ], [ 92.3791468673341, 25.043608682294916 ], [ 92.372703066593317, 25.044587659992544 ], [ 92.367936963719956, 25.048913645448408 ], [ 92.359911504612285, 25.047542164039669 ], [ 92.352178788320487, 25.047782574406313 ], [ 92.347903062376474, 25.049943107488446 ], [ 92.345512887409882, 25.055087740406918 ], [ 92.346376961427666, 25.061048579128681 ], [ 92.346964426467139, 25.065929502044924 ], [ 92.345459542324079, 25.070525004425463 ], [ 92.344045031952703, 25.077479003153542 ], [ 92.336494413986088, 25.081890182286145 ], [ 92.331634956987727, 25.082324790456767 ], [ 92.3266864014563, 25.080412177080348 ], [ 92.321057740822141, 25.0753331919733 ], [ 92.316110247390043, 25.072794081181939 ], [ 92.311547139488937, 25.071243005160625 ], [ 92.305114097337764, 25.071136958903594 ], [ 92.300347949498303, 25.071482320152995 ], [ 92.293197004638102, 25.073990443004618 ], [ 92.286447579192497, 25.076138228196726 ], [ 92.281578174792969, 25.078106033866447 ], [ 92.277206301429715, 25.080713281792555 ], [ 92.271947965426307, 25.082226568301564 ], [ 92.265004385344184, 25.084737613050436 ], [ 92.255467173970942, 25.088408382141154 ], [ 92.247122901600676, 25.090817256711091 ], [ 92.240168548539714, 25.093861594936698 ], [ 92.232428410143086, 25.096545091882547 ], [ 92.225164513131858, 25.101666908101379 ], [ 92.216011300581101, 25.108319330872462 ], [ 92.21232883670649, 25.111100951048115 ], [ 92.218064963627228, 25.114467964225241 ], [ 92.225700334602834, 25.114498700354773 ], [ 92.227769320297966, 25.117933974773166 ], [ 92.222304170800896, 25.121074183426856 ], [ 92.209791058710437, 25.123646742703045 ], [ 92.202749755596813, 25.124794801039286 ], [ 92.19816357828654, 25.128751714619966 ], [ 92.194869392208716, 25.134073241486931 ], [ 92.190697902186514, 25.135409825603006 ], [ 92.187338794050163, 25.132595781270368 ], [ 92.191229964491299, 25.127465202956785 ], [ 92.192846857396603, 25.12169176945963 ], [ 92.186899201836752, 25.12094864256585 ], [ 92.178958042479735, 25.122718765558659 ], [ 92.171497341429244, 25.126661278295387 ], [ 92.166819579859805, 25.129718832058529 ], [ 92.16125218374134, 25.132763148700406 ], [ 92.152794268540731, 25.137064999050494 ], [ 92.142662902071322, 25.140906594363912 ], [ 92.138589508299219, 25.142696022203722 ], [ 92.137621337754581, 25.156243676604447 ], [ 92.125470459094458, 25.165308281651903 ], [ 92.114734253582981, 25.169601848346701 ], [ 92.107869299428671, 25.172911976706416 ], [ 92.102402531151938, 25.174959658361615 ], [ 92.096937661344043, 25.176653553019094 ], [ 92.090464347551631, 25.179872137589143 ], [ 92.08449599229624, 25.183279610365787 ], [ 92.07763784690917, 25.185601474628413 ], [ 92.065223359870231, 25.187259968372871 ], [ 92.060364638517285, 25.185969389975412 ], [ 92.054628569153181, 25.18296402746796 ], [ 92.049581897586563, 25.18166932927619 ], [ 92.042409878912849, 25.18416650737845 ], [ 92.038348135857859, 25.184596293384288 ], [ 92.033198777002042, 25.182586120653013 ], [ 92.029220037774564, 25.182926062587796 ], [ 92.019847732387007, 25.186841230538391 ], [ 92.01390777772184, 25.188543140853312 ], [ 92.005182385258934, 25.187050316618866 ], [ 91.998655278518356, 25.184039783009609 ], [ 91.993912863787671, 25.180405406784132 ], [ 91.989986539747065, 25.174698023994665 ], [ 91.986236242708515, 25.170972574324878 ], [ 91.977690166068385, 25.171919498386217 ], [ 91.972509284176169, 25.175954430852357 ], [ 91.967029267986391, 25.178910461948306 ], [ 91.955300487927218, 25.18209368427614 ], [ 91.950143686282161, 25.182702873338997 ], [ 91.938723925868544, 25.182458756866197 ], [ 91.93020108321349, 25.182140247574409 ], [ 91.916407294261262, 25.182239550714769 ], [ 91.908675975515905, 25.180660101082822 ], [ 91.901830058210692, 25.18008376785167 ], [ 91.895384936365758, 25.17977649558884 ], [ 91.885783463036432, 25.176912621620261 ], [ 91.87904471793945, 25.175791247967766 ], [ 91.862278519438178, 25.17442602314253 ], [ 91.854741330148329, 25.174926170306549 ], [ 91.844193511021786, 25.178107105658455 ], [ 91.839242594769985, 25.176992385190488 ], [ 91.833118985053204, 25.173350736147597 ], [ 91.824880620444333, 25.17356819221834 ], [ 91.819347794265354, 25.17082078944793 ], [ 91.809433712096222, 25.16877306552459 ], [ 91.798829944346494, 25.167885914003762 ], [ 91.79118991578207, 25.167926641601298 ], [ 91.785737523168223, 25.167802360690416 ], [ 91.774925389695056, 25.166465374577399 ], [ 91.769074324920211, 25.166696455377178 ], [ 91.760331338120807, 25.16854022385229 ], [ 91.749683470315972, 25.171087081403755 ], [ 91.746845780108742, 25.166550229209747 ], [ 91.749171990794821, 25.161151857971902 ], [ 91.750495563519507, 25.157000381462467 ], [ 91.750632960143037, 25.153299604693075 ], [ 91.74699835459046, 25.148038178619117 ], [ 91.73994584142747, 25.149433485766792 ], [ 91.733583519264073, 25.151108611573193 ], [ 91.729603136975243, 25.152253805568705 ], [ 91.724216941658597, 25.155554154700553 ], [ 91.719153656016488, 25.156788294344381 ], [ 91.714180528308816, 25.157569560586808 ], [ 91.707840760242959, 25.156168281041403 ], [ 91.705616823157925, 25.149554267415567 ], [ 91.700904689499907, 25.14347525867629 ], [ 91.697171922945927, 25.139832147335767 ], [ 91.691934072599452, 25.137540758399325 ], [ 91.685299980709601, 25.136682675664986 ], [ 91.681028144333425, 25.137190490448802 ], [ 91.67488115853871, 25.13660696533924 ], [ 91.66808414996359, 25.130509114903759 ], [ 91.663832872988735, 25.128846519351441 ], [ 91.659654362858646, 25.130538452587587 ], [ 91.653605636990619, 25.130306922126806 ], [ 91.649978531783859, 25.126132905908946 ], [ 91.64504305239501, 25.123745624061371 ], [ 91.637685249075048, 25.125404121403108 ], [ 91.631096774396667, 25.130225721439956 ], [ 91.629228993123604, 25.138702817381159 ], [ 91.627013146339664, 25.143019313190791 ], [ 91.621620677352439, 25.146050774024047 ], [ 91.617257125416074, 25.145831706368199 ], [ 91.612814904384379, 25.143902879114648 ], [ 91.608065795100401, 25.142509385899473 ], [ 91.603965702255437, 25.146364507915735 ], [ 91.606786397973963, 25.152343557009601 ], [ 91.604430659847139, 25.159547432368186 ], [ 91.604569171630033, 25.166053572314581 ], [ 91.611250950970657, 25.171682231150101 ], [ 91.605893785769638, 25.173103276894778 ], [ 91.595696940561425, 25.171134865082024 ], [ 91.587760461276332, 25.17052967980095 ], [ 91.58260989912759, 25.169583538149823 ], [ 91.579069127937942, 25.16657453248871 ], [ 91.577413346548781, 25.162856314267515 ], [ 91.571982260672826, 25.159926554167214 ], [ 91.564073422050853, 25.157426915519807 ], [ 91.560039749534894, 25.153782580201948 ], [ 91.556794045908532, 25.150771761507656 ], [ 91.550468756028351, 25.148377145688755 ], [ 91.544729546231622, 25.147247488380913 ], [ 91.540079070093043, 25.14603859000897 ], [ 91.530972527859944, 25.144248121653561 ], [ 91.522149291856408, 25.143629531977354 ], [ 91.515790460861126, 25.144122312794536 ], [ 91.51082920420447, 25.144529027592625 ], [ 91.507175646339078, 25.143055672781145 ], [ 91.506715116109774, 25.139346933414288 ], [ 91.503267611810884, 25.136606665864974 ], [ 91.496061901835333, 25.134106819474198 ], [ 91.488711236434483, 25.134226536325627 ], [ 91.480483355222702, 25.13451980434553 ], [ 91.473919487794205, 25.135550207975768 ], [ 91.470462729471421, 25.143907003405559 ], [ 91.469817052215262, 25.148873209930741 ], [ 91.466317595880412, 25.150647627186288 ], [ 91.459577634899972, 25.150681510043682 ], [ 91.453834108357455, 25.149096365005278 ], [ 91.448969842684164, 25.149228343213508 ], [ 91.442302866184377, 25.151608812696622 ], [ 91.439091240568359, 25.154564294306795 ], [ 91.434821475330864, 25.155157611234813 ], [ 91.426899051550038, 25.162578283461073 ], [ 91.423889272472024, 25.165982588825443 ], [ 91.421772363703667, 25.169210043408839 ], [ 91.416880317073037, 25.17188064047923 ], [ 91.411967103099414, 25.166863826404494 ], [ 91.40692347483855, 25.165557758983425 ], [ 91.399551330029908, 25.168016004535048 ], [ 91.391104389256213, 25.169747334372062 ], [ 91.386079984004141, 25.16717388296837 ], [ 91.379333194471428, 25.166569641975457 ], [ 91.375231032286365, 25.169513085260746 ], [ 91.37132224772364, 25.172636152836219 ], [ 91.365533419631674, 25.175562598035526 ], [ 91.359471745324868, 25.176675643965837 ], [ 91.355020743312707, 25.175183458250046 ], [ 91.348312701969689, 25.171871367569622 ], [ 91.341355007927348, 25.173065710414278 ], [ 91.336482821025413, 25.174374500982481 ], [ 91.330688612289691, 25.176847443254928 ], [ 91.32973650093885, 25.182255229495297 ], [ 91.323851686406272, 25.184455161876258 ], [ 91.319297047420832, 25.184140117672371 ], [ 91.315235765718057, 25.183377861299334 ], [ 91.309973784762406, 25.183326743834186 ], [ 91.304315976201394, 25.183906986418322 ], [ 91.298447824307686, 25.184749482102973 ], [ 91.294457081828909, 25.186336417691564 ], [ 91.293488121679559, 25.193007940264295 ], [ 91.28868300621582, 25.196757496261512 ], [ 91.2818784622213, 25.200569752991782 ], [ 91.277276431662074, 25.204038532552261 ], [ 91.267625828369319, 25.206203842833133 ], [ 91.259170374613177, 25.199346886349758 ], [ 91.255031821361513, 25.196956437989286 ], [ 91.244824142919924, 25.196129647165549 ], [ 91.233295998911274, 25.196734918781544 ], [ 91.22513522870787, 25.198179803755011 ], [ 91.215893636182443, 25.199801940607131 ], [ 91.196142441220729, 25.199234898271982 ], [ 91.188523798534561, 25.197888999877478 ], [ 91.183888463381948, 25.195313409886012 ], [ 91.17686079309118, 25.194337415239545 ], [ 91.169900575551196, 25.194713685288377 ], [ 91.161743175107517, 25.196607426391665 ], [ 91.152523937030139, 25.195696280958657 ], [ 91.14411592520986, 25.193260190205649 ], [ 91.137685673654971, 25.192377870742177 ], [ 91.128246461405126, 25.192547694220764 ], [ 91.123968509639042, 25.193130436020851 ], [ 91.118103799450864, 25.193790233532525 ], [ 91.110341169009814, 25.195502774733313 ], [ 91.102074311180559, 25.198306068570275 ], [ 91.0970867673405, 25.199779271396324 ], [ 91.09103033518187, 25.200163270218809 ], [ 91.084465113374335, 25.201352210835921 ], [ 91.075292336971813, 25.197102058912947 ], [ 91.070971941701828, 25.193796598034623 ], [ 91.066730916098948, 25.191581826839865 ], [ 91.062266037547658, 25.191529866710027 ], [ 91.058208996148323, 25.190677530643597 ], [ 91.053142320062079, 25.190707592281626 ], [ 91.048093820173733, 25.189831279390091 ], [ 91.03859480750441, 25.188007776237953 ], [ 91.027920709173429, 25.18526342666587 ], [ 91.022683494647595, 25.18331020260382 ], [ 91.017043328087198, 25.181978830958315 ], [ 91.011606140311187, 25.180468882732782 ], [ 91.004778513417705, 25.179131643910296 ], [ 90.998851693351014, 25.177706926233725 ], [ 90.99092619478813, 25.176165627641637 ], [ 90.983902850236404, 25.174728336543524 ], [ 90.977974059755127, 25.173570754386844 ], [ 90.972563991934749, 25.172011382119649 ], [ 90.958472707249712, 25.169728936940942 ], [ 90.947773408116348, 25.168781487675574 ], [ 90.937678200688481, 25.167123493954136 ], [ 90.927602702802574, 25.164385470213347 ], [ 90.916913896059498, 25.162539716934418 ], [ 90.911466617890142, 25.161479443221765 ], [ 90.901805097727163, 25.164063486840519 ], [ 90.894544589361374, 25.165598121456185 ], [ 90.879819274539955, 25.161435227154072 ], [ 90.872310300579954, 25.159089997605349 ], [ 90.857725822288899, 25.159079181459106 ], [ 90.84400168043328, 25.161257126315377 ], [ 90.837252335027301, 25.161522969509463 ], [ 90.822440330956567, 25.162960412593009 ], [ 90.81176633514832, 25.166786766196367 ], [ 90.803944363841367, 25.171834699511805 ], [ 90.798782652797229, 25.177995822649166 ], [ 90.79306640988699, 25.181797351366697 ], [ 90.783022728216395, 25.183197754972468 ], [ 90.777984531860739, 25.181686595360134 ], [ 90.774384352356037, 25.177489914428065 ], [ 90.769745932528849, 25.169573438763223 ], [ 90.763373229490981, 25.164611861048627 ], [ 90.755633942752297, 25.164506834622784 ], [ 90.744322586618125, 25.164629040797649 ], [ 90.743161900001724, 25.156846197194284 ], [ 90.734969914330122, 25.15411731776004 ], [ 90.729623339545526, 25.159372477357977 ], [ 90.723590406671974, 25.164250457692503 ], [ 90.717732698605232, 25.164259881688224 ], [ 90.711442538042775, 25.161284780468293 ], [ 90.704124009915176, 25.159472390238648 ], [ 90.69638989517756, 25.159179383921469 ], [ 90.686944789670349, 25.165909882235326 ], [ 90.682821336935206, 25.169377727400274 ], [ 90.677805619134062, 25.166957166140378 ], [ 90.671374383720888, 25.171828047226654 ], [ 90.669675268498906, 25.177853736960458 ], [ 90.66788448088414, 25.184058818060066 ], [ 90.658012079593846, 25.192579951103937 ], [ 90.65427117957131, 25.185124771890742 ], [ 90.646641444647003, 25.178966764904317 ], [ 90.639814666713562, 25.17769906705837 ], [ 90.639200610519822, 25.172631604065316 ], [ 90.633059164548854, 25.171914231956293 ], [ 90.622541788372871, 25.171947445718104 ], [ 90.615076548443994, 25.173369720835979 ], [ 90.599506337647426, 25.173148341023193 ], [ 90.576208544788585, 25.171545777915355 ], [ 90.561254757201368, 25.170059873964078 ], [ 90.549444256647178, 25.170335758988131 ], [ 90.522489612605568, 25.168217804308256 ], [ 90.513262581003346, 25.167895084390693 ], [ 90.500048039085812, 25.163725633131492 ], [ 90.492847979550675, 25.161087702135774 ], [ 90.4874238796084, 25.159198945075332 ], [ 90.483120387995541, 25.156068529139361 ], [ 90.475418112855664, 25.153604630449365 ], [ 90.469698580225383, 25.152249905209032 ], [ 90.460473693506231, 25.151748541262236 ], [ 90.455646589618482, 25.150141352041828 ], [ 90.447441241819888, 25.143240148014456 ], [ 90.43827331995783, 25.145168208146345 ], [ 90.432804887935276, 25.14607525806673 ], [ 90.423510898209429, 25.149635580517668 ], [ 90.418526308642299, 25.150820935537809 ], [ 90.412284537901144, 25.155503875403554 ], [ 90.401121086968658, 25.157852590724531 ], [ 90.392173051145448, 25.158883872093099 ], [ 90.386406813123983, 25.159693775447408 ], [ 90.380227006571147, 25.16121896718164 ], [ 90.369010219546055, 25.166363350987922 ], [ 90.360892509781536, 25.170205353694143 ], [ 90.354971433684796, 25.173622759482839 ], [ 90.351031625209373, 25.177082660036774 ], [ 90.345295456919871, 25.181412624093355 ], [ 90.338916794074862, 25.18771444256754 ], [ 90.334579055379152, 25.191156602195463 ], [ 90.326786668170257, 25.188689082834969 ], [ 90.317681554959847, 25.187363462353971 ], [ 90.311835528187146, 25.186634428735942 ], [ 90.303790623938198, 25.18713166209659 ], [ 90.294227685659223, 25.188871764820135 ], [ 90.287986402350668, 25.193004633457122 ], [ 90.27826950823129, 25.197444478479952 ], [ 90.269665585398513, 25.196041122399947 ], [ 90.263139926566396, 25.194933111773764 ], [ 90.257664151579377, 25.195658801712398 ], [ 90.249739657559189, 25.199945542552825 ], [ 90.242644214359075, 25.201984852419059 ], [ 90.236469535740525, 25.20323603061837 ], [ 90.228250573105527, 25.202012512867213 ], [ 90.217318799223278, 25.202640787342489 ], [ 90.210387605503627, 25.206935872092856 ], [ 90.205163164948146, 25.20974047174542 ], [ 90.198855329110188, 25.212064868498942 ], [ 90.190643660876333, 25.215709669665557 ], [ 90.180757489166865, 25.218335993111623 ], [ 90.172059041291789, 25.22116500486112 ], [ 90.16249295718427, 25.222977686471097 ], [ 90.153744424265824, 25.223457751773878 ], [ 90.142110454334045, 25.224338970467159 ], [ 90.134367317597707, 25.22419138002823 ], [ 90.127054414729514, 25.222621623289342 ], [ 90.121898179657308, 25.222532410542385 ], [ 90.115216063070932, 25.223675689881247 ], [ 90.109669795624654, 25.227637628873538 ], [ 90.10356744318301, 25.234199087917602 ], [ 90.096947351938809, 25.237423104392803 ], [ 90.090273581060956, 25.238297020591062 ], [ 90.084506953633081, 25.238645487199506 ], [ 90.075168423184266, 25.24343699951794 ], [ 90.068873926990193, 25.249907820389637 ], [ 90.06268532057112, 25.255476254325743 ], [ 90.054962087630315, 25.258763222444827 ], [ 90.046169963672924, 25.261304767700892 ], [ 90.034502771885457, 25.263617055982422 ], [ 90.021585360576012, 25.268436432895101 ], [ 90.012373060768198, 25.271328477227485 ], [ 90.006665988244833, 25.273753306669789 ], [ 90.00083361228144, 25.276525137725002 ], [ 89.994725986215371, 25.279026185610007 ], [ 89.98376624071949, 25.284772298602775 ], [ 89.98087010267318, 25.289411664516763 ], [ 89.979294457173523, 25.297772314440806 ], [ 89.975060323974844, 25.300490749148821 ], [ 89.964845660498895, 25.299485507650104 ], [ 89.952630545063641, 25.299706439600584 ], [ 89.944196115658258, 25.29900533712663 ], [ 89.932078150386417, 25.299038495130503 ], [ 89.923629087212646, 25.30357384635596 ], [ 89.916711464262733, 25.305872048556239 ], [ 89.910918415652418, 25.307292811014463 ], [ 89.902634914070063, 25.304609575771337 ], [ 89.896611380910542, 25.298987784158953 ], [ 89.893530263111188, 25.29478566142916 ], [ 89.886676903016735, 25.290496869235199 ], [ 89.877426751643327, 25.286709221553394 ], [ 89.872166284246703, 25.286606596317426 ], [ 89.865258929755839, 25.288904210361068 ], [ 89.858859880179409, 25.290490835683556 ], [ 89.853552356655996, 25.292282224045437 ], [ 89.847970638833999, 25.293348157191758 ], [ 89.842695179738826, 25.293515364542486 ], [ 89.83768585252011, 25.295492519564164 ], [ 89.839960697528227, 25.304014627473123 ], [ 89.842738127762459, 25.31227167639679 ], [ 89.84290709058979, 25.317961043967045 ], [ 89.838148625658619, 25.325716811681559 ], [ 89.831887799182653, 25.329655578742006 ], [ 89.82312665776908, 25.346977246202982 ], [ 89.81825858166826, 25.363117182911708 ], [ 89.816816788563983, 25.369402103124628 ], [ 89.818548151675941, 25.388103389060234 ], [ 89.822225348221309, 25.396296528562004 ], [ 89.828919095739707, 25.403287859946829 ], [ 89.830583435077529, 25.408282254822268 ], [ 89.831336687438238, 25.413978063337026 ], [ 89.832089264408069, 25.420125967339573 ], [ 89.835147096061689, 25.429292295603034 ], [ 89.837012860155426, 25.434386795814021 ], [ 89.841211496213646, 25.441863533575258 ], [ 89.844910357427125, 25.449245085292489 ], [ 89.851101283197693, 25.456581083650121 ], [ 89.855823452390496, 25.462720896452254 ], [ 89.857489793619152, 25.467717126843979 ], [ 89.856088025741826, 25.476617584034329 ], [ 89.863460824357617, 25.475737936456653 ], [ 89.868132273585616, 25.479232634478535 ], [ 89.871174715141024, 25.481769928639324 ], [ 89.879389828677688, 25.491510906603082 ], [ 89.879475037642919, 25.498457600138181 ], [ 89.875033848133626, 25.508336030483463 ], [ 89.873300873436619, 25.516427196757775 ], [ 89.869795814325414, 25.524354336583428 ], [ 89.872530950343162, 25.531976317553074 ], [ 89.870664142136491, 25.539789833434099 ], [ 89.877754175914561, 25.549468554030568 ], [ 89.881530992161629, 25.549117273443471 ], [ 89.890313981704935, 25.558046493650806 ], [ 89.908332116533984, 25.559673380722018 ], [ 89.922011717666692, 25.562793690076774 ], [ 89.929954509293225, 25.563687730404467 ], [ 89.939721747460737, 25.56286361956046 ], [ 89.945536393289956, 25.567772971845216 ], [ 89.953285351337968, 25.568392198241384 ], [ 89.960660300232746, 25.570603630253402 ], [ 89.9703145646655, 25.571842396909119 ], [ 89.976686445722976, 25.574749525570212 ], [ 89.978928068875348, 25.583637963321394 ], [ 89.983049104232805, 25.590859998690064 ], [ 89.993378212734399, 25.588935480987686 ], [ 89.999223463392184, 25.586468976062463 ], [ 90.00598810087024, 25.584311999799013 ], [ 90.009678424819526, 25.588488775136909 ], [ 90.014907752290981, 25.598461851033676 ], [ 90.021156757178687, 25.602297877744888 ], [ 90.022300281133141, 25.608498025163783 ], [ 90.0084349025488, 25.623924633115394 ], [ 90.005267115285221, 25.624539498698937 ], [ 90.003227055384343, 25.621953797629715 ], [ 89.999173598682717, 25.623147039704179 ], [ 89.987232600204379, 25.626813029797518 ], [ 89.986228412711114, 25.628543124865359 ], [ 89.984373346952452, 25.637671820997809 ], [ 89.950918351900498, 25.658941428604123 ], [ 89.945859148281102, 25.673754671940628 ], [ 89.945755172263432, 25.678226650639488 ], [ 89.941053487828242, 25.686738677148298 ], [ 89.93640051247371, 25.690071771495127 ], [ 89.925190321975833, 25.694525075771708 ], [ 89.923617441891508, 25.696881349894454 ], [ 89.922570287488838, 25.702787992771675 ], [ 89.918350882487289, 25.704118426424316 ], [ 89.916719935876415, 25.707170193949366 ], [ 89.908983758093996, 25.714873683174005 ], [ 89.898373593466602, 25.727349438325973 ], [ 89.896755351578292, 25.73510023728619 ], [ 89.899562065536941, 25.744220129055748 ], [ 89.903219110973225, 25.744153183522656 ], [ 89.915513446788225, 25.741657545059695 ], [ 89.920238436254863, 25.73928471531741 ], [ 89.925977071384807, 25.739268691197196 ], [ 89.932044196482536, 25.741440794956759 ], [ 89.937611163624354, 25.744641072027889 ], [ 89.938750307880468, 25.747621721165558 ], [ 89.937830571223969, 25.752611445861589 ], [ 89.947644459923936, 25.760613472234013 ], [ 89.950803258463679, 25.764793137093648 ], [ 89.956506232776462, 25.770234930297818 ], [ 89.95936389782571, 25.774530686841786 ], [ 89.959140266110467, 25.78170369387044 ], [ 89.956747385983135, 25.783485410923049 ], [ 89.954950347180841, 25.792041396293428 ], [ 89.956160464134143, 25.810971915821312 ], [ 89.953519855856712, 25.814480481389182 ], [ 89.949803336454863, 25.816157547033242 ], [ 89.95000844843122, 25.820281795668393 ], [ 89.948760698447529, 25.824531230831667 ], [ 89.954758948966401, 25.824917449180987 ], [ 89.963036487144223, 25.826619478206396 ], [ 89.97213123566803, 25.826193112322301 ], [ 89.97769485553323, 25.828183725698409 ], [ 89.980053073090914, 25.834079317706426 ], [ 89.994964320946735, 25.835538099004111 ], [ 89.998854233236329, 25.838793424476989 ], [ 90.001943189526628, 25.83970165700589 ], [ 90.005743809928958, 25.842270715221389 ], [ 90.003981691801698, 25.84371712094844 ], [ 90.001590910692016, 25.844235326499188 ], [ 90.001714528802495, 25.846718138831079 ], [ 90.004423433394777, 25.848623978513842 ], [ 90.012471177702764, 25.846855831331595 ], [ 90.015661023537461, 25.849690031269972 ], [ 90.024920679845536, 25.861625313657328 ], [ 90.026054788797524, 25.86553727642422 ], [ 90.02554922052019, 25.86850340241017 ], [ 90.022884798194923, 25.87137809792091 ], [ 90.018543858812109, 25.871805453059267 ], [ 90.01395882004357, 25.875740016688496 ], [ 90.008939710898971, 25.878696836489837 ], [ 90.0194407014273, 25.888633628339335 ], [ 90.025445438756037, 25.893200241797786 ], [ 90.032096088963385, 25.894311901872811 ], [ 90.038688015239757, 25.893512904596946 ], [ 90.046256438883631, 25.89074565558758 ], [ 90.056348397060958, 25.898681657332645 ], [ 90.059228221405363, 25.908079902765337 ], [ 90.063083258885342, 25.910261364870166 ], [ 90.067473651088164, 25.91553506758936 ], [ 90.071785825655411, 25.916141572175889 ], [ 90.076582011750475, 25.919317929978547 ], [ 90.082132571660907, 25.917657545859129 ], [ 90.083590155960962, 25.919251134632191 ], [ 90.08488431905613, 25.924508413932188 ], [ 90.091545785409721, 25.926239642145845 ], [ 90.096088806053615, 25.928721502095698 ], [ 90.09213465429093, 25.93616880594567 ], [ 90.096897291177129, 25.938111801118794 ], [ 90.100269613052262, 25.939487438294691 ], [ 90.103289193841306, 25.939222294773117 ], [ 90.104680785889627, 25.942033094351871 ], [ 90.109505451715279, 25.941885714354271 ], [ 90.112050742647739, 25.950543649569795 ], [ 90.115080240260966, 25.954055196390243 ], [ 90.117942479262069, 25.957388301528965 ], [ 90.122818285035862, 25.961208446212879 ], [ 90.124159186797101, 25.957671177882617 ], [ 90.127394912445311, 25.957105425175257 ], [ 90.132610344491866, 25.958716957221839 ], [ 90.138228015410618, 25.957755985750168 ], [ 90.144167796506679, 25.958083771548843 ], [ 90.151541954897368, 25.96442459991539 ], [ 90.157529129365912, 25.964638094472548 ], [ 90.157750124268887, 25.963723968686281 ], [ 90.158614465385313, 25.9601485016521 ], [ 90.162509503810611, 25.95819218841882 ], [ 90.167621172978784, 25.957286277040112 ], [ 90.172587891218257, 25.957312164025211 ], [ 90.176763740254444, 25.958676525501289 ], [ 90.180211617771988, 25.957002648853233 ], [ 90.184619562942544, 25.946930991971726 ], [ 90.186588347074633, 25.944375887637136 ], [ 90.189749574683162, 25.945497274779484 ], [ 90.193527155353991, 25.95316036825642 ], [ 90.198058718635025, 25.956922457205678 ], [ 90.212508248257109, 25.961486712641715 ], [ 90.215179668207156, 25.955550223064392 ], [ 90.216810029359408, 25.953805696575671 ], [ 90.231421503499632, 25.955050355589492 ], [ 90.281818644914608, 25.963052202996835 ], [ 90.290584184012914, 25.963791952037013 ], [ 90.328303403579298, 25.974250101560983 ], [ 90.333030982194146, 25.982557540398204 ], [ 90.333920145498382, 25.988347491743411 ], [ 90.340890639591407, 25.990020202870141 ], [ 90.343307506436304, 25.996700319364322 ], [ 90.348840021449917, 26.001079095024295 ], [ 90.350632917075529, 26.002786529874527 ], [ 90.368967314689883, 26.010145906108733 ], [ 90.384753151436826, 26.011469083131715 ], [ 90.391307224348964, 26.011082417819352 ], [ 90.397890104344924, 26.013917919076732 ], [ 90.4004305398376, 26.013955764347088 ], [ 90.401234147937657, 26.012047676359202 ], [ 90.404131780657224, 26.009090956382579 ], [ 90.411485669228284, 26.007376785610234 ], [ 90.414960799801122, 26.005677396994315 ], [ 90.417854777675927, 26.001124525176749 ], [ 90.420403134397191, 25.996654683267082 ], [ 90.421329659136518, 25.992141097433773 ], [ 90.432493278242248, 25.988846738686107 ], [ 90.45096789005612, 25.996316535479764 ], [ 90.461382947664958, 25.999371781582511 ], [ 90.461782921144959, 26.001130169321925 ], [ 90.462949424576323, 26.003021515530577 ], [ 90.469163664371649, 26.007004459088591 ], [ 90.474763049375269, 26.012380142229858 ], [ 90.481154607599137, 26.015035991317973 ], [ 90.485079994546197, 26.013789036335027 ], [ 90.493428209544277, 26.009406826164138 ], [ 90.496187378145066, 26.006282229741146 ], [ 90.501750091493591, 26.003415897925379 ], [ 90.503955189580381, 26.00112661879848 ], [ 90.509532071747799, 25.995781735638616 ], [ 90.51733039718016, 25.98212571113271 ], [ 90.527812709688874, 25.969652997487913 ], [ 90.533577453037083, 25.96161390106073 ], [ 90.538194513066401, 25.957776607204721 ], [ 90.538505307973651, 25.945396297101468 ], [ 90.537460354212044, 25.93605107209936 ], [ 90.535910323202927, 25.932308487646651 ], [ 90.529878144860561, 25.928043576949563 ], [ 90.522208885631642, 25.90916761479366 ], [ 90.514782005385314, 25.899921727106062 ], [ 90.516224238258076, 25.896018007525072 ], [ 90.521692160364978, 25.896261722900249 ], [ 90.529140904928852, 25.900777019244117 ], [ 90.537274420278322, 25.908562690315932 ], [ 90.542851628899598, 25.915224948972252 ], [ 90.550487042143345, 25.919629767200036 ], [ 90.557018990833797, 25.928865660721726 ], [ 90.566911991095594, 25.935307913729275 ], [ 90.575017222766689, 25.938770817119575 ], [ 90.576415158632699, 25.943736792519019 ], [ 90.576458862086895, 25.947881351443243 ], [ 90.582475789725947, 25.957755622424088 ], [ 90.586133794738885, 25.959518198306284 ], [ 90.590926086769571, 25.953637391152711 ], [ 90.595516933359818, 25.951834591293391 ], [ 90.605578373942876, 25.951499572247485 ], [ 90.609022826842022, 25.946664974309158 ], [ 90.632614244751665, 25.937137167146602 ], [ 90.611158124947565, 25.919298934498272 ], [ 90.610094965310452, 25.911998777721465 ], [ 90.611673138804349, 25.907738763832924 ], [ 90.614324020936863, 25.907165670859058 ], [ 90.617773445288321, 25.899229845381115 ], [ 90.628362706973405, 25.898607896737076 ], [ 90.63028225322347, 25.901065030726613 ], [ 90.632507091429204, 25.906260228027179 ], [ 90.630422569945722, 25.910984218347039 ], [ 90.630910531296024, 25.916699561935275 ], [ 90.641394593885479, 25.923032335074254 ], [ 90.657552843488986, 25.929354020471692 ], [ 90.673730328691761, 25.93393802501987 ], [ 90.679203161097064, 25.93615527474617 ], [ 90.689602398731779, 25.950472627409852 ], [ 90.716628698056013, 25.951838108541949 ], [ 90.721265991032737, 25.954356059184818 ], [ 90.7241926322842, 25.948816110375219 ], [ 90.728904124725659, 25.948403442964548 ], [ 90.735793516157912, 25.95220523158622 ], [ 90.74378484689322, 25.954546431272831 ], [ 90.744310293785077, 25.954827028744432 ], [ 90.747066744634594, 25.956299078639631 ], [ 90.75093957699994, 25.956949632019928 ], [ 90.749533386256815, 25.952271450467094 ], [ 90.748118465794619, 25.950248161123795 ], [ 90.74728656142571, 25.949058523532074 ], [ 90.748193229134301, 25.946139840381363 ], [ 90.743769452298466, 25.94053502796919 ], [ 90.74760003541337, 25.932422021659022 ], [ 90.750948927251272, 25.931955268121158 ], [ 90.754169580261987, 25.933711995712088 ], [ 90.756098556803011, 25.933592434443369 ], [ 90.74963694408973, 25.921567558895788 ], [ 90.743982044835548, 25.914848171705785 ], [ 90.745794887424154, 25.912572685481109 ], [ 90.748893696686821, 25.911929462474745 ], [ 90.753506842866557, 25.918877636293928 ], [ 90.76239887970462, 25.921270851868371 ], [ 90.76107128161442, 25.916194978415547 ], [ 90.761152521871452, 25.910703288126285 ], [ 90.772445876276208, 25.908140194214639 ], [ 90.781471344626937, 25.907897626374393 ], [ 90.781895379468267, 25.913921990507504 ], [ 90.785106834213082, 25.920864998620857 ], [ 90.795117885781849, 25.935346154701335 ], [ 90.800523635057743, 25.941070669575765 ], [ 90.812114909675415, 25.946785022111158 ], [ 90.813323073301262, 25.951748878707861 ], [ 90.818023914172386, 25.950081411527947 ], [ 90.823855974473702, 25.948012465402996 ], [ 90.827277769853254, 25.944682851432503 ], [ 90.831406032162704, 25.947011640474898 ], [ 90.835657115783306, 25.944851446437156 ], [ 90.839592679458633, 25.946833530642948 ], [ 90.840131955225615, 25.937775258621343 ], [ 90.843218950094524, 25.938007688404127 ], [ 90.84443410684861, 25.942740124257398 ], [ 90.846630553457317, 25.94437725550597 ], [ 90.860169970967434, 25.943889268974658 ], [ 90.872942528474994, 25.941954070923657 ], [ 90.87623317302257, 25.942476136364633 ], [ 90.875772058233963, 25.946273598347943 ], [ 90.878600446753296, 25.948669028053246 ], [ 90.883571279391106, 25.945801870659864 ], [ 90.884783912647492, 25.950188231201935 ], [ 90.886333610008137, 25.951297955935956 ], [ 90.891700125460488, 25.943161044746489 ], [ 90.89571403627383, 25.93860243705285 ], [ 90.899772906894214, 25.937012167677437 ], [ 90.900358450981798, 25.934913107753744 ], [ 90.898695425553512, 25.931052111365887 ], [ 90.904491138855008, 25.929127706078816 ], [ 90.915803020193266, 25.919829702678669 ], [ 90.919348100034824, 25.914583389711709 ], [ 90.922386997362082, 25.912833273936485 ], [ 90.91958340764819, 25.927662598050517 ], [ 90.919178688445754, 25.942678597139604 ], [ 90.921623380314827, 25.942677653750764 ], [ 90.935358172841461, 25.939179258615923 ], [ 90.937939219919144, 25.940645103189013 ], [ 90.940777667355519, 25.944270800956758 ], [ 90.946051615589624, 25.947074427542873 ], [ 90.948840464515911, 25.938622916414488 ], [ 90.957094167062223, 25.936205064811929 ], [ 90.96116297609052, 25.933435732073406 ], [ 90.963875839498428, 25.927194859755048 ], [ 90.970096058886043, 25.904827652074516 ], [ 90.970493676142326, 25.896128650217065 ], [ 90.96978774790631, 25.890488606863755 ], [ 90.97063162584891, 25.886668064679498 ], [ 90.974500158555543, 25.887156444214554 ], [ 90.978556265559291, 25.888932797710481 ], [ 90.987960615589998, 25.889422049587949 ], [ 91.000034318029407, 25.888152856169427 ], [ 91.004472087416957, 25.885960541046188 ], [ 91.016848865882537, 25.883777875648491 ], [ 91.023732232756402, 25.886732561358656 ], [ 91.02879680622766, 25.887831601247456 ], [ 91.031399137560186, 25.888011501629535 ], [ 91.03233842907531, 25.887487972092288 ], [ 91.032204394117571, 25.879296919916953 ], [ 91.029598414235465, 25.866070974595857 ], [ 91.024911256549331, 25.860782603934069 ], [ 91.018206265706681, 25.858516842977963 ], [ 91.016198285522535, 25.856651692221874 ], [ 91.015811587834548, 25.84829844102029 ], [ 91.011759454035655, 25.837722056727614 ], [ 91.004654878220094, 25.825275828117014 ], [ 91.003832404142202, 25.821720553560738 ], [ 91.009160549120111, 25.820240096803047 ], [ 91.015755040262945, 25.820547988698763 ], [ 91.023847953020663, 25.82208302171415 ], [ 91.027977422220317, 25.827014160075464 ], [ 91.045016708854064, 25.838841328664444 ], [ 91.052137540814897, 25.848248103267395 ], [ 91.068923638615104, 25.845848798383372 ], [ 91.081545697276169, 25.852037972274672 ], [ 91.076021027948116, 25.841895572922397 ], [ 91.075889762002987, 25.83775134135135 ], [ 91.070517232784141, 25.835734340067802 ], [ 91.064815762137755, 25.83550360101043 ], [ 91.060227372495319, 25.831473612117577 ], [ 91.052902073372024, 25.828339767066666 ], [ 91.062009724469249, 25.821705737230047 ], [ 91.0662344939268, 25.819798849837127 ], [ 91.069523016973733, 25.825185799684959 ], [ 91.084326630369731, 25.828750125917622 ], [ 91.123716757022805, 25.830720936222292 ], [ 91.129283806002888, 25.837577441245969 ], [ 91.134635145395691, 25.841320098543747 ], [ 91.140842660960118, 25.841498187691286 ], [ 91.148332232046926, 25.846702403393238 ], [ 91.155793609387615, 25.849425353597269 ], [ 91.164560402140921, 25.848652654296586 ], [ 91.171082899856003, 25.844976220376338 ], [ 91.181913232909437, 25.842092602691537 ], [ 91.184628599130576, 25.843447914289868 ], [ 91.188366390196791, 25.849294230644261 ], [ 91.195919737605891, 25.854556324015164 ], [ 91.199363909916542, 25.858332740063929 ], [ 91.201004967605229, 25.854143659302508 ], [ 91.201535136837151, 25.8469562559265 ], [ 91.205495197145694, 25.839853724270029 ], [ 91.197358672664677, 25.82993090878449 ], [ 91.197156193903311, 25.825717750473871 ], [ 91.192729657947439, 25.820096632453669 ], [ 91.191007823152574, 25.814898993493784 ], [ 91.193792406594355, 25.810032091907544 ], [ 91.190081386546808, 25.802623864499822 ], [ 91.18758064533057, 25.794362213745217 ], [ 91.186782876528582, 25.78192070657542 ], [ 91.182735290601215, 25.775658118327556 ], [ 91.18397788477165, 25.772683879557462 ], [ 91.18871520214492, 25.769277836702827 ], [ 91.188492295283254, 25.76621987914416 ], [ 91.191964144229928, 25.762803313322308 ], [ 91.191448595276484, 25.738266569446694 ], [ 91.195092376611967, 25.735423652379723 ], [ 91.194723937859521, 25.728914253290213 ], [ 91.200737294290775, 25.730303713045998 ], [ 91.218571949435955, 25.723222943184339 ], [ 91.22413607472015, 25.725354819369443 ], [ 91.226569731907659, 25.722727772868495 ], [ 91.235193312121737, 25.728459895108131 ], [ 91.258062328913411, 25.747103752136525 ], [ 91.264959653265464, 25.748555928813118 ], [ 91.278303997031912, 25.74619770136286 ], [ 91.279146089820244, 25.750927859233343 ], [ 91.282258811594943, 25.755913051346283 ], [ 91.289968673415615, 25.76335662300977 ], [ 91.299578729874554, 25.777493112117497 ], [ 91.309018721836594, 25.795601850045387 ], [ 91.327693550616914, 25.823006990580211 ], [ 91.333480184363054, 25.82944191591173 ], [ 91.335149266725352, 25.831297823435875 ], [ 91.334879774981687, 25.832909968820047 ], [ 91.336286121307523, 25.838046303694 ], [ 91.339150148160854, 25.837615720888834 ], [ 91.345197382053584, 25.835300284080915 ], [ 91.347090963077562, 25.838632915276889 ], [ 91.351272928402977, 25.839536912898268 ], [ 91.356008167443008, 25.836924515454086 ], [ 91.359579543461223, 25.840646890341759 ], [ 91.366378713107167, 25.839669623154634 ], [ 91.373191992216732, 25.843472967603418 ], [ 91.379543267108147, 25.844046503943048 ], [ 91.384787463970326, 25.846099554550847 ], [ 91.391185548574242, 25.846452223691244 ], [ 91.403849980592213, 25.850240562052363 ], [ 91.407734711887485, 25.849013867895735 ], [ 91.415371745709535, 25.853050467704975 ], [ 91.421524733579645, 25.853849229358502 ], [ 91.426929702244024, 25.852680994732168 ], [ 91.433463351552518, 25.846873440057266 ], [ 91.443813401667228, 25.840738386467422 ], [ 91.446987905967148, 25.840130609340179 ], [ 91.44999094372713, 25.844760828249662 ], [ 91.457554916626179, 25.850407212722757 ], [ 91.471310668752437, 25.85811667254643 ], [ 91.477552328876925, 25.856270922864837 ], [ 91.480983916974253, 25.856755974009047 ], [ 91.485623572469933, 25.861975527648553 ], [ 91.498586696319023, 25.861390724602302 ], [ 91.510432016824154, 25.86384661213151 ], [ 91.515310921661751, 25.865603951261392 ], [ 91.521665426917991, 25.872158761617584 ], [ 91.524317917937594, 25.873388338101392 ], [ 91.527946136505079, 25.871923759773722 ], [ 91.531430048957645, 25.879900587142458 ], [ 91.535153808801283, 25.883091000449383 ], [ 91.5346057367654, 25.887175424406337 ], [ 91.532305266474907, 25.88870791413899 ], [ 91.528359001766603, 25.889143771467957 ], [ 91.524785333376485, 25.884963450103214 ], [ 91.522318888705797, 25.877063336703657 ], [ 91.519805140594826, 25.873704591893443 ], [ 91.516100977877898, 25.869990794739408 ], [ 91.510344613513155, 25.86648891563101 ], [ 91.500883146639978, 25.866247739041967 ], [ 91.496263573005535, 25.86459080292326 ], [ 91.479980323033544, 25.867797826708397 ], [ 91.477354805380003, 25.870309209602397 ], [ 91.478556028937646, 25.877116878740992 ], [ 91.481283384021026, 25.883756382750903 ], [ 91.485987463350796, 25.890129737797224 ], [ 91.491152362491619, 25.893916262225787 ], [ 91.495530201957308, 25.894640271331525 ], [ 91.498926903553809, 25.892778339248991 ], [ 91.501214632249514, 25.891524090764221 ], [ 91.50586132404095, 25.891212469380037 ], [ 91.503763706629798, 25.897530180673357 ], [ 91.511149301698993, 25.908809710699643 ], [ 91.527394022915871, 25.919819968416846 ], [ 91.533928571546426, 25.922751215096525 ], [ 91.538511367405761, 25.933028058598097 ], [ 91.524311682038558, 25.923884462497995 ], [ 91.519463909931574, 25.919059951355734 ], [ 91.513387502930982, 25.914474003372618 ], [ 91.509644784479292, 25.912780303867976 ], [ 91.508197831065104, 25.912125467916042 ], [ 91.505963169564666, 25.913375775571637 ], [ 91.504263536333212, 25.919806998394336 ], [ 91.518938386597313, 25.937373455020975 ], [ 91.52242294566247, 25.939935737744179 ], [ 91.5208468792801, 25.951837014066996 ], [ 91.521153627238164, 25.957191782574739 ], [ 91.526460378243939, 25.958446455539558 ], [ 91.528512868574069, 25.960357609316247 ], [ 91.535069984792017, 25.961265237500754 ], [ 91.539812016411474, 25.961130565822998 ], [ 91.539948386908577, 25.967411914828062 ], [ 91.551592932867607, 25.974112881204576 ], [ 91.553903343364652, 25.973909051661451 ], [ 91.557496525244517, 25.985620410953231 ], [ 91.568050538901332, 26.000843777518355 ], [ 91.568766667247928, 26.002761500842666 ], [ 91.5678157430022, 26.006511086517492 ], [ 91.571270056068272, 26.010953120490171 ], [ 91.572394390288935, 26.015836151417318 ], [ 91.571497097113422, 26.020735627347392 ], [ 91.572735570590169, 26.026477938905828 ], [ 91.578541832939322, 26.032106532090836 ], [ 91.586796885368017, 26.030970409556801 ], [ 91.590819584356382, 26.029138415005889 ], [ 91.599723041685081, 26.016025940744612 ], [ 91.599472240551506, 26.019769677228851 ], [ 91.604524071528715, 26.021604008218446 ], [ 91.619192241628696, 26.023671238436975 ], [ 91.622918845128652, 26.025982470015038 ], [ 91.62873393612233, 26.022921469150504 ], [ 91.634787594771751, 26.021351851806571 ], [ 91.636014748481898, 26.016791730553962 ], [ 91.634718000735177, 26.012895931302239 ], [ 91.635626293518669, 26.003849820812604 ], [ 91.634647101782377, 26.00080247615341 ], [ 91.633036178576845, 25.998772012018776 ], [ 91.629321518972972, 25.996584765474609 ], [ 91.631272086437718, 25.994066281533719 ], [ 91.627305782136204, 25.984830621835783 ], [ 91.629375650066265, 25.981329207676822 ], [ 91.630601648147604, 25.975919769381903 ], [ 91.634702698770582, 25.96972743797096 ], [ 91.640495883178517, 25.963782214177911 ], [ 91.636634640376428, 25.959427324511466 ], [ 91.632640296112811, 25.943573994544238 ], [ 91.627171141035376, 25.944906343752791 ], [ 91.613480312766285, 25.943547518503237 ], [ 91.613676711211326, 25.938879716026122 ], [ 91.625269816848629, 25.929925710503198 ], [ 91.635308792366914, 25.924701488482981 ], [ 91.650378133843844, 25.912655199178175 ], [ 91.653935783509667, 25.906581050375223 ], [ 91.65932969321085, 25.906785944715637 ], [ 91.664392543581073, 25.908778947590406 ], [ 91.669678471684165, 25.907084808317279 ], [ 91.671744164961297, 25.904284631530572 ], [ 91.678430195397254, 25.910720978690279 ], [ 91.681052380163294, 25.916202233246509 ], [ 91.688834817273062, 25.920113666312716 ], [ 91.694750808602976, 25.927983009408422 ], [ 91.70440966767211, 25.936789134910725 ], [ 91.703355440101518, 25.940755539036957 ], [ 91.710604240193561, 25.943228862621936 ], [ 91.716372146457445, 25.946085941313186 ], [ 91.722614287719239, 25.952918693442996 ], [ 91.72406851485016, 25.963920816792324 ], [ 91.722245179871209, 25.977150346811129 ], [ 91.723667210373492, 26.000697288748938 ], [ 91.725294362744705, 26.018656556654832 ], [ 91.727172915197912, 26.026108679072308 ], [ 91.725713909969045, 26.029177660520645 ], [ 91.72896268028353, 26.045763383073734 ], [ 91.735515691995658, 26.04987165525273 ], [ 91.737143739192277, 26.055486774794872 ], [ 91.733824767798865, 26.058063515019228 ], [ 91.762003784846854, 26.070117337944851 ], [ 91.781064784312377, 26.090057982290091 ], [ 91.782972922662282, 26.087097677615759 ], [ 91.787128077398904, 26.085379771958969 ], [ 91.792899687070985, 26.085819741887633 ], [ 91.804334524618696, 26.103727045167034 ], [ 91.810600899012343, 26.102605580683075 ], [ 91.813348369231903, 26.103943571338789 ], [ 91.818104277390546, 26.110211429613855 ], [ 91.821858192401692, 26.11752005350769 ], [ 91.829082710798502, 26.116906717670929 ], [ 91.856320599915819, 26.10352981215118 ] ] ] } },
{ "type": "Feature", "properties": { "ST_NM": "Mizoram" }, "geometry": { "type": "Polygon", "coordinates": [ [ [ 92.800223528193328, 24.416297645320128 ], [ 92.803100578129261, 24.41603005474326 ], [ 92.803211129090414, 24.416064198404058 ], [ 92.803667155514859, 24.416204941404999 ], [ 92.805626073184783, 24.416810036753816 ], [ 92.806559497522869, 24.417098306341813 ], [ 92.806796877174179, 24.417041103164422 ], [ 92.808891859571702, 24.416536069983692 ], [ 92.808449885054188, 24.414827422847338 ], [ 92.808267917130706, 24.414124099047967 ], [ 92.808844226979545, 24.412457861241364 ], [ 92.808844267449047, 24.412457860342045 ], [ 92.810103945141009, 24.412542667310277 ], [ 92.810791102727251, 24.412588923040403 ], [ 92.810739386313685, 24.412228136619262 ], [ 92.81054342134189, 24.410862095209552 ], [ 92.813188073870549, 24.41016742558628 ], [ 92.815832570816553, 24.409472721788745 ], [ 92.815832613084694, 24.409472733479902 ], [ 92.815832694023641, 24.409472711896171 ], [ 92.816775429042877, 24.409711799360082 ], [ 92.817718182048509, 24.409950843656588 ], [ 92.819802239481817, 24.405480711265852 ], [ 92.82049685784375, 24.40399065154736 ], [ 92.82089872529599, 24.403703973759434 ], [ 92.824159304608258, 24.401377686631008 ], [ 92.829132680528858, 24.39919384941669 ], [ 92.829692710849997, 24.398947915413999 ], [ 92.830708584133902, 24.397693365656323 ], [ 92.830708862024437, 24.397692501407846 ], [ 92.830999906920226, 24.396628375898899 ], [ 92.825947409545392, 24.390752040174561 ], [ 92.825461139819822, 24.389796781196537 ], [ 92.824390822478506, 24.387694543968053 ], [ 92.824667335229378, 24.386187686712447 ], [ 92.824770224866029, 24.385626321797361 ], [ 92.825457889669906, 24.384934895129334 ], [ 92.827605728821368, 24.382774884553328 ], [ 92.827506423882426, 24.376511849342421 ], [ 92.828055797237312, 24.375470380453748 ], [ 92.828321436285307, 24.374966567653019 ], [ 92.829093172412058, 24.37467452900637 ], [ 92.832037720064761, 24.373560076536364 ], [ 92.832037856761758, 24.373560162871286 ], [ 92.832037933204106, 24.37356013499226 ], [ 92.832400285344931, 24.373791982913758 ], [ 92.835546165123503, 24.375804895879298 ], [ 92.838939158815208, 24.377975694722579 ], [ 92.839406727138794, 24.377881497932833 ], [ 92.843590548664963, 24.377038469849538 ], [ 92.843590705146994, 24.377038615539732 ], [ 92.843590768998865, 24.377038602949199 ], [ 92.845060141612294, 24.378397531620863 ], [ 92.846226470575232, 24.3794761092351 ], [ 92.846889154011308, 24.380631779433145 ], [ 92.848414841271961, 24.383291995629122 ], [ 92.85097504206459, 24.389519941092431 ], [ 92.853803432382563, 24.39114865828401 ], [ 92.858383161553718, 24.395554415403979 ], [ 92.862215790626294, 24.396622522211658 ], [ 92.871092725149197, 24.39416520565976 ], [ 92.873166208353894, 24.394351881534135 ], [ 92.877500478364425, 24.395992304301444 ], [ 92.877500578189199, 24.395992372649914 ], [ 92.877500740067148, 24.395992433803826 ], [ 92.883528774333513, 24.400128061560849 ], [ 92.887299980609669, 24.398715599845104 ], [ 92.890066504765457, 24.39936863085768 ], [ 92.891005089413397, 24.398859748578559 ], [ 92.893662786608388, 24.39238105504171 ], [ 92.895625578557656, 24.391363073746902 ], [ 92.895625659496659, 24.391363064753705 ], [ 92.900227520084059, 24.390483824568889 ], [ 92.900227591130488, 24.390483812877733 ], [ 92.901427491785398, 24.390772227256548 ], [ 92.904438415700383, 24.391495835264664 ], [ 92.904438476854295, 24.39149591710293 ], [ 92.904438676503787, 24.391495964766989 ], [ 92.90513140449076, 24.392415400150639 ], [ 92.905001644910044, 24.396102074651083 ], [ 92.908569107977996, 24.400207959130057 ], [ 92.910812745611793, 24.409938588595026 ], [ 92.922645602412672, 24.402726372923837 ], [ 92.921837704546476, 24.401166991663388 ], [ 92.922909435621989, 24.399622618289243 ], [ 92.924612045609479, 24.399231876350086 ], [ 92.926886242206365, 24.395635055813216 ], [ 92.934935000949565, 24.392531655511561 ], [ 92.936949856450781, 24.393691053399436 ], [ 92.937757632908472, 24.395997213700525 ], [ 92.939768653700469, 24.398023658764885 ], [ 92.943355962108001, 24.398802943800888 ], [ 92.948914845243962, 24.401140557890471 ], [ 92.95045754497977, 24.401789237982996 ], [ 92.951332268769249, 24.401717719397311 ], [ 92.953091628675793, 24.40157377570921 ], [ 92.953242800215094, 24.40143766871347 ], [ 92.953915610916795, 24.400831531050358 ], [ 92.956870495377132, 24.395764101332247 ], [ 92.957321221197446, 24.394991008128557 ], [ 92.957709120379661, 24.394608935653935 ], [ 92.959525902898179, 24.392819015884925 ], [ 92.959526162802206, 24.392819146286627 ], [ 92.970012721909654, 24.398130844462969 ], [ 92.974847121997129, 24.404664447006667 ], [ 92.979439117021684, 24.406590048392047 ], [ 92.984600387398018, 24.404447228356958 ], [ 92.987491734755793, 24.404528478506506 ], [ 92.991069892561541, 24.402359963041931 ], [ 92.994508926146068, 24.398815924615292 ], [ 92.997201345265921, 24.398428396853092 ], [ 92.999645547903754, 24.400128698280867 ], [ 93.023448998972185, 24.387274157676302 ], [ 93.016187279219594, 24.376777277049769 ], [ 93.021199481570875, 24.371032263927873 ], [ 93.019194395405066, 24.362789458466807 ], [ 93.018403380511643, 24.355668936772076 ], [ 93.020638890972123, 24.343639917148494 ], [ 93.030822546723186, 24.34128367989797 ], [ 93.042412833885237, 24.340161991482773 ], [ 93.034256089047346, 24.315183814481486 ], [ 93.022935606593023, 24.297550953713596 ], [ 93.017240945613196, 24.28997989055955 ], [ 93.010105159725413, 24.284914530181481 ], [ 93.007239805472693, 24.277322623440398 ], [ 93.012926231360552, 24.268500810164312 ], [ 93.005750726015265, 24.259631006365908 ], [ 93.005701911713913, 24.250805944738602 ], [ 93.016994309240033, 24.233191801560451 ], [ 93.025544556036493, 24.22942958490745 ], [ 93.018372040936981, 24.225667254939935 ], [ 93.018365323900639, 24.221908581615821 ], [ 93.022626352224449, 24.214379336936872 ], [ 93.021207087137441, 24.206870470895581 ], [ 93.016937073687075, 24.204378069092684 ], [ 93.015552165400152, 24.196856972271519 ], [ 93.011307852775246, 24.194364688279791 ], [ 93.00198294615609, 24.194377377713863 ], [ 93.002032290158127, 24.191168777417204 ], [ 93.009822624214792, 24.179053805089097 ], [ 93.002236409282943, 24.170907954638437 ], [ 93.004352742485139, 24.157464533461507 ], [ 92.999572952829567, 24.153595561885709 ], [ 92.992005546318978, 24.150064720110777 ], [ 92.990050178273179, 24.147213554462041 ], [ 92.989816783517824, 24.143746855932704 ], [ 92.991789541754031, 24.137270181373822 ], [ 92.984983344805585, 24.125776901382949 ], [ 92.976461423056264, 24.12330432693318 ], [ 92.972517118869973, 24.120806495023771 ], [ 92.973771403327646, 24.11394470378508 ], [ 92.975278578044026, 24.111750098088635 ], [ 92.983670562146813, 24.111739058011153 ], [ 92.988183164121779, 24.113226745318116 ], [ 92.999557106775114, 24.112060001767702 ], [ 93.008527742561341, 24.106796475776775 ], [ 93.012962444361392, 24.101370096952451 ], [ 93.020326960221098, 24.098272193307139 ], [ 93.02613857263708, 24.10045047990576 ], [ 93.02911895557537, 24.097639653347358 ], [ 93.033531136552767, 24.096038596603989 ], [ 93.036505284491341, 24.091972847968634 ], [ 93.052479057062897, 24.087448294003593 ], [ 93.063961602745849, 24.091007233297205 ], [ 93.072543654965784, 24.097203759146225 ], [ 93.078259775568256, 24.099672639180994 ], [ 93.083975380859215, 24.08703854039635 ], [ 93.088246812540433, 24.080733414215729 ], [ 93.093937547080202, 24.076951837857109 ], [ 93.101045445890691, 24.070662528053276 ], [ 93.099618468217784, 24.063108351469282 ], [ 93.101033576638315, 24.059338592202323 ], [ 93.099609230381759, 24.053049042279554 ], [ 93.102455103520242, 24.049286147537714 ], [ 93.098183449706482, 24.045503882298362 ], [ 93.099603404573543, 24.041733775893078 ], [ 93.109553448832628, 24.04678665817778 ], [ 93.110981306042504, 24.051818191456448 ], [ 93.118080812379674, 24.053094100112673 ], [ 93.119502311382632, 24.056870504470282 ], [ 93.128042988493178, 24.060674395706826 ], [ 93.133741127151382, 24.069498975297506 ], [ 93.133752086289803, 24.075789465911157 ], [ 93.140874380548269, 24.083353946027842 ], [ 93.146571496677268, 24.084638086178757 ], [ 93.15711563937532, 24.080351455954997 ], [ 93.159965858037992, 24.074073800465555 ], [ 93.168487705143548, 24.067800385279611 ], [ 93.165612085129681, 24.05773750488197 ], [ 93.168440578869649, 24.051452180873525 ], [ 93.174119120401144, 24.050197957569765 ], [ 93.192573651253042, 24.052730416975237 ], [ 93.196825787979776, 24.04895534091628 ], [ 93.207232165332243, 24.047547514306416 ], [ 93.215279393429341, 24.04645825274622 ], [ 93.219540504490737, 24.057767382159 ], [ 93.220975734342744, 24.064055494065826 ], [ 93.223816329360147, 24.070342356814365 ], [ 93.220977696663454, 24.077883075943248 ], [ 93.225251134732162, 24.082910774512698 ], [ 93.235184308609007, 24.080398628094258 ], [ 93.240878530719669, 24.082919019497183 ], [ 93.246563719140397, 24.081670810859293 ], [ 93.262223612130072, 24.069110804520051 ], [ 93.262225767804978, 24.064085750856748 ], [ 93.265102319516473, 24.05654770181502 ], [ 93.260818829725281, 24.054026233923594 ], [ 93.25086659291901, 24.030148309996548 ], [ 93.253752597404514, 24.02010524346224 ], [ 93.272408997277466, 24.030197521798243 ], [ 93.275240387733788, 24.03647516919375 ], [ 93.283825294401879, 24.042771249993223 ], [ 93.286648909319752, 24.047791458109373 ], [ 93.296713295182485, 24.047807260996365 ], [ 93.310968913884324, 24.050320672760904 ], [ 93.335777966180274, 24.049528908732213 ], [ 93.340596611944136, 24.040700435976362 ], [ 93.334395678517808, 24.03873893365494 ], [ 93.336024567479853, 24.03033198573263 ], [ 93.340532246565999, 24.026782278879125 ], [ 93.335292441992635, 24.019936259051178 ], [ 93.338677013533413, 24.008545549437599 ], [ 93.337611192802342, 23.998331518185068 ], [ 93.337315957965131, 23.992016300711782 ], [ 93.332753663051164, 23.983087721721006 ], [ 93.335786147312888, 23.978917383730334 ], [ 93.345706069679409, 23.976805323207145 ], [ 93.349908776968562, 23.974074959891539 ], [ 93.351456458948462, 23.968112117480302 ], [ 93.354157621277238, 23.957342411323282 ], [ 93.358154721063613, 23.950735323376534 ], [ 93.363217977927377, 23.942034500391912 ], [ 93.369282503984437, 23.936594441080615 ], [ 93.373991375801438, 23.933860646851429 ], [ 93.379482076836439, 23.932214499 ], [ 93.3892014917555, 23.930003460891044 ], [ 93.396940854037268, 23.926267910036074 ], [ 93.397789595513473, 23.920384129723857 ], [ 93.397373010655997, 23.91496278620366 ], [ 93.395775171686864, 23.908921143396128 ], [ 93.394909294528361, 23.894656281462289 ], [ 93.393774090202157, 23.883273450809156 ], [ 93.393618051531917, 23.872697470312062 ], [ 93.394572964270935, 23.866917642635144 ], [ 93.395029673280874, 23.859777753140861 ], [ 93.394707400326297, 23.854535421472576 ], [ 93.394858501718545, 23.846679930634366 ], [ 93.395204180428664, 23.836917904937422 ], [ 93.398217768135567, 23.831306652480066 ], [ 93.39727690280688, 23.820195862249307 ], [ 93.399514066221229, 23.815392668636775 ], [ 93.404999537698586, 23.813116549289362 ], [ 93.409069545523153, 23.803693436702815 ], [ 93.40813703219834, 23.794753515462446 ], [ 93.405634436580044, 23.786182730848395 ], [ 93.402524394785075, 23.771023219745871 ], [ 93.402288960367287, 23.764970778778491 ], [ 93.40333437008519, 23.757554691296036 ], [ 93.405167269354081, 23.751579569541548 ], [ 93.408565111290898, 23.744608941449542 ], [ 93.412456018230728, 23.739440369477506 ], [ 93.413413300683317, 23.734379295268297 ], [ 93.415737273856166, 23.728494936692016 ], [ 93.413841916671174, 23.722817373622945 ], [ 93.413500966596416, 23.714056705252801 ], [ 93.414940936774883, 23.708081234561348 ], [ 93.421272846564648, 23.699920064159699 ], [ 93.427538224509533, 23.6966420128187 ], [ 93.434469313907755, 23.692086211909213 ], [ 93.439332194625138, 23.684210784000527 ], [ 93.442632597716283, 23.678318446639025 ], [ 93.438878528021689, 23.674090789458432 ], [ 93.434041142185038, 23.667698942552192 ], [ 93.431369353512935, 23.66310295094047 ], [ 93.428297987062535, 23.656155374271179 ], [ 93.426204481351817, 23.649482401091973 ], [ 93.426547546632037, 23.641077774319854 ], [ 93.430616306197635, 23.614680219816364 ], [ 93.431272081041755, 23.591006962701215 ], [ 93.432616676318617, 23.584761997568194 ], [ 93.430908347542243, 23.578358239141494 ], [ 93.424973160183242, 23.56763199362166 ], [ 93.42188295113732, 23.557524624661767 ], [ 93.42507578721785, 23.548924422324262 ], [ 93.425916082261438, 23.541155894129247 ], [ 93.425580922021993, 23.534196335792331 ], [ 93.423386888294317, 23.527162350462163 ], [ 93.419746283364361, 23.52310972383475 ], [ 93.41402538376451, 23.516453368328314 ], [ 93.408995147308246, 23.509243466612759 ], [ 93.405436991324166, 23.504475591175662 ], [ 93.405114455767603, 23.497965969054292 ], [ 93.405963161270961, 23.492451771432172 ], [ 93.402179814147189, 23.48099227447392 ], [ 93.403733747314618, 23.477014056853307 ], [ 93.404874899756862, 23.471319260075859 ], [ 93.403757595536661, 23.46328150723582 ], [ 93.399199382645463, 23.452997996160661 ], [ 93.397577887909279, 23.442890861923786 ], [ 93.396289064988423, 23.438913015723131 ], [ 93.394969962793596, 23.429348257216361 ], [ 93.395123959103501, 23.42220471287726 ], [ 93.394616513941003, 23.418509672883147 ], [ 93.395365528696232, 23.411542785071504 ], [ 93.396024265007895, 23.407298800699152 ], [ 93.401657347608591, 23.397693287615198 ], [ 93.40349131257409, 23.393620963136982 ], [ 93.407476090749071, 23.387906881297567 ], [ 93.411958537556529, 23.384005864179358 ], [ 93.402345025002944, 23.379524363458643 ], [ 93.399385756347613, 23.375568935557965 ], [ 93.394178312079475, 23.370074527517488 ], [ 93.394243485048833, 23.364109046495344 ], [ 93.396471368359016, 23.360311988307672 ], [ 93.387564454036408, 23.35881570348198 ], [ 93.374064435825119, 23.358689332546703 ], [ 93.36935900751223, 23.35590912430672 ], [ 93.365235920801183, 23.35421066379115 ], [ 93.363557072700814, 23.350604850933166 ], [ 93.365785703347569, 23.346077525257613 ], [ 93.369765513667573, 23.340364862548427 ], [ 93.375500297001167, 23.333653653793135 ], [ 93.377045573294652, 23.328772163404665 ], [ 93.375253044592398, 23.322900791938025 ], [ 93.374429056955478, 23.315588961961055 ], [ 93.374695865122135, 23.308898183104702 ], [ 93.375350647114715, 23.302668170100048 ], [ 93.377474044491635, 23.297326556875134 ], [ 93.378893793413908, 23.289727201948835 ], [ 93.375933780119908, 23.282871613334351 ], [ 93.373073894644563, 23.278733764251854 ], [ 93.372736120075956, 23.270694740669796 ], [ 93.374938358318616, 23.260293110838461 ], [ 93.376071322433631, 23.252244933057284 ], [ 93.380901362607858, 23.240925071135166 ], [ 93.386035137111946, 23.231053731944201 ], [ 93.392324825530352, 23.220363394555079 ], [ 93.392405518100247, 23.215663904465657 ], [ 93.385032406520395, 23.20730107818224 ], [ 93.384207584312605, 23.19808621440734 ], [ 93.382859916052325, 23.184088675951671 ], [ 93.379085129575117, 23.171003303659575 ], [ 93.378171018178023, 23.163052109667206 ], [ 93.373628051493426, 23.155029589543972 ], [ 93.371539843688879, 23.146455579061751 ], [ 93.376681638347009, 23.139751944396778 ], [ 93.388226488161934, 23.144033071668957 ], [ 93.392023473504537, 23.140497696411614 ], [ 93.391202692850072, 23.134719125087599 ], [ 93.379524491562108, 23.123648703624838 ], [ 93.373658307385028, 23.120150691601168 ], [ 93.366607563188552, 23.116752118515535 ], [ 93.362583476546263, 23.112876545915924 ], [ 93.361556417494739, 23.102403101621917 ], [ 93.360649964724132, 23.096262089124139 ], [ 93.359552498648952, 23.091569295386705 ], [ 93.354945101835028, 23.087164523923718 ], [ 93.350027924549124, 23.080860471533583 ], [ 93.348643045939866, 23.076530550644463 ], [ 93.355752583315109, 23.074152487747142 ], [ 93.354953282967699, 23.069001091926907 ], [ 93.350518821286641, 23.061063654863858 ], [ 93.342715691675892, 23.061009659568185 ], [ 93.338176137918481, 23.051453221588929 ], [ 93.334316648794356, 23.039896778613468 ], [ 93.330180009300022, 23.031965214123375 ], [ 93.327131261698412, 23.027915516587882 ], [ 93.321640802581044, 23.021247339493186 ], [ 93.318788988521078, 23.018190699441277 ], [ 93.312547994794159, 23.018479380019414 ], [ 93.303728264347967, 23.010026126004959 ], [ 93.299516651072622, 23.004704359918321 ], [ 93.295302815572541, 23.002192347498863 ], [ 93.285744088818717, 23.001054672734995 ], [ 93.276182424879039, 23.002088042329319 ], [ 93.271513491054804, 23.006711949796681 ], [ 93.265677071739503, 23.008808527591498 ], [ 93.256688206695458, 23.005223638360292 ], [ 93.250824920133994, 23.002988583856109 ], [ 93.245374716470053, 23.006081963012207 ], [ 93.238852215157635, 23.01061909399607 ], [ 93.235450503438017, 23.014159987493485 ], [ 93.231756586697202, 23.018415359980906 ], [ 93.229337756632219, 23.0236647531259 ], [ 93.225846145083608, 23.029372941707948 ], [ 93.217892823295244, 23.041775338261289 ], [ 93.211765694531209, 23.045950595543616 ], [ 93.203889929376771, 23.0534802197364 ], [ 93.198915435598906, 23.054400510375331 ], [ 93.196611198048402, 23.055272628828789 ], [ 93.192186992235975, 23.056946187116864 ], [ 93.188663532096371, 23.054877642988856 ], [ 93.184856885337069, 23.053809368907309 ], [ 93.180757805128678, 23.054636961926292 ], [ 93.174488599669189, 23.049684908931454 ], [ 93.169892455172715, 23.047528657521582 ], [ 93.16559747474372, 23.045730000838944 ], [ 93.159745866778394, 23.048644409511951 ], [ 93.153428174370788, 23.054808289071332 ], [ 93.145145213281012, 23.05844602336532 ], [ 93.139669698198077, 23.057377773565463 ], [ 93.1380957641083, 23.053227132526217 ], [ 93.134672545101921, 23.050161442596561 ], [ 93.130757004831992, 23.044296530960196 ], [ 93.132877089106444, 23.038422830249488 ], [ 93.133637719505202, 23.032003162815784 ], [ 93.132156823878404, 23.028027102668716 ], [ 93.129416083285662, 23.022705779048522 ], [ 93.131931688496707, 23.016645281954254 ], [ 93.133561421922138, 23.009681063330447 ], [ 93.127984869805971, 23.003282623494329 ], [ 93.126991644149143, 22.997599645607181 ], [ 93.131171425021307, 22.992886546976592 ], [ 93.13516451742862, 22.990977932885357 ], [ 93.1403368692512, 22.990507025378975 ], [ 93.142755678631715, 22.984537896706627 ], [ 93.145369707446093, 22.977388803550468 ], [ 93.145832518356087, 22.972331250187096 ], [ 93.144264870527422, 22.967641568103943 ], [ 93.140451711777132, 22.965391496720258 ], [ 93.140246211293686, 22.961231192465618 ], [ 93.143937368015202, 22.957975019831338 ], [ 93.146552804268538, 22.953267415159132 ], [ 93.149359797916418, 22.94675118661803 ], [ 93.150308898337073, 22.938257226589769 ], [ 93.151144587053125, 22.927407748768644 ], [ 93.154939974300419, 22.923515569288156 ], [ 93.159412690443389, 22.921238548820043 ], [ 93.163799036596345, 22.919243984722186 ], [ 93.166021071615205, 22.915892662916121 ], [ 93.164159523543219, 22.912641471626671 ], [ 93.160449100645565, 22.910309132960151 ], [ 93.156260402995258, 22.910404353178421 ], [ 93.150014967516825, 22.909709003667615 ], [ 93.143676449508575, 22.909722066320342 ], [ 93.136462102444113, 22.910009573283219 ], [ 93.132931520573266, 22.904061002213552 ], [ 93.136516810002831, 22.897001384406394 ], [ 93.136007990676262, 22.890229293347261 ], [ 93.134826806711828, 22.886438005209811 ], [ 93.133247565722627, 22.87939336291339 ], [ 93.130887445199505, 22.872076448169594 ], [ 93.127940050293148, 22.866306326875531 ], [ 93.121588381498668, 22.862800804613471 ], [ 93.119348637030043, 22.859639802734762 ], [ 93.118537527684794, 22.851689375864055 ], [ 93.119182077191169, 22.840309042628292 ], [ 93.118487189032635, 22.834253749910658 ], [ 93.113301824020027, 22.828390515509909 ], [ 93.108910200645312, 22.82515435548919 ], [ 93.110345304592215, 22.819092883529777 ], [ 93.11424272622088, 22.817819314010194 ], [ 93.113843551338903, 22.813211233711513 ], [ 93.106915032203005, 22.809792283786919 ], [ 93.101939246099391, 22.808724339756509 ], [ 93.096965806326978, 22.807380913598308 ], [ 93.100520783207628, 22.78911845545241 ], [ 93.10169479328016, 22.784080786099423 ], [ 93.101692715846241, 22.784082064036056 ], [ 93.10561104941047, 22.76724120831517 ], [ 93.108969614356283, 22.749973471398619 ], [ 93.110306571691012, 22.741210828117289 ], [ 93.10678017526493, 22.734799693451123 ], [ 93.102185727789163, 22.728670466568815 ], [ 93.099546058403917, 22.724429771017185 ], [ 93.098446728034105, 22.71656698847579 ], [ 93.096679374953226, 22.711330672372696 ], [ 93.093069599682337, 22.708093910705486 ], [ 93.09557195698028, 22.698324516863011 ], [ 93.101780790051464, 22.693158918049676 ], [ 93.104477344254065, 22.683298476843277 ], [ 93.100755749977964, 22.675720635498976 ], [ 93.101129831076889, 22.67111285737252 ], [ 93.105002352276813, 22.661157698668887 ], [ 93.108195039069869, 22.65609321063323 ], [ 93.112080768612657, 22.65192808511307 ], [ 93.116053301618649, 22.648478964732476 ], [ 93.112322517170469, 22.63619978699063 ], [ 93.121823195384195, 22.627051026084018 ], [ 93.127074408757039, 22.626221084035876 ], [ 93.133867170733424, 22.619874835455335 ], [ 93.136575874776838, 22.615168452961768 ], [ 93.140430764768041, 22.604587102612754 ], [ 93.141863084413899, 22.595818287284203 ], [ 93.143079127000192, 22.583075491041143 ], [ 93.133440317416785, 22.578491011650897 ], [ 93.131185395089972, 22.574342666580833 ], [ 93.126703594895048, 22.571467204847693 ], [ 93.12191671408516, 22.564070417715641 ], [ 93.119077629928711, 22.55702730426674 ], [ 93.113026448012249, 22.55180234660105 ], [ 93.113974277690829, 22.542856318964027 ], [ 93.113473541470796, 22.53752691403588 ], [ 93.109163887703289, 22.528865791623048 ], [ 93.117324502323982, 22.525772344118423 ], [ 93.123252707346637, 22.525577032054457 ], [ 93.128301175758736, 22.523118285580438 ], [ 93.131096416166713, 22.516964046753401 ], [ 93.128063563182934, 22.511008430394781 ], [ 93.128045850135948, 22.502964646701116 ], [ 93.132679937029536, 22.496001102568869 ], [ 93.135752479793155, 22.483610726354016 ], [ 93.133689838815087, 22.476660074003291 ], [ 93.131930064321068, 22.471877209565605 ], [ 93.135603139273542, 22.466351744337601 ], [ 93.139470161119107, 22.460284560783919 ], [ 93.14314148059492, 22.455489613055249 ], [ 93.154106840558313, 22.449130564424081 ], [ 93.160138450529132, 22.450734768794575 ], [ 93.172763092043112, 22.448261685328589 ], [ 93.17546199347629, 22.443555212902822 ], [ 93.179517228137627, 22.435680982891085 ], [ 93.185231084247221, 22.430593465016443 ], [ 93.188119175159841, 22.424173271479333 ], [ 93.185564507895776, 22.415865290350894 ], [ 93.186230430689875, 22.410441296528688 ], [ 93.191557072001331, 22.40581725056569 ], [ 93.192796033809998, 22.400211409329131 ], [ 93.190542288695724, 22.396064078694337 ], [ 93.189543927909995, 22.387752202602144 ], [ 93.19369538013774, 22.381052806441915 ], [ 93.189859221226129, 22.367777837277401 ], [ 93.191780688428082, 22.360367022520109 ], [ 93.194377879235788, 22.355565016012747 ], [ 93.197231859762553, 22.340559068646144 ], [ 93.196722773337399, 22.334139646727351 ], [ 93.199914575197568, 22.330605588077503 ], [ 93.203788056873407, 22.326440885238696 ], [ 93.193572238667912, 22.321591197575742 ], [ 93.19674943014212, 22.314715646709772 ], [ 93.197799296900087, 22.310101981621187 ], [ 93.198548648001747, 22.303054671036307 ], [ 93.198917255826757, 22.296812925476161 ], [ 93.198302343478417, 22.288951064739877 ], [ 93.198764558137896, 22.283440896080549 ], [ 93.199137585231426, 22.277834599787013 ], [ 93.201160599382206, 22.272678071535836 ], [ 93.204528092797318, 22.266620161791082 ], [ 93.205756257345456, 22.258023853518068 ], [ 93.193609565029476, 22.252643217810316 ], [ 93.187566210812065, 22.246700856559357 ], [ 93.180873061342766, 22.246180514219418 ], [ 93.168161765652997, 22.246760809863531 ], [ 93.163213869324693, 22.245962567118852 ], [ 93.157575013975759, 22.24417035048134 ], [ 93.148752472248873, 22.245191218599928 ], [ 93.143689235170143, 22.238251126987961 ], [ 93.149190595869356, 22.231814668312325 ], [ 93.153729347431522, 22.225836396232751 ], [ 93.154879624395221, 22.220238938476257 ], [ 93.153503095091821, 22.214549764260255 ], [ 93.156288773907875, 22.20694654314849 ], [ 93.163152036437396, 22.202320953049593 ], [ 93.167016520396146, 22.197156938841715 ], [ 93.16360645577339, 22.190750694688859 ], [ 93.160162329328102, 22.179462933167883 ], [ 93.151621085644649, 22.17533724741611 ], [ 93.145594364388444, 22.173999354786417 ], [ 93.135902659380292, 22.173930607911302 ], [ 93.127955561799808, 22.176307585326867 ], [ 93.120033586780664, 22.186263998584707 ], [ 93.117153927911488, 22.195767715607644 ], [ 93.108819322353895, 22.197959940798683 ], [ 93.099506591655938, 22.19608742729298 ], [ 93.094557019890601, 22.19663496333294 ], [ 93.086127195913434, 22.199913757513968 ], [ 93.078868189415459, 22.205718748221727 ], [ 93.068877228701183, 22.205555785671038 ], [ 93.057126224595663, 22.20133761633798 ], [ 93.051207716063288, 22.200636138846789 ], [ 93.044022730964343, 22.195048856019923 ], [ 93.043896366324304, 22.18745735757102 ], [ 93.051037209999322, 22.173248241912859 ], [ 93.052274609685526, 22.162862098407174 ], [ 93.049341156968865, 22.154101209703128 ], [ 93.04816114931765, 22.147592590325814 ], [ 93.045337734049269, 22.143264836802814 ], [ 93.044249851149743, 22.136133373956113 ], [ 93.051399375980452, 22.129156039619602 ], [ 93.05653066835572, 22.124983495591891 ], [ 93.059911778405933, 22.118290437853489 ], [ 93.06375818599156, 22.110694672121497 ], [ 93.062862820962494, 22.099485609373403 ], [ 93.057033531472371, 22.097244607652556 ], [ 93.049380717246379, 22.096714515762358 ], [ 93.043572246162285, 22.098811998275153 ], [ 93.036502142260133, 22.102439772577497 ], [ 93.029519244717449, 22.102460995678484 ], [ 93.020315636857219, 22.103198287770795 ], [ 93.0133341692366, 22.10303364528653 ], [ 93.010599685227362, 22.095635341897548 ], [ 93.012917386528216, 22.090655432402343 ], [ 93.011834069486781, 22.082800293199 ], [ 93.009097688807344, 22.076925382900129 ], [ 93.005397650381326, 22.06753718019678 ], [ 93.00111613729996, 22.058781540835469 ], [ 92.998099964941503, 22.053275084577535 ], [ 92.997312026628776, 22.048034017356088 ], [ 92.997282577429075, 22.037194501325246 ], [ 92.998911929541975, 22.029780464297062 ], [ 93.005760784932363, 22.017563993583508 ], [ 93.007676837316239, 22.008800827795994 ], [ 93.006882993155671, 22.000306311087456 ], [ 93.007444783450069, 21.993432811575019 ], [ 93.00655219732613, 21.98159553280766 ], [ 93.003924374710209, 21.977539758553064 ], [ 92.996273333047952, 21.975653148174274 ], [ 92.989692385695093, 21.978559695873344 ], [ 92.983123490157027, 21.987792753832593 ], [ 92.979082551118893, 21.99963680089769 ], [ 92.976868350094321, 22.0041563330484 ], [ 92.970477323369835, 22.007697245431586 ], [ 92.966809740577105, 22.01186103725712 ], [ 92.964299825376713, 22.018007474465435 ], [ 92.963923667743131, 22.024876308295063 ], [ 92.958319343662822, 22.027963086427349 ], [ 92.953176537267439, 22.027697961791546 ], [ 92.948521017730855, 22.023734598273165 ], [ 92.93949858099478, 22.016161788635713 ], [ 92.932039183061931, 22.01788374034237 ], [ 92.93309180174532, 22.01056881849621 ], [ 92.93647734635249, 22.006400162237753 ], [ 92.929582773026596, 21.999725847270099 ], [ 92.925114055269489, 21.993769911652123 ], [ 92.922197849751001, 21.985006808817218 ], [ 92.919671819598875, 21.978690078684224 ], [ 92.916845645210401, 21.971738124115177 ], [ 92.913147706701352, 21.962977390993842 ], [ 92.911873908753932, 21.954575074580077 ], [ 92.913510299860491, 21.947346789822518 ], [ 92.908279394078818, 21.944190125374064 ], [ 92.903253220759609, 21.951514518880003 ], [ 92.902140045326917, 21.97871121185301 ], [ 92.898762402163186, 21.988300096472301 ], [ 92.893846972260008, 22.001859119203061 ], [ 92.891724093791936, 22.009905339160127 ], [ 92.886895238924183, 22.016146779850033 ], [ 92.883219175524573, 22.019495559272684 ], [ 92.877022272859676, 22.023930923873081 ], [ 92.872191138210496, 22.028092144536913 ], [ 92.869971306530658, 22.034512369550271 ], [ 92.868819542088261, 22.044640684619935 ], [ 92.867666330636723, 22.052231615596611 ], [ 92.867680788137932, 22.058738396759679 ], [ 92.865257358940028, 22.063345505790494 ], [ 92.860808731138093, 22.06561327313409 ], [ 92.854526035847925, 22.063646240881383 ], [ 92.846559770117381, 22.060387326214197 ], [ 92.842203545856989, 22.066177933165136 ], [ 92.83900889854192, 22.070062255268908 ], [ 92.834068971106205, 22.074407016770465 ], [ 92.823219457312177, 22.077761429546399 ], [ 92.817895787360783, 22.088428916061673 ], [ 92.814703951326351, 22.09367124143472 ], [ 92.80801851084567, 22.095755364518482 ], [ 92.800950615678403, 22.100372165543035 ], [ 92.792813842984515, 22.104360486147584 ], [ 92.786421882763761, 22.107070397081202 ], [ 92.780791193259006, 22.106808197040721 ], [ 92.77507232882499, 22.107981459776624 ], [ 92.76693878829451, 22.114047994019757 ], [ 92.767811741318837, 22.121269911577201 ], [ 92.763361634132195, 22.124523711799895 ], [ 92.749010242129032, 22.130946540350635 ], [ 92.740863730676665, 22.134204660017076 ], [ 92.735536913997464, 22.137279833297725 ], [ 92.730498170853934, 22.147859534290149 ], [ 92.715663820429029, 22.150934154487686 ], [ 92.705773597273776, 22.15183917283963 ], [ 92.697146607729849, 22.146688857105119 ], [ 92.698410104842537, 22.136749602012571 ], [ 92.697429855503515, 22.120762186725585 ], [ 92.694903079813344, 22.097722912982078 ], [ 92.695289246901268, 22.084620253921628 ], [ 92.691312426827096, 22.075670088503841 ], [ 92.688414571974988, 22.093205977174136 ], [ 92.687343757308611, 22.105495031270721 ], [ 92.681627118696611, 22.10377602214578 ], [ 92.682309207703838, 22.090489113581782 ], [ 92.683073454276553, 22.083991475825997 ], [ 92.683556937003118, 22.074954766849089 ], [ 92.68462332610568, 22.068353135089183 ], [ 92.685013122857413, 22.06157506983368 ], [ 92.684039981759781, 22.057056183396185 ], [ 92.684428297328111, 22.04847122186942 ], [ 92.687722793672037, 22.03943837458138 ], [ 92.68723540788784, 22.034201585434857 ], [ 92.685897563821584, 22.029191242881609 ], [ 92.685002915552161, 22.022357390880927 ], [ 92.682101173830176, 22.016397198771756 ], [ 92.678515670361946, 22.012689745435466 ], [ 92.669310357387133, 22.013239760006968 ], [ 92.660982635240487, 22.01405053030777 ], [ 92.642480565325911, 21.99679259330361 ], [ 92.638798272322447, 21.990830332753717 ], [ 92.627858391951293, 21.983597977664601 ], [ 92.61594349179876, 21.980069602730055 ], [ 92.610130730948526, 21.978982652427533 ], [ 92.608878874660377, 21.984048350950673 ], [ 92.61565233448772, 21.988472230309242 ], [ 92.610227488108137, 22.00166712114077 ], [ 92.59995533547044, 22.011059539865926 ], [ 92.602563003379942, 22.021269400962126 ], [ 92.605181196954732, 22.026330222461866 ], [ 92.603813253478904, 22.032926015823023 ], [ 92.59906927302859, 22.037717465188905 ], [ 92.598874130037132, 22.042595397859372 ], [ 92.602546628524124, 22.052171148779564 ], [ 92.602642036700672, 22.056872344882834 ], [ 92.601094719845491, 22.062020474365454 ], [ 92.595759473820692, 22.066089430882585 ], [ 92.594786536869265, 22.078916452232534 ], [ 92.583916620155946, 22.098519842716598 ], [ 92.57867794243316, 22.110170729795414 ], [ 92.573629744716982, 22.12019957804813 ], [ 92.569652434512307, 22.1251663502469 ], [ 92.56499162336479, 22.128235158126074 ], [ 92.569734917632388, 22.138270457215867 ], [ 92.574872892869791, 22.141973757482958 ], [ 92.5842755710608, 22.144054955072193 ], [ 92.592332546010255, 22.139724688843387 ], [ 92.595047055177531, 22.133855194261855 ], [ 92.597189728623164, 22.126891874960108 ], [ 92.608525087662713, 22.126538563703775 ], [ 92.609879499939041, 22.135758559909675 ], [ 92.61239302501815, 22.146143329251288 ], [ 92.614237420320762, 22.155088991763591 ], [ 92.614421790333438, 22.169100184625847 ], [ 92.612193208250005, 22.173882707321127 ], [ 92.60753946937109, 22.176776528713901 ], [ 92.602397795222146, 22.176048391719974 ], [ 92.599677935088664, 22.180837088261057 ], [ 92.600644916729607, 22.190775983624803 ], [ 92.601995702040085, 22.199906432535897 ], [ 92.600346792370658, 22.206595360587471 ], [ 92.594719988836459, 22.213008481855979 ], [ 92.59287120664095, 22.21788370396979 ], [ 92.592771111197862, 22.223754662647593 ], [ 92.594509149977341, 22.234692524040781 ], [ 92.593633455819372, 22.239932619095157 ], [ 92.592652674081705, 22.254653720592785 ], [ 92.589251949817708, 22.261881461260487 ], [ 92.585560376710077, 22.271095329485945 ], [ 92.579825382035835, 22.278690715704045 ], [ 92.581964503159327, 22.28709041868791 ], [ 92.583213774795922, 22.297389902621944 ], [ 92.583399375081171, 22.313201761252344 ], [ 92.580483540982698, 22.328380035810028 ], [ 92.5789147501157, 22.335877873465165 ], [ 92.575997367384673, 22.3450085939715 ], [ 92.574246433226392, 22.354853258371236 ], [ 92.568703712706224, 22.3661457791045 ], [ 92.565387167683696, 22.378426914670399 ], [ 92.565477860714736, 22.388002791495694 ], [ 92.56372797156871, 22.395235987450917 ], [ 92.560511066032916, 22.401017306203755 ], [ 92.556905181229183, 22.416097721033054 ], [ 92.55631066100824, 22.42884341489173 ], [ 92.555811336723878, 22.444650340740679 ], [ 92.552210937784594, 22.457116585562005 ], [ 92.550060214507369, 22.46940699313825 ], [ 92.549561948725, 22.478713092235466 ], [ 92.549648351090582, 22.490635291285741 ], [ 92.548077914464216, 22.508611114811174 ], [ 92.547281258123633, 22.523615630457016 ], [ 92.543085476513568, 22.541774646782585 ], [ 92.53889715837721, 22.55189056020123 ], [ 92.534804892331977, 22.557935585359019 ], [ 92.530135540322988, 22.562535337935572 ], [ 92.529345082109899, 22.567779769520826 ], [ 92.530020279612245, 22.572479941296308 ], [ 92.539252977842693, 22.57709063772279 ], [ 92.539052643964396, 22.585313779507374 ], [ 92.538358232446512, 22.59606223018784 ], [ 92.534938815773785, 22.61016101521875 ], [ 92.530556431134471, 22.616835380548423 ], [ 92.526856248816898, 22.62180308714278 ], [ 92.529183659198566, 22.62586976477786 ], [ 92.535020231398619, 22.629766073945234 ], [ 92.532477131214705, 22.636362125411836 ], [ 92.527024947243603, 22.642225888613893 ], [ 92.52700898967322, 22.653519136898694 ], [ 92.526421865476777, 22.661924542483689 ], [ 92.522205713323046, 22.6851345462224 ], [ 92.520626827566105, 22.701218595461853 ], [ 92.51778788999917, 22.712331580038438 ], [ 92.51525675619439, 22.720271342748333 ], [ 92.510465557739337, 22.735090751836765 ], [ 92.503248081034144, 22.742397960197763 ], [ 92.497003301161499, 22.745460007873135 ], [ 92.490873049052027, 22.745819920153224 ], [ 92.485612448555742, 22.746258131008005 ], [ 92.480539042842622, 22.750681205473313 ], [ 92.477406876825967, 22.764867959488811 ], [ 92.475530244425272, 22.779679320544233 ], [ 92.47220281490803, 22.788975708761996 ], [ 92.468973356635161, 22.79638259797855 ], [ 92.467017793436469, 22.804237042905243 ], [ 92.465155151788906, 22.808843688785259 ], [ 92.461161357011065, 22.812543898981801 ], [ 92.4564723754998, 22.817059163849365 ], [ 92.455779631324958, 22.823737324318131 ], [ 92.456060698242709, 22.82834561415882 ], [ 92.46268428784964, 22.830704005285668 ], [ 92.462392892218247, 22.835581256270018 ], [ 92.458774567092632, 22.840817416790401 ], [ 92.46470977693474, 22.846971707778152 ], [ 92.462267244337909, 22.850946523263474 ], [ 92.459918835685755, 22.855280998319472 ], [ 92.463029273182485, 22.861880115574934 ], [ 92.458445067186176, 22.863858411836304 ], [ 92.456970634986874, 22.869093968012237 ], [ 92.458622838872998, 22.873432543976776 ], [ 92.454420192737757, 22.878309795860446 ], [ 92.451492229482881, 22.882278018415889 ], [ 92.449138406012707, 22.887243670059377 ], [ 92.448643528875834, 22.892659875752713 ], [ 92.443278054838402, 22.893472224363734 ], [ 92.44084708302654, 22.890482342785958 ], [ 92.436662745289539, 22.888304067878494 ], [ 92.429040055654127, 22.900223108509692 ], [ 92.422281071314444, 22.911324458556976 ], [ 92.421692075628869, 22.916655821309178 ], [ 92.415744773502581, 22.918180289089094 ], [ 92.403853812403554, 22.912735179185233 ], [ 92.402386424593885, 22.916344820457141 ], [ 92.401298768323556, 22.922578820156502 ], [ 92.401777952290729, 22.927818074344714 ], [ 92.397479991508476, 22.929532845864173 ], [ 92.389193211897293, 22.929241385481589 ], [ 92.38382945106838, 22.928777951341431 ], [ 92.375432492815378, 22.933729198543745 ], [ 92.375224515598973, 22.940149929875417 ], [ 92.374820519451475, 22.944666318895543 ], [ 92.37705205850574, 22.950183276537018 ], [ 92.377810276023467, 22.957315680074601 ], [ 92.378382479567847, 22.962649093281073 ], [ 92.376031844194301, 22.966799580536247 ], [ 92.373979717190252, 22.970678397889799 ], [ 92.379237445251931, 22.975204540057518 ], [ 92.383809213624374, 22.978288897214895 ], [ 92.386138652876582, 22.983985086142866 ], [ 92.385740384511223, 22.989136568298022 ], [ 92.387879745753708, 22.993200453538122 ], [ 92.389029802383504, 22.999982018055732 ], [ 92.391167848817247, 23.005497342528372 ], [ 92.385886397539252, 23.012801436537131 ], [ 92.3843074910979, 23.017406759514415 ], [ 92.385080437712077, 23.02174859731997 ], [ 92.388289091068771, 23.025813163346868 ], [ 92.391009226394715, 23.029885172163006 ], [ 92.387298077744163, 23.035753047964818 ], [ 92.388648535701407, 23.039916056480877 ], [ 92.393023334559302, 23.044890752606193 ], [ 92.396722157101919, 23.051311806794502 ], [ 92.396715729647269, 23.055017001933152 ], [ 92.392990164864273, 23.063044744419471 ], [ 92.391130517959084, 23.066385797766429 ], [ 92.389169610089482, 23.07081434460639 ], [ 92.38778830088944, 23.075507558327217 ], [ 92.38670073904791, 23.081554249928729 ], [ 92.386100334562855, 23.088152812302496 ], [ 92.380634670653592, 23.088681589383896 ], [ 92.376634097685496, 23.087228016959443 ], [ 92.373199228861381, 23.092190093797853 ], [ 92.373768536588727, 23.099326536190745 ], [ 92.369469311359694, 23.101668768299078 ], [ 92.366625999490338, 23.105186577098891 ], [ 92.366425719571339, 23.10906930380537 ], [ 92.367973751387581, 23.115307997066452 ], [ 92.370986795903946, 23.120817309571237 ], [ 92.373698890391552, 23.126154614144184 ], [ 92.3725182900871, 23.130133365962138 ], [ 92.36695059359505, 23.131656606167496 ], [ 92.363426214348351, 23.138425965086242 ], [ 92.365758275124335, 23.142763590467382 ], [ 92.367981353356811, 23.149000615486045 ], [ 92.367480286186321, 23.155868303579382 ], [ 92.365513598373923, 23.162097253585443 ], [ 92.364121184345265, 23.170317833201466 ], [ 92.365464138359357, 23.178177175836026 ], [ 92.365263007681733, 23.182787985577136 ], [ 92.363691186998722, 23.18739240473576 ], [ 92.359481111564094, 23.190808489420306 ], [ 92.358883030927188, 23.194876078967923 ], [ 92.35984208324561, 23.19912216415662 ], [ 92.361684942506145, 23.20571842426591 ], [ 92.361474021808704, 23.213223475383131 ], [ 92.359997890790112, 23.218365496670401 ], [ 92.358595358489083, 23.228119028270612 ], [ 92.357410832643893, 23.234173295761025 ], [ 92.362389981312674, 23.237612001092998 ], [ 92.368549575602515, 23.237266007620178 ], [ 92.373529254871301, 23.238448665573515 ], [ 92.388193932004413, 23.238484357866867 ], [ 92.393954477317322, 23.240298428929407 ], [ 92.397863689058056, 23.23885654499361 ], [ 92.405878789774363, 23.238244544650058 ], [ 92.405479275847938, 23.242492690185543 ], [ 92.401260685632167, 23.247452113124552 ], [ 92.39890826510441, 23.252416458053119 ], [ 92.39791569775133, 23.256481814584106 ], [ 92.395660884242488, 23.259903504743022 ], [ 92.393107538082461, 23.263606018103303 ], [ 92.3945744006881, 23.265554961392411 ], [ 92.396231593113612, 23.2677702982607 ], [ 92.399840455572644, 23.27165945062319 ], [ 92.397377248461282, 23.27824594319577 ], [ 92.393850620010141, 23.281403691327341 ], [ 92.391693221065339, 23.286372806260033 ], [ 92.388056149571696, 23.294404395146785 ], [ 92.389308993315467, 23.300819860048534 ], [ 92.391843679442331, 23.307239542770731 ], [ 92.388789601558926, 23.313099737462949 ], [ 92.387024576822796, 23.317523638405248 ], [ 92.383496236961832, 23.321041823121675 ], [ 92.376742351778148, 23.321390206093213 ], [ 92.373102274750238, 23.328517925062215 ], [ 92.375637906064583, 23.332224412526671 ], [ 92.379645043184269, 23.334766693428207 ], [ 92.384810971149477, 23.341007166447639 ], [ 92.3859815359192, 23.345980308544426 ], [ 92.386545810141058, 23.35131472989093 ], [ 92.385359509034174, 23.360075794862098 ], [ 92.38132950215487, 23.366481947284115 ], [ 92.378962768916722, 23.372165692292924 ], [ 92.370647694835327, 23.372869348841448 ], [ 92.365454172971738, 23.375117077491211 ], [ 92.367791915664441, 23.37973202501297 ], [ 92.365049892638467, 23.383694201426295 ], [ 92.35985565671325, 23.386309203307121 ], [ 92.362189476563174, 23.391460734025713 ], [ 92.361981457078627, 23.395796980746127 ], [ 92.357667351667033, 23.396875283167844 ], [ 92.356973531003689, 23.401473016766374 ], [ 92.359011279646893, 23.406091637119403 ], [ 92.361357867171876, 23.409799915134045 ], [ 92.361152767786052, 23.413951290020066 ], [ 92.355766243317532, 23.414298299726795 ], [ 92.350958746449066, 23.419620158443593 ], [ 92.351422066375335, 23.426220107571964 ], [ 92.349854223393777, 23.430639015478221 ], [ 92.347976339136778, 23.434699232383707 ], [ 92.342400920166369, 23.432068267536579 ], [ 92.336633286397102, 23.429521864142771 ], [ 92.332529653820529, 23.429514361098938 ], [ 92.332124179187588, 23.435572290628784 ], [ 92.33191169546842, 23.441080660644047 ], [ 92.331499804172665, 23.447127480848621 ], [ 92.331674859007592, 23.453182219583823 ], [ 92.334201240794698, 23.459779216237905 ], [ 92.334772972194969, 23.464209362072438 ], [ 92.328991115647511, 23.467270441177959 ], [ 92.326710219101415, 23.467429673340803 ], [ 92.324003428815274, 23.467618553453519 ], [ 92.323006736271907, 23.471313664494062 ], [ 92.328968543563519, 23.476304135627402 ], [ 92.329345422453343, 23.480636846213542 ], [ 92.325619418801182, 23.484876509343508 ], [ 92.325151996167733, 23.488758504001794 ], [ 92.324510514248914, 23.494085710087518 ], [ 92.325169262251734, 23.503752855509902 ], [ 92.323873595490113, 23.509260943138088 ], [ 92.321105910309598, 23.518109704599226 ], [ 92.324222928145673, 23.527060423100124 ], [ 92.319702267345804, 23.531289972454317 ], [ 92.313124765295754, 23.534347468660826 ], [ 92.312900442001876, 23.544280114635626 ], [ 92.315025160482833, 23.553868082845781 ], [ 92.313710908331814, 23.567050237478554 ], [ 92.31052811767853, 23.583212005229882 ], [ 92.310021568240813, 23.590440333154902 ], [ 92.304031996179731, 23.59285805075848 ], [ 92.299228333121107, 23.59392956329873 ], [ 92.295001416981847, 23.59663467904727 ], [ 92.293888486164747, 23.606837520035583 ], [ 92.294846901763151, 23.615241747508719 ], [ 92.301795291419637, 23.61968495149938 ], [ 92.302266691754483, 23.62375123073474 ], [ 92.298634954139857, 23.625548702110962 ], [ 92.290897727748018, 23.625164692496639 ], [ 92.284125880405099, 23.626230211055429 ], [ 92.284684639984221, 23.634181378068206 ], [ 92.279868753340338, 23.637783677274911 ], [ 92.279269454122073, 23.643473158159793 ], [ 92.283543927310461, 23.652511785390629 ], [ 92.288911548928922, 23.662382166803582 ], [ 92.292897219231349, 23.671060252228926 ], [ 92.29464082661292, 23.678744988790243 ], [ 92.295981711287027, 23.687416570318533 ], [ 92.294791868649895, 23.693648222787317 ], [ 92.292017964657418, 23.70185860948726 ], [ 92.287785741618734, 23.704653653843081 ], [ 92.285127446374588, 23.709700042123302 ], [ 92.282359447330691, 23.715020845935328 ], [ 92.276562145826404, 23.719159366811368 ], [ 92.268483749925167, 23.724393941827032 ], [ 92.265801155898657, 23.737139722020629 ], [ 92.267736256822843, 23.754792870594542 ], [ 92.2665854024944, 23.760290611522578 ], [ 92.267494867094513, 23.764901918588748 ], [ 92.26726525938426, 23.768361300233892 ], [ 92.263233451162876, 23.790034100893081 ], [ 92.263040542087424, 23.798117229926277 ], [ 92.261836168204638, 23.803268028596676 ], [ 92.260165715275605, 23.805467993353261 ], [ 92.258906800208706, 23.813382580441782 ], [ 92.26899109886017, 23.81614811624263 ], [ 92.276151976732422, 23.81357145695722 ], [ 92.27859817586517, 23.815050238277934 ], [ 92.27962165561496, 23.814086737013326 ], [ 92.280267635942721, 23.813478595660683 ], [ 92.283209838163543, 23.814619522373107 ], [ 92.285333594369945, 23.814025730603021 ], [ 92.286281087702093, 23.815114288893369 ], [ 92.285198729337935, 23.820958260715202 ], [ 92.282954765250281, 23.821773969193373 ], [ 92.283219091288117, 23.822667687563808 ], [ 92.281093942031873, 23.824502749702162 ], [ 92.281573763618383, 23.829236409532712 ], [ 92.276612059099307, 23.834925067537881 ], [ 92.275392336487187, 23.838274536740528 ], [ 92.273462970539697, 23.840021906885568 ], [ 92.274270043727597, 23.8474099939761 ], [ 92.276103395355449, 23.85126523650149 ], [ 92.284757269232671, 23.855651788599232 ], [ 92.287299391853537, 23.861352059549972 ], [ 92.287330406772924, 23.865275779153933 ], [ 92.291491496135677, 23.869759749412935 ], [ 92.293429040517879, 23.869629199328131 ], [ 92.294665186549196, 23.868411192622489 ], [ 92.294572522204192, 23.863789820343982 ], [ 92.300135977493426, 23.864735670614778 ], [ 92.303745866978261, 23.862110847237886 ], [ 92.306810926483138, 23.862153094689631 ], [ 92.309361970378689, 23.860919017998356 ], [ 92.315050825335391, 23.861755021477109 ], [ 92.319063081396166, 23.863460662179875 ], [ 92.319696427148472, 23.864091425978586 ], [ 92.317706896556103, 23.865314722496521 ], [ 92.318020929922056, 23.866236999737794 ], [ 92.320540907636826, 23.867571752834181 ], [ 92.321467006097521, 23.868062250272658 ], [ 92.321625381206445, 23.872040751179782 ], [ 92.319911716752358, 23.876264669878651 ], [ 92.318533279986923, 23.875934516165046 ], [ 92.316605646133723, 23.877439424589795 ], [ 92.316922765972947, 23.879202189329646 ], [ 92.317001129298717, 23.879637672540582 ], [ 92.316654552165915, 23.879746366401719 ], [ 92.316059118233795, 23.879933121416457 ], [ 92.315765941944733, 23.881549231911549 ], [ 92.316641370802699, 23.882349790410558 ], [ 92.318828480649927, 23.8819331659829 ], [ 92.319034438888309, 23.884357060130299 ], [ 92.317794066043348, 23.886213543220492 ], [ 92.318492296082638, 23.88742359901994 ], [ 92.31830224775058, 23.887945460314768 ], [ 92.318010246875474, 23.888747403769742 ], [ 92.318645790570827, 23.889116172573381 ], [ 92.319432251297428, 23.888108153068856 ], [ 92.32019710940915, 23.889486325433609 ], [ 92.321072268470459, 23.889649177367687 ], [ 92.322545077393443, 23.902403054157674 ], [ 92.323580652125429, 23.902865838987339 ], [ 92.325295491094096, 23.902671203213515 ], [ 92.327250516498225, 23.904505750040357 ], [ 92.329369540471987, 23.903743113254109 ], [ 92.330004827860591, 23.905815757391338 ], [ 92.330663311462729, 23.910026582860553 ], [ 92.328907907673852, 23.917080545730641 ], [ 92.330180948392126, 23.91967245032339 ], [ 92.329188996175276, 23.921344753157882 ], [ 92.327448353858529, 23.922229408160717 ], [ 92.320707026807895, 23.924355831756259 ], [ 92.317621125514563, 23.928591056731932 ], [ 92.312960937597268, 23.932772601174634 ], [ 92.312262441358655, 23.939477725116944 ], [ 92.312967200475953, 23.941544679243577 ], [ 92.312251343724597, 23.942310561683144 ], [ 92.310794861993372, 23.943868881743526 ], [ 92.312198931235741, 23.955694567350463 ], [ 92.311033133772185, 23.958820388650054 ], [ 92.312208029676867, 23.959065551034428 ], [ 92.312208068347729, 23.959065559128305 ], [ 92.312911319301975, 23.959212300607248 ], [ 92.312233335699943, 23.968453211446615 ], [ 92.314785094556555, 23.969403217484569 ], [ 92.314566970289491, 23.970402964125526 ], [ 92.317255624847292, 23.970322885792598 ], [ 92.319222458349827, 23.973540828246655 ], [ 92.321655637098047, 23.973469706261994 ], [ 92.322321436685002, 23.978024171678214 ], [ 92.323554720174229, 23.977882404349543 ], [ 92.325100830139263, 23.981474771443573 ], [ 92.327364798746544, 23.982900788640507 ], [ 92.327307914828452, 23.983938376055278 ], [ 92.326738333707169, 23.984419826313967 ], [ 92.325386671557681, 23.985683253279547 ], [ 92.328647891187302, 23.987854029639834 ], [ 92.326841301584864, 24.000127868106688 ], [ 92.327054240360951, 24.002412375430822 ], [ 92.324247244015169, 24.004734741515165 ], [ 92.316758900502919, 24.015848254893115 ], [ 92.317036628237872, 24.016992396681815 ], [ 92.318472963356612, 24.017413363935646 ], [ 92.320513716634764, 24.016123589532071 ], [ 92.321346185777884, 24.016990192443473 ], [ 92.317961147489029, 24.020801022848957 ], [ 92.318724393116327, 24.023686000308714 ], [ 92.316330905946586, 24.026182857353035 ], [ 92.3189127812999, 24.02845462038448 ], [ 92.318965920440917, 24.029485681419089 ], [ 92.313768944281435, 24.032929113587784 ], [ 92.316848544924483, 24.035722491499826 ], [ 92.317181457758124, 24.037731724439595 ], [ 92.315077303175087, 24.043107811376444 ], [ 92.314915232751844, 24.046896884483658 ], [ 92.316478311125195, 24.049560563069576 ], [ 92.318690199992773, 24.048321683998552 ], [ 92.319958334009982, 24.049372845780283 ], [ 92.318257994810665, 24.055497535582845 ], [ 92.321408668875051, 24.056919335858709 ], [ 92.318743198839627, 24.059528071263514 ], [ 92.316458350672406, 24.064962600643582 ], [ 92.317842228336247, 24.067280012362744 ], [ 92.318848266634234, 24.067693654638504 ], [ 92.320857567023154, 24.066877727625069 ], [ 92.322981691951554, 24.067802382673847 ], [ 92.322545284237549, 24.069982020953546 ], [ 92.323307795118694, 24.071482875234551 ], [ 92.324788980327241, 24.071960497079317 ], [ 92.327000870094139, 24.07267376558184 ], [ 92.326683839287796, 24.074624348335078 ], [ 92.325985717167157, 24.074713771523363 ], [ 92.322555807204822, 24.075153152396126 ], [ 92.32248394597741, 24.075665094168812 ], [ 92.327749918124255, 24.07877238223972 ], [ 92.328740261453959, 24.080340289073149 ], [ 92.328110126281388, 24.083074379179322 ], [ 92.328463406061417, 24.08729325358081 ], [ 92.327618452529634, 24.091939392289191 ], [ 92.329868934903459, 24.094152297390679 ], [ 92.33122653977307, 24.096922540243099 ], [ 92.328034358398952, 24.09676819589555 ], [ 92.329395701750286, 24.099316190190052 ], [ 92.329132735487406, 24.10104288941784 ], [ 92.332000155482831, 24.103435052785528 ], [ 92.332052307168283, 24.104983779777683 ], [ 92.329016032264121, 24.108512376844772 ], [ 92.331572225677746, 24.109917116082102 ], [ 92.33138199748123, 24.111298241820464 ], [ 92.328284474249131, 24.114082880120861 ], [ 92.327960283940001, 24.122756704558299 ], [ 92.330754691575805, 24.126122920936098 ], [ 92.328480418536572, 24.12788223947382 ], [ 92.328963821223454, 24.129779755031734 ], [ 92.327873389645276, 24.133334171634772 ], [ 92.327966005426845, 24.13678145559976 ], [ 92.328959786864743, 24.138007315185519 ], [ 92.332029473381567, 24.138612802638761 ], [ 92.332002983850657, 24.142178575880621 ], [ 92.332968829647825, 24.142763294390591 ], [ 92.335019246141371, 24.141697552799883 ], [ 92.336013469146337, 24.142507183659632 ], [ 92.336558240670342, 24.144936187754922 ], [ 92.334074182777385, 24.148981710637486 ], [ 92.33158457786601, 24.161716882428209 ], [ 92.329192097037719, 24.162671992118817 ], [ 92.328296562936089, 24.164264719341361 ], [ 92.329671954597075, 24.172797168554553 ], [ 92.32975041415034, 24.178200771148738 ], [ 92.330547533641834, 24.180216382080403 ], [ 92.33015658665721, 24.182974915759814 ], [ 92.326813007114652, 24.18426297335759 ], [ 92.326812968443789, 24.184262981451468 ], [ 92.329375625284911, 24.186296047324788 ], [ 92.328607232837612, 24.187270753242728 ], [ 92.329218732258767, 24.189289910201239 ], [ 92.324536271731631, 24.192911282229943 ], [ 92.324323059561607, 24.194408935823787 ], [ 92.325335137706475, 24.1956824369949 ], [ 92.324948931947688, 24.197176286456511 ], [ 92.323812176290971, 24.197997674153385 ], [ 92.320018552614158, 24.20073885991053 ], [ 92.320006402773345, 24.202456821325313 ], [ 92.323138156001164, 24.20273229266121 ], [ 92.323138195571346, 24.202732296258489 ], [ 92.324590404623507, 24.202860047653132 ], [ 92.324391586102877, 24.203943685752563 ], [ 92.318772667824419, 24.207157314158792 ], [ 92.315911157274172, 24.211385131418751 ], [ 92.312538106048805, 24.209155658107193 ], [ 92.309551830752469, 24.212975287479594 ], [ 92.309485825910201, 24.21429076900381 ], [ 92.313400004606592, 24.219282419148385 ], [ 92.313570602401455, 24.221070987236317 ], [ 92.30322340943286, 24.219799291004506 ], [ 92.30069879391425, 24.220228252332049 ], [ 92.300917198769753, 24.222049330012624 ], [ 92.300995222151812, 24.222700235027901 ], [ 92.301746800874241, 24.223286965321222 ], [ 92.297460075322249, 24.22542205118674 ], [ 92.299009831138846, 24.227562238006954 ], [ 92.29931044661987, 24.229812202371306 ], [ 92.296143819481756, 24.232018855385945 ], [ 92.29613054998498, 24.234254626649772 ], [ 92.296671047930602, 24.236277106603211 ], [ 92.294709053679924, 24.238902659330336 ], [ 92.293928899898845, 24.242510020820873 ], [ 92.295148408472357, 24.246204336860728 ], [ 92.295985492036891, 24.246906156993589 ], [ 92.29696209642367, 24.24772497892468 ], [ 92.296465946746082, 24.249918609756094 ], [ 92.303367188544996, 24.25086931186928 ], [ 92.310350712015804, 24.249513718783135 ], [ 92.313922793102506, 24.250758808572186 ], [ 92.376299566072191, 24.249358721527813 ], [ 92.395449865518913, 24.250547529045264 ], [ 92.406567364692194, 24.249932357692217 ], [ 92.416177717028063, 24.251412106683404 ], [ 92.422079309312721, 24.251077224334495 ], [ 92.422237979399313, 24.246134863333339 ], [ 92.419748381682552, 24.233172721543895 ], [ 92.418202128725341, 24.219639667636613 ], [ 92.417887690664429, 24.208895610144339 ], [ 92.419392748376708, 24.200456033019577 ], [ 92.418626249901592, 24.192343757858168 ], [ 92.421798535573998, 24.186514539414532 ], [ 92.432818299125245, 24.181231829984995 ], [ 92.433840145706199, 24.179343821160444 ], [ 92.434069658987653, 24.172107723992326 ], [ 92.437360245079333, 24.168457236412394 ], [ 92.437741343588186, 24.167083242297849 ], [ 92.434840191821479, 24.160559014287116 ], [ 92.43616204054581, 24.150393559914903 ], [ 92.43704037421395, 24.149319065222755 ], [ 92.438359712930492, 24.14920965010532 ], [ 92.441425560241498, 24.150802679500089 ], [ 92.443489148205686, 24.151048639583109 ], [ 92.450202473065758, 24.141635279244781 ], [ 92.45678614536439, 24.141425778576888 ], [ 92.462610453509683, 24.134295863463365 ], [ 92.464371949306098, 24.134545133950837 ], [ 92.465505228183815, 24.132668700300314 ], [ 92.466384423402474, 24.132957692043931 ], [ 92.46812634635387, 24.135915276269031 ], [ 92.470717459543209, 24.136975693873239 ], [ 92.472883515362014, 24.137862123238449 ], [ 92.472866441732947, 24.139929661025064 ], [ 92.474366696166157, 24.140805850709512 ], [ 92.479143723104414, 24.138789679500178 ], [ 92.480407395584905, 24.139201988980631 ], [ 92.481022659568168, 24.140822901855472 ], [ 92.478292251286405, 24.146596947790954 ], [ 92.480165060669094, 24.147992784639371 ], [ 92.480211203084593, 24.150186952366028 ], [ 92.482468472641983, 24.150604012964891 ], [ 92.48308943742768, 24.151817466402974 ], [ 92.480749038137674, 24.15495975249064 ], [ 92.482190771886678, 24.154971537206734 ], [ 92.483501164147469, 24.156018077372437 ], [ 92.484435179340096, 24.157183063647494 ], [ 92.484490085648986, 24.159256405658653 ], [ 92.485420059288344, 24.160070314593384 ], [ 92.487618370191683, 24.160087553697679 ], [ 92.494284389812776, 24.157801440184357 ], [ 92.499675192356278, 24.158373846076188 ], [ 92.501989248704945, 24.159952988139935 ], [ 92.502783739478048, 24.164506020936187 ], [ 92.50441306191334, 24.165151789023867 ], [ 92.506299502320246, 24.164653409027665 ], [ 92.509077340846659, 24.160721798772045 ], [ 92.512341501259357, 24.160406478476261 ], [ 92.511520458002792, 24.16264152488651 ], [ 92.50816338143494, 24.167036719469081 ], [ 92.513246927004161, 24.167086062571798 ], [ 92.514309628886338, 24.168018401428128 ], [ 92.513095771652615, 24.171397250582686 ], [ 92.514662559729402, 24.173312416235092 ], [ 92.517104634571297, 24.174023437331812 ], [ 92.521265135777469, 24.170736600513749 ], [ 92.524910789501405, 24.170715847758231 ], [ 92.529159824466376, 24.172594284198908 ], [ 92.529402507419832, 24.174212964956439 ], [ 92.531030397235099, 24.175200759607435 ], [ 92.53239707446545, 24.178320197519156 ], [ 92.532456093374094, 24.178350661154127 ], [ 92.532964651897203, 24.178613434062754 ], [ 92.532627072481489, 24.179063125662765 ], [ 92.532608111175477, 24.17908845776617 ], [ 92.530992739923079, 24.181240844789215 ], [ 92.537253275018713, 24.19409225125645 ], [ 92.537326942984066, 24.194243524419164 ], [ 92.537311677891694, 24.194280974887135 ], [ 92.535926638303749, 24.197672358792374 ], [ 92.53679951038913, 24.199699633031685 ], [ 92.536821726341657, 24.199722581032347 ], [ 92.54098669268177, 24.203991042252824 ], [ 92.541957590870197, 24.208376923456285 ], [ 92.541754865694543, 24.211936716206537 ], [ 92.545295745702163, 24.217658415303674 ], [ 92.546908952286401, 24.222164969337939 ], [ 92.546914799678348, 24.222273361026851 ], [ 92.547308761190436, 24.229634570978703 ], [ 92.546479145596152, 24.23250825655083 ], [ 92.546649026631314, 24.23544127849226 ], [ 92.546668594979735, 24.235503974728715 ], [ 92.548377553281512, 24.240973908619026 ], [ 92.548497195489233, 24.241149852883439 ], [ 92.550189705190803, 24.243638253602569 ], [ 92.557922866647061, 24.245487268722513 ], [ 92.558469640061901, 24.245618021154826 ], [ 92.564107689618254, 24.247804642670189 ], [ 92.581338816033565, 24.243035162842546 ], [ 92.587504585068586, 24.242517253168728 ], [ 92.590886053948282, 24.243640130487677 ], [ 92.593067460295117, 24.246250758965402 ], [ 92.593566865518483, 24.246400051821013 ], [ 92.595451133163351, 24.246963123649266 ], [ 92.603348202357722, 24.246856658308161 ], [ 92.605440743095869, 24.246828317073209 ], [ 92.605441319561294, 24.246828308080012 ], [ 92.607438754295117, 24.247715593599821 ], [ 92.611070285964956, 24.250971734757798 ], [ 92.612563707349295, 24.253455976112434 ], [ 92.614979801676554, 24.261238263035466 ], [ 92.614984179576311, 24.261343708545382 ], [ 92.615262734687519, 24.268144317106589 ], [ 92.615271628982555, 24.268184938584113 ], [ 92.61630055232871, 24.272921996952675 ], [ 92.618527753053399, 24.278926127239004 ], [ 92.618535312754545, 24.279039565923256 ], [ 92.618891233843442, 24.284387884493299 ], [ 92.618890886705117, 24.284388556286899 ], [ 92.618800137916082, 24.284691971357461 ], [ 92.618564444493586, 24.285480261305054 ], [ 92.618202928722269, 24.28571556891842 ], [ 92.618064202900712, 24.28580594358948 ], [ 92.616739054563766, 24.286668252238087 ], [ 92.616291620262132, 24.28884314659399 ], [ 92.616312025879324, 24.288956134717921 ], [ 92.617817669949545, 24.29731567128124 ], [ 92.617815269659047, 24.297359493445924 ], [ 92.617547145784215, 24.301969886800862 ], [ 92.61754781398048, 24.30197164947208 ], [ 92.617564616014249, 24.302014081284881 ], [ 92.619163569243369, 24.306059530423056 ], [ 92.618963405336956, 24.309110877065393 ], [ 92.622617830148783, 24.317882080993286 ], [ 92.622620504732538, 24.317985242225177 ], [ 92.622887595286329, 24.328353321948327 ], [ 92.622897220730238, 24.328373092644142 ], [ 92.622959786564934, 24.328501164197405 ], [ 92.62381553286059, 24.330255237888991 ], [ 92.62570239235157, 24.332055299312685 ], [ 92.629963247106218, 24.331000638268904 ], [ 92.630165323870642, 24.330950596392938 ], [ 92.635426186969028, 24.333302431462073 ], [ 92.63555861573758, 24.333286446012721 ], [ 92.637256107683299, 24.333082205479457 ], [ 92.637759907893496, 24.331995963842701 ], [ 92.636741718855319, 24.331881922612695 ], [ 92.636632982726042, 24.331869788060317 ], [ 92.636071321034706, 24.331806928147273 ], [ 92.636206677096538, 24.330256365638832 ], [ 92.638788109983352, 24.329311109819912 ], [ 92.639356853835807, 24.327294859470214 ], [ 92.640492756935259, 24.326274354677764 ], [ 92.644526245090219, 24.325218538005174 ], [ 92.644616062181569, 24.325370107044876 ], [ 92.64545139116882, 24.326780854652782 ], [ 92.644755932840098, 24.329357558904292 ], [ 92.648233747889208, 24.326542996562068 ], [ 92.648341789741835, 24.32645554558701 ], [ 92.648536885968554, 24.326297558085912 ], [ 92.649289069035376, 24.326762619998988 ], [ 92.649262055199756, 24.326876373445941 ], [ 92.648906783421353, 24.328368149970174 ], [ 92.649857786807502, 24.328176631246606 ], [ 92.649896571869363, 24.328168812540696 ], [ 92.651355662533831, 24.327874820566592 ], [ 92.651538478518034, 24.330402322009604 ], [ 92.651907915517938, 24.332824261030851 ], [ 92.655972378122783, 24.336651583204059 ], [ 92.657093466690185, 24.339076168030772 ], [ 92.657023885244143, 24.341037255764775 ], [ 92.657922675790928, 24.340985197608859 ], [ 92.657967396378297, 24.340982642634913 ], [ 92.658672555693954, 24.341511344173227 ], [ 92.660222304315937, 24.342673261062203 ], [ 92.66037538421665, 24.342499831302234 ], [ 92.660445011528111, 24.342420995832356 ], [ 92.661734128527257, 24.340960520211866 ], [ 92.662737673904587, 24.341314531140767 ], [ 92.663607704132289, 24.344256881749743 ], [ 92.664742726795453, 24.342718443001786 ], [ 92.666499079369089, 24.343132738185375 ], [ 92.674280680109348, 24.347290643948099 ], [ 92.679122307148816, 24.34526564589288 ], [ 92.683269753796139, 24.344957349302263 ], [ 92.68351239717947, 24.347368837302042 ], [ 92.687469744233397, 24.349477868908593 ], [ 92.69015612260705, 24.352262667288301 ], [ 92.691158898164701, 24.353883323856337 ], [ 92.691160882968461, 24.353997375878237 ], [ 92.691261184356222, 24.359630158105347 ], [ 92.693393142379648, 24.361087883598998 ], [ 92.693700559433353, 24.362414632729156 ], [ 92.69274182907219, 24.365279303497118 ], [ 92.694498191538344, 24.367022320024091 ], [ 92.69636977064846, 24.371462581433036 ], [ 92.697749238936296, 24.372402293830874 ], [ 92.701894104529345, 24.372667246696153 ], [ 92.703591377040482, 24.373656792327154 ], [ 92.702926767256542, 24.381237944075906 ], [ 92.706947708070345, 24.384439083596874 ], [ 92.706947102826575, 24.38455524362962 ], [ 92.706921011695385, 24.389843014443613 ], [ 92.70693403477793, 24.389867687343951 ], [ 92.713720956556983, 24.402722941110881 ], [ 92.713720431352897, 24.402824779440095 ], [ 92.713695966195928, 24.40778468621437 ], [ 92.713709039640548, 24.407803977571575 ], [ 92.717640642701554, 24.413624667744273 ], [ 92.723291320538067, 24.433341833259021 ], [ 92.730072915632604, 24.450129000353115 ], [ 92.743146274780827, 24.471978274977459 ], [ 92.748373314377034, 24.485879651624657 ], [ 92.750870919657302, 24.491707254885966 ], [ 92.754057290511582, 24.498467018937845 ], [ 92.754046363748728, 24.498543779671763 ], [ 92.753218920916538, 24.504379927391767 ], [ 92.753246308870132, 24.504403176665335 ], [ 92.758738340002424, 24.509082789039553 ], [ 92.764067281779717, 24.516142750387644 ], [ 92.76474816749402, 24.51816375815099 ], [ 92.778657654227402, 24.483787328522453 ], [ 92.780774757249333, 24.475676976111629 ], [ 92.78171235983757, 24.472084385086362 ], [ 92.782108215321955, 24.471422951707893 ], [ 92.783869571723415, 24.468479136103326 ], [ 92.785718815271139, 24.461016284773791 ], [ 92.789335165485568, 24.453345942761075 ], [ 92.793339914905232, 24.441309133209984 ], [ 92.796745137578114, 24.43307739840327 ], [ 92.797203215356149, 24.431969864417738 ], [ 92.797517210950559, 24.431628316293825 ], [ 92.799727600648282, 24.429223600189061 ], [ 92.802260027678187, 24.424530365783824 ], [ 92.802717905806787, 24.423118817779255 ], [ 92.803654789836742, 24.420230119824225 ], [ 92.803216030395561, 24.418967619160355 ], [ 92.799453648267331, 24.418705905653098 ], [ 92.799453665354406, 24.418705849895105 ], [ 92.799453517865629, 24.418705840002588 ], [ 92.800208833271085, 24.416299011390322 ], [ 92.800208873740587, 24.416299007793043 ], [ 92.800223528193328, 24.416297645320128 ] ] ] } },
{ "type": "Feature", "properties": { "ST_NM": "Nagaland" }, "geometry": { "type": "Polygon", "coordinates": [ [ [ 95.214582498483594, 26.930948730499551 ], [ 95.217187899202258, 26.928180378022091 ], [ 95.225688943190221, 26.92839434832058 ], [ 95.22943644063929, 26.924580716526918 ], [ 95.231959700879543, 26.920072372841787 ], [ 95.234046888852902, 26.914519863201178 ], [ 95.234035116727341, 26.912676204443358 ], [ 95.232042651647134, 26.911811234700792 ], [ 95.232162341518915, 26.908752661106462 ], [ 95.234167885439604, 26.903550149619775 ], [ 95.233837641793798, 26.899800137666261 ], [ 95.231375830430295, 26.892244237981231 ], [ 95.233889903196541, 26.884726495631298 ], [ 95.229967859029557, 26.879545871844584 ], [ 95.217885810881512, 26.880776562588323 ], [ 95.212891955599332, 26.879518889485212 ], [ 95.211407942022959, 26.8756451640931 ], [ 95.206471513849351, 26.871787863918826 ], [ 95.184545929051467, 26.858774297995524 ], [ 95.185804936748468, 26.853570679443351 ], [ 95.193058844989764, 26.8450755691822 ], [ 95.195612793695545, 26.843514408163458 ], [ 95.197327158721464, 26.843283169083065 ], [ 95.19772459251601, 26.845422397225889 ], [ 95.204234783008872, 26.842815526115714 ], [ 95.208593484002165, 26.844588209478331 ], [ 95.20639688271001, 26.840145554973446 ], [ 95.200503019199061, 26.83675563336584 ], [ 95.199023263912579, 26.83380605760351 ], [ 95.200528248779733, 26.826761055578288 ], [ 95.202551627155913, 26.822601784644689 ], [ 95.203492224486638, 26.815153721766876 ], [ 95.206769316250984, 26.805504008803041 ], [ 95.215025193358031, 26.792156148687354 ], [ 95.221460263480424, 26.78728959334012 ], [ 95.227331670919909, 26.786075270257584 ], [ 95.234863958904612, 26.783001835366463 ], [ 95.240108675574959, 26.782869946191113 ], [ 95.24156806661307, 26.780623689731556 ], [ 95.244758456537625, 26.781015552225995 ], [ 95.242381402679655, 26.778190669264006 ], [ 95.234507928098481, 26.774051627680535 ], [ 95.231492719813218, 26.771399725716833 ], [ 95.233132996890333, 26.767411066967213 ], [ 95.233009143157517, 26.76561968669921 ], [ 95.229021948504169, 26.762169934994574 ], [ 95.223889120086881, 26.755418970808932 ], [ 95.219914924234445, 26.753521513706971 ], [ 95.219068982347721, 26.749247804042966 ], [ 95.22116643068631, 26.745205402707199 ], [ 95.220764462509976, 26.741110428803324 ], [ 95.216646623343024, 26.734991019819745 ], [ 95.215927655836708, 26.728993861977187 ], [ 95.227947263155727, 26.71747840470465 ], [ 95.229384630696188, 26.710494148286386 ], [ 95.235815604406696, 26.705802297937737 ], [ 95.233385058873409, 26.690676408889203 ], [ 95.235662955281214, 26.68507127991569 ], [ 95.235646787269502, 26.681784771350181 ], [ 95.237296402007416, 26.679843368876448 ], [ 95.234173106004107, 26.676619315529024 ], [ 95.231336059711452, 26.671161346219208 ], [ 95.22772408649746, 26.666615941472571 ], [ 95.224388242923112, 26.661072313536465 ], [ 95.21912788254582, 26.654208514111701 ], [ 95.214492459259645, 26.649235321652839 ], [ 95.209482030371476, 26.64507544547547 ], [ 95.205814188573981, 26.642699387167056 ], [ 95.196638181806691, 26.640951731936923 ], [ 95.190918819148237, 26.641323159136562 ], [ 95.18168579626257, 26.636874785842735 ], [ 95.173954587234448, 26.627794126098081 ], [ 95.171062512325136, 26.623686283794996 ], [ 95.157965174553226, 26.6168649935247 ], [ 95.154372663567642, 26.613130109067356 ], [ 95.153361316571534, 26.603211242504869 ], [ 95.152101920367386, 26.595466767577307 ], [ 95.151813872911987, 26.591226081018874 ], [ 95.152631421403044, 26.587238824312351 ], [ 95.15581380376409, 26.580413566233119 ], [ 95.154077018639555, 26.574389550137653 ], [ 95.148325386507452, 26.56816783068092 ], [ 95.144070739772872, 26.561472276424468 ], [ 95.143973909768192, 26.556593241185169 ], [ 95.138106494419219, 26.554068390943542 ], [ 95.133421548165984, 26.555956448331472 ], [ 95.126388647418196, 26.55597688092837 ], [ 95.124270849220352, 26.550234583759106 ], [ 95.120886453946753, 26.546580574434017 ], [ 95.114365091176069, 26.541634758237535 ], [ 95.118607041281962, 26.533259836971922 ], [ 95.120310929206084, 26.528081358068277 ], [ 95.120314807982083, 26.523391286578658 ], [ 95.112664535240185, 26.512311182115411 ], [ 95.106376348689594, 26.50908145494526 ], [ 95.103019864774978, 26.506506595203234 ], [ 95.104143053259349, 26.502702525001553 ], [ 95.101918363441769, 26.496780589152934 ], [ 95.095498060187367, 26.492092543835895 ], [ 95.090505139300774, 26.4882050723063 ], [ 95.087420131034264, 26.484280872464353 ], [ 95.083515173086823, 26.47955725536309 ], [ 95.079920987563582, 26.475367652994862 ], [ 95.075522476281321, 26.471283497935133 ], [ 95.074935144341509, 26.46696504250275 ], [ 95.071450535813653, 26.46304219793916 ], [ 95.068281740410043, 26.460300542735922 ], [ 95.066684155949076, 26.455177767839757 ], [ 95.065780859798906, 26.450404127748357 ], [ 95.065858230273193, 26.443986304824136 ], [ 95.071177164394669, 26.443994917631414 ], [ 95.074521140538252, 26.446011974672956 ], [ 95.081060033793563, 26.446813463970216 ], [ 95.086448954056038, 26.445556730658666 ], [ 95.089971220795235, 26.440803495285138 ], [ 95.096239164505903, 26.432930564793764 ], [ 95.099374623839878, 26.429546512161835 ], [ 95.100913557214938, 26.426173650693499 ], [ 95.105570190112246, 26.423483877379113 ], [ 95.108052260503484, 26.41721655150269 ], [ 95.10705472439605, 26.412267016609576 ], [ 95.105176326626236, 26.408499009221941 ], [ 95.104794465492262, 26.404530451219387 ], [ 95.104301698164875, 26.399934311219511 ], [ 95.104097881212283, 26.394704195042607 ], [ 95.120970691644175, 26.391444605883919 ], [ 95.124334405208685, 26.388865563395086 ], [ 95.130144693822615, 26.383985977770692 ], [ 95.135007600620327, 26.381191703234549 ], [ 95.135215898894671, 26.376582889988413 ], [ 95.133853755146731, 26.369022853421995 ], [ 95.131170919202646, 26.360036770880299 ], [ 95.128975043663388, 26.35537459096463 ], [ 95.127522135837978, 26.34799432257995 ], [ 95.130866498690011, 26.339815109080064 ], [ 95.132682763199, 26.335901120140647 ], [ 95.126745144073197, 26.32922464949803 ], [ 95.127237186547006, 26.323982136166705 ], [ 95.127932545950273, 26.318636592904511 ], [ 95.128561455346926, 26.314925803982703 ], [ 95.129073555400339, 26.310495354177306 ], [ 95.13037793119662, 26.300631216757324 ], [ 95.130682146663787, 26.295837017264603 ], [ 95.129965306953409, 26.289800473613013 ], [ 95.130279825053947, 26.28573612162478 ], [ 95.128904615955321, 26.281960777567861 ], [ 95.12621942828406, 26.27821564353718 ], [ 95.120403675389355, 26.272618839587835 ], [ 95.119813605013917, 26.268110309743065 ], [ 95.121790748344438, 26.261941504596791 ], [ 95.124002008585876, 26.257475411061421 ], [ 95.127824287361022, 26.253440168329178 ], [ 95.128742668739221, 26.249363237523426 ], [ 95.127379636461114, 26.245771750865686 ], [ 95.12483582041682, 26.239038217339896 ], [ 95.121965237505776, 26.235750443428287 ], [ 95.120283606903001, 26.231893717920798 ], [ 95.122180226736134, 26.226171983750078 ], [ 95.127412209006309, 26.222651857397352 ], [ 95.132243022597493, 26.21878196491582 ], [ 95.139596457010953, 26.211261504814672 ], [ 95.141518196707466, 26.207345772089752 ], [ 95.13721918461772, 26.202360590768706 ], [ 95.133185817871265, 26.200796024017336 ], [ 95.12729271608606, 26.196284861856952 ], [ 95.123656271419861, 26.189754503167819 ], [ 95.126706393185543, 26.187084682212344 ], [ 95.12477259358036, 26.175831843165099 ], [ 95.121940721087469, 26.169463754548701 ], [ 95.119163192827159, 26.165352598243885 ], [ 95.117000374567681, 26.162051434326258 ], [ 95.115779099725728, 26.156114228888612 ], [ 95.119421641795384, 26.148191385124392 ], [ 95.122702126701824, 26.142177266967337 ], [ 95.126765654011763, 26.130016940029805 ], [ 95.12424548204342, 26.124363318712255 ], [ 95.12207608254522, 26.120701851309434 ], [ 95.119761185330503, 26.115046721828776 ], [ 95.119423492600163, 26.102768305812731 ], [ 95.122112587825711, 26.097218522916535 ], [ 95.125546255155598, 26.09400206434384 ], [ 95.13033438782179, 26.093290894858967 ], [ 95.136879047530101, 26.095531481093019 ], [ 95.143048784373946, 26.093903462674689 ], [ 95.146784420664517, 26.090860583149436 ], [ 95.150427638125052, 26.087817423035688 ], [ 95.156250008231382, 26.089072751606238 ], [ 95.164711383123915, 26.091911886124706 ], [ 95.169756333388136, 26.089666045151887 ], [ 95.175762653523691, 26.085137673564816 ], [ 95.178913246649074, 26.082650779210155 ], [ 95.184107451997363, 26.077507297423892 ], [ 95.184427918213942, 26.073168318563091 ], [ 95.182304582890254, 26.0673330054139 ], [ 95.179037330608367, 26.064135723085201 ], [ 95.176262440059645, 26.060385949452041 ], [ 95.171752658358571, 26.054593841532608 ], [ 95.16676814163651, 26.050610826028844 ], [ 95.164286837467614, 26.046226086065076 ], [ 95.163900876324419, 26.037389255909488 ], [ 95.163691133738894, 26.031695405218841 ], [ 95.163411727869004, 26.027817508771079 ], [ 95.161340391346016, 26.024244014849444 ], [ 95.147600654346775, 26.011647916018546 ], [ 95.141337729752479, 26.003712472752454 ], [ 95.139358608812813, 25.999315393190898 ], [ 95.1353072025654, 25.997031201528785 ], [ 95.130233652061463, 25.992958703481406 ], [ 95.126648845567843, 25.988144143337593 ], [ 95.116200240548721, 25.980633985869815 ], [ 95.108777794859407, 25.968562654942616 ], [ 95.105127308178794, 25.961033414760323 ], [ 95.092011041476439, 25.954387426638505 ], [ 95.087141030933878, 25.950492872048471 ], [ 95.077621812296854, 25.943778486887709 ], [ 95.072100215952275, 25.941973381166633 ], [ 95.064184590146795, 25.940650280586055 ], [ 95.056078837768212, 25.939965260688268 ], [ 95.051738200557566, 25.937498971600291 ], [ 95.048640886867474, 25.932223806583465 ], [ 95.043566374088925, 25.927792649011622 ], [ 95.035384677560899, 25.928099487801148 ], [ 95.034512656234142, 25.924496316252032 ], [ 95.035025883138076, 25.920060322126233 ], [ 95.031779430376446, 25.917404241912266 ], [ 95.026700273498875, 25.912880491941223 ], [ 95.020531288488257, 25.90303472137532 ], [ 95.019989013482245, 25.90172631032101 ], [ 95.018748481457294, 25.898733023010664 ], [ 95.017964009131788, 25.894047800665533 ], [ 95.018933017844574, 25.887536454543806 ], [ 95.020793465146369, 25.880581708479099 ], [ 95.020802154395994, 25.880549219570867 ], [ 95.017658504036774, 25.877799706091594 ], [ 95.014185829512485, 25.873693804525487 ], [ 95.014020630347886, 25.865029556069203 ], [ 95.016837985984353, 25.860828555693331 ], [ 95.020014804239906, 25.85482504953643 ], [ 95.02294322165244, 25.851436758399757 ], [ 95.026108768704773, 25.844434712492045 ], [ 95.031800152555036, 25.839464360092222 ], [ 95.032756725442596, 25.826808823268607 ], [ 95.033322661611578, 25.819752988010066 ], [ 95.035988418530735, 25.813118193749688 ], [ 95.038824853284439, 25.809914063083568 ], [ 95.042335473803121, 25.805885603038178 ], [ 95.047867814348194, 25.802914854536937 ], [ 95.050265873671208, 25.7979992375748 ], [ 95.04995363535204, 25.791953812218708 ], [ 95.046047061322895, 25.780547002042567 ], [ 95.043955189680332, 25.775613583000506 ], [ 95.044080769212201, 25.771450600564833 ], [ 95.050950680429594, 25.755448250236611 ], [ 95.042796881770755, 25.746096378345214 ], [ 95.039100037736603, 25.740374582121319 ], [ 95.032106406785317, 25.734250672030953 ], [ 95.025614979747559, 25.733450286201787 ], [ 95.017295654570887, 25.731318221159029 ], [ 95.007830030131856, 25.731374485444178 ], [ 95.000834366712695, 25.725517908724555 ], [ 94.997729745131664, 25.719511233356798 ], [ 94.997145822521759, 25.714560868389412 ], [ 94.991623418585959, 25.707149991578888 ], [ 94.987442795048992, 25.701973742094594 ], [ 94.982066071392126, 25.697176831145896 ], [ 94.97833820074743, 25.69479782755775 ], [ 94.974706987437571, 25.692414065656635 ], [ 94.971568958740534, 25.689663231073325 ], [ 94.952195872941218, 25.676402705920168 ], [ 94.941280993722955, 25.668256696289575 ], [ 94.935988257751944, 25.662015793394175 ], [ 94.933512225408947, 25.657539226354288 ], [ 94.932553102943416, 25.654022329466954 ], [ 94.931035171436065, 25.64700548971166 ], [ 94.928220836622359, 25.639641568303773 ], [ 94.925019059482054, 25.633541181780174 ], [ 94.923873485073329, 25.625340723595571 ], [ 94.920645789471678, 25.617447302950723 ], [ 94.919280115884703, 25.607801077557724 ], [ 94.91802161720392, 25.604118548931922 ], [ 94.915565689205266, 25.600625419327685 ], [ 94.909816303579589, 25.59628802597166 ], [ 94.901803115721293, 25.594056371804186 ], [ 94.894087775230673, 25.591009040634788 ], [ 94.887323116168943, 25.586139239634235 ], [ 94.886037658511214, 25.580645129269328 ], [ 94.890223243607863, 25.575073663718683 ], [ 94.89541154220899, 25.570400441027573 ], [ 94.902475938114094, 25.56414880292499 ], [ 94.903295137760438, 25.560076319266784 ], [ 94.886144007839732, 25.558427637125817 ], [ 94.855841229189423, 25.556425144604816 ], [ 94.851369511293967, 25.55640089708379 ], [ 94.841781983751616, 25.548857240769109 ], [ 94.835213607122341, 25.543619581078872 ], [ 94.832271936400787, 25.539866482652087 ], [ 94.828147871227316, 25.531520666145866 ], [ 94.827952157166351, 25.52611609588115 ], [ 94.827175864174876, 25.52124380285926 ], [ 94.823662921606626, 25.514065532098698 ], [ 94.820422555456616, 25.510322402656811 ], [ 94.818567523872161, 25.506825895198972 ], [ 94.816960793306009, 25.499983146205295 ], [ 94.813861781695948, 25.49306578136077 ], [ 94.810797460534445, 25.488505079146137 ], [ 94.804193313370774, 25.486518206050391 ], [ 94.795444036712979, 25.48691116481848 ], [ 94.788146984395894, 25.484397615457624 ], [ 94.782849673573651, 25.483386246877842 ], [ 94.777282297240276, 25.477495535490618 ], [ 94.77106911774564, 25.474516733560449 ], [ 94.76541233980771, 25.475676992998899 ], [ 94.762881660160531, 25.478694999075003 ], [ 94.76068991071088, 25.484771553564372 ], [ 94.755031098506436, 25.485302246201741 ], [ 94.753771509847354, 25.48116068471785 ], [ 94.749898031768794, 25.475796963459175 ], [ 94.744864403969132, 25.47243171115457 ], [ 94.737569620641523, 25.470096192485357 ], [ 94.729276729237711, 25.468031227659083 ], [ 94.720185719195626, 25.465805851658786 ], [ 94.713010980972058, 25.464369379843049 ], [ 94.700830127908148, 25.46199730553127 ], [ 94.69405983009716, 25.461544119165808 ], [ 94.687060805911528, 25.458928385236845 ], [ 94.680847389895177, 25.453174664878929 ], [ 94.668181914663705, 25.44883335587474 ], [ 94.664390747035384, 25.448882956183525 ], [ 94.657172518496964, 25.450552889304447 ], [ 94.654895091535309, 25.452110561852976 ], [ 94.646677782753557, 25.455156305718958 ], [ 94.631438302136019, 25.459236332890498 ], [ 94.623837226806643, 25.46268514300499 ], [ 94.606016095666348, 25.476093559869923 ], [ 94.595890017210593, 25.479941179741729 ], [ 94.593431168213897, 25.481838796923 ], [ 94.589375249168484, 25.483456747430978 ], [ 94.585769858092533, 25.486161001629 ], [ 94.583559603293111, 25.490588912648263 ], [ 94.573188256333026, 25.498992047445086 ], [ 94.566788748102283, 25.50036274644367 ], [ 94.556037834178767, 25.506574921395554 ], [ 94.557626043207392, 25.518153681047579 ], [ 94.559911522698656, 25.524499011420289 ], [ 94.556934183965495, 25.528697732914111 ], [ 94.562127263362584, 25.53348795200742 ], [ 94.558529887044699, 25.539535438609676 ], [ 94.561560027673181, 25.543335494237738 ], [ 94.560059538516953, 25.554344152960368 ], [ 94.563347302536044, 25.561774774386379 ], [ 94.559104923453503, 25.561831491030546 ], [ 94.560249460943908, 25.572197953772616 ], [ 94.554438136310978, 25.579683955450207 ], [ 94.558299718157514, 25.587981285008368 ], [ 94.563887021668791, 25.59646320491305 ], [ 94.565654947617816, 25.597957727067524 ], [ 94.567373365888159, 25.601649739943582 ], [ 94.571551494705773, 25.60516579956203 ], [ 94.575675170472778, 25.614220003050775 ], [ 94.577261326349173, 25.620094127342156 ], [ 94.582533045163984, 25.628336801502257 ], [ 94.589257763535045, 25.634110871719429 ], [ 94.59331590930185, 25.636476524871796 ], [ 94.593944455372366, 25.637684926817997 ], [ 94.585716555274871, 25.640440023288477 ], [ 94.574867621543547, 25.638583824384057 ], [ 94.57602334300293, 25.642213008823376 ], [ 94.575579421453199, 25.646714442117855 ], [ 94.580148523335765, 25.651266804919146 ], [ 94.580844623780422, 25.654490500336351 ], [ 94.584014573913521, 25.655649404496444 ], [ 94.582235700517231, 25.659101384721168 ], [ 94.584402107970959, 25.663884459600183 ], [ 94.586179554143143, 25.665673992660686 ], [ 94.58414579309391, 25.668729073288148 ], [ 94.58694455614642, 25.671144094724241 ], [ 94.588784545670308, 25.675125119129007 ], [ 94.595758553414555, 25.680778351040146 ], [ 94.594437927768183, 25.6851541931116 ], [ 94.585871512960011, 25.685785038748577 ], [ 94.581825439692352, 25.687100329616555 ], [ 94.577451569834125, 25.689922081139173 ], [ 94.571872540085735, 25.691584800797955 ], [ 94.566850460480453, 25.6861634950493 ], [ 94.563931181079226, 25.674757131836202 ], [ 94.551061169437503, 25.661366620473189 ], [ 94.550612007538177, 25.656412657318356 ], [ 94.543574585898455, 25.651513022208235 ], [ 94.538370441242932, 25.645053195548599 ], [ 94.53038845985958, 25.644118317906077 ], [ 94.52949590071529, 25.636569066009656 ], [ 94.527023287594716, 25.638290561760073 ], [ 94.523035053325088, 25.637420165508274 ], [ 94.513335079050705, 25.624502219102169 ], [ 94.509722708336369, 25.623924746429964 ], [ 94.50750313026532, 25.620926874375812 ], [ 94.506616675719044, 25.612969827595521 ], [ 94.504204635535586, 25.61101227869375 ], [ 94.500663786104894, 25.614059360750957 ], [ 94.498760005869656, 25.612845191452493 ], [ 94.498125059324082, 25.610540736265989 ], [ 94.492266344915947, 25.608378312808952 ], [ 94.489953936125289, 25.61271649217241 ], [ 94.49002308589678, 25.613861875025577 ], [ 94.472913991187795, 25.615739399553718 ], [ 94.448140983719497, 25.595233174271641 ], [ 94.446682632297723, 25.592181981413376 ], [ 94.443142216340277, 25.590157689325963 ], [ 94.436618076463105, 25.590026015987917 ], [ 94.428887627362144, 25.586902548214084 ], [ 94.424522327143734, 25.575656757153695 ], [ 94.421239017466746, 25.570175668072693 ], [ 94.423960303924957, 25.567183590350453 ], [ 94.425224647299672, 25.555607368585243 ], [ 94.424416775513862, 25.547078381761935 ], [ 94.4190991705903, 25.536818536346402 ], [ 94.415618513683512, 25.536115808797604 ], [ 94.409721427901616, 25.537715083084663 ], [ 94.403327746378466, 25.535104477989307 ], [ 94.387377668244881, 25.530810363607429 ], [ 94.363528197068717, 25.515771428208893 ], [ 94.327897682631999, 25.502708763798466 ], [ 94.319559414135711, 25.493646367485894 ], [ 94.312408297504987, 25.488835832707537 ], [ 94.307856101078244, 25.488192989215122 ], [ 94.301523908002025, 25.48903752366283 ], [ 94.297911502214106, 25.495135002678296 ], [ 94.289671937010326, 25.503972603552882 ], [ 94.285676198797603, 25.506159448999426 ], [ 94.278782878227332, 25.499912821919224 ], [ 94.273091420632625, 25.497472954013688 ], [ 94.265885234915743, 25.496934918411796 ], [ 94.256195714360786, 25.497934383564996 ], [ 94.251016297464218, 25.493596364280847 ], [ 94.230698453171158, 25.49289009879908 ], [ 94.228106778804829, 25.490584439420388 ], [ 94.221960545742661, 25.491362300829564 ], [ 94.218856018590429, 25.494233282140328 ], [ 94.213848589840609, 25.494850630752069 ], [ 94.211823224861973, 25.497437277008771 ], [ 94.211941809466964, 25.502796466583732 ], [ 94.205914392135526, 25.506291647541559 ], [ 94.205906256868332, 25.508595814045634 ], [ 94.198292312240483, 25.517435152410428 ], [ 94.189787179934456, 25.525467621733412 ], [ 94.189207684686949, 25.529327321298865 ], [ 94.192987117061875, 25.536894529059339 ], [ 94.19396370975744, 25.547123811015126 ], [ 94.190944540857913, 25.545652295317211 ], [ 94.181878623699561, 25.54798173007282 ], [ 94.178662007745515, 25.544918544755092 ], [ 94.167018787387178, 25.541771134330418 ], [ 94.162642919235395, 25.544692242053372 ], [ 94.159259363928584, 25.550029259742587 ], [ 94.152008542160559, 25.542635450265891 ], [ 94.150950044608919, 25.53664102995964 ], [ 94.147313778907801, 25.52648373423699 ], [ 94.144351604542976, 25.522439289641568 ], [ 94.137849114045423, 25.518505477845565 ], [ 94.127644025651307, 25.520709284505926 ], [ 94.10523008200272, 25.523785090009937 ], [ 94.091292531924864, 25.527644621402203 ], [ 94.091709363196628, 25.532888333529797 ], [ 94.095371550057052, 25.536638619776511 ], [ 94.094150510837437, 25.54136084922385 ], [ 94.08516701744395, 25.554679456191991 ], [ 94.07927611450117, 25.55655186807428 ], [ 94.068656081612914, 25.553970136612577 ], [ 94.063946106327819, 25.561367561363909 ], [ 94.05340533968473, 25.571796046750194 ], [ 94.045298375020025, 25.576009372334738 ], [ 94.042926433807907, 25.572534069092058 ], [ 94.038310393609834, 25.57492735571293 ], [ 94.03848141318673, 25.57809817908776 ], [ 94.03722281198327, 25.576996032940599 ], [ 94.034197593344288, 25.576567305436868 ], [ 94.032731678624145, 25.579784753263823 ], [ 94.026593775082688, 25.583087854321093 ], [ 94.024853625594403, 25.588494307766155 ], [ 94.014091986356163, 25.59126284730263 ], [ 94.009749738459732, 25.59054585380818 ], [ 94.007014702266758, 25.586080921297537 ], [ 94.007175234849285, 25.582672065363568 ], [ 94.011094887718968, 25.574219967877241 ], [ 94.011610282888284, 25.570422848535657 ], [ 94.010932368534043, 25.567875947816788 ], [ 94.00973828919075, 25.566430141038211 ], [ 94.006769222421724, 25.564978449995522 ], [ 93.999948576066004, 25.569026700521874 ], [ 93.979829547595614, 25.566432805729448 ], [ 93.977212055492032, 25.561351016536207 ], [ 93.971996467862766, 25.556378852002467 ], [ 93.964580289548792, 25.551789992014562 ], [ 93.95676004673885, 25.551977253347616 ], [ 93.943107576353611, 25.558595270755177 ], [ 93.942909627477377, 25.558691213129009 ], [ 93.929530403505396, 25.560681628654265 ], [ 93.918754886828651, 25.559347812651481 ], [ 93.91653053965274, 25.562040229073375 ], [ 93.910345123128991, 25.562868881493728 ], [ 93.904288800687652, 25.562779336896938 ], [ 93.899673778522128, 25.564076979469064 ], [ 93.895492145945866, 25.563935190556663 ], [ 93.891409504445107, 25.563796649096105 ], [ 93.877831809090765, 25.557375162333926 ], [ 93.861715662148129, 25.552955531372731 ], [ 93.851802943351231, 25.554101663361109 ], [ 93.843708902843673, 25.557160706401532 ], [ 93.836009420998039, 25.558551793030858 ], [ 93.832991465283953, 25.556860876028679 ], [ 93.832774908535271, 25.551909460653121 ], [ 93.824570368327898, 25.551509369361952 ], [ 93.822858013286748, 25.543667430407652 ], [ 93.81922789984776, 25.539899294416955 ], [ 93.815439921215443, 25.540972589413514 ], [ 93.807373846925543, 25.540055313302105 ], [ 93.779039594301878, 25.533641841297992 ], [ 93.771383288907714, 25.536413077001953 ], [ 93.770194812340776, 25.535885353926005 ], [ 93.77053497910606, 25.531628949916183 ], [ 93.768498293461505, 25.526316920789327 ], [ 93.767714063053631, 25.520898163719323 ], [ 93.768846127846587, 25.513311392107084 ], [ 93.763816274501551, 25.511090759131264 ], [ 93.765306471816302, 25.495495876333678 ], [ 93.768864769893298, 25.492354095665007 ], [ 93.772892357596277, 25.493415265102442 ], [ 93.787954213116507, 25.50204342736231 ], [ 93.796737624441846, 25.499915004573836 ], [ 93.80351403404552, 25.494547982803226 ], [ 93.807070043347892, 25.491063268155358 ], [ 93.813323607798338, 25.480221119808903 ], [ 93.808417618078693, 25.461080391846679 ], [ 93.804648538699155, 25.458919708577753 ], [ 93.8018370601323, 25.455910548233248 ], [ 93.797774404265397, 25.449433822413027 ], [ 93.793150409563793, 25.444167736951556 ], [ 93.789601087620156, 25.438898198093398 ], [ 93.787501902690735, 25.431399951246817 ], [ 93.783873277629709, 25.427464535060324 ], [ 93.779927661332579, 25.425023100535725 ], [ 93.78046545951338, 25.420244647272682 ], [ 93.763819395149028, 25.41368555164695 ], [ 93.759746961852841, 25.409682769943913 ], [ 93.746078756929137, 25.401298646815121 ], [ 93.741396894451157, 25.395504592762791 ], [ 93.739477167437371, 25.3907735940262 ], [ 93.740721327327435, 25.385026196801618 ], [ 93.739183083732371, 25.380006981537008 ], [ 93.7303902277269, 25.375969764792842 ], [ 93.722501068069903, 25.371195214587544 ], [ 93.718382920435488, 25.365984039931561 ], [ 93.717435905542686, 25.357222088228866 ], [ 93.710982991072228, 25.353720724431923 ], [ 93.699387324165741, 25.355072513385835 ], [ 93.692187599178396, 25.357268733365402 ], [ 93.690849626509134, 25.343089570527297 ], [ 93.686501204766842, 25.326883414038377 ], [ 93.683309909224988, 25.325307121026867 ], [ 93.671475630595921, 25.324407732430984 ], [ 93.673338277639459, 25.312964779401113 ], [ 93.672313957023562, 25.307201278915954 ], [ 93.665478568081483, 25.303986432827685 ], [ 93.664119663691565, 25.299940260634571 ], [ 93.664983192720229, 25.294129981013839 ], [ 93.650981832145874, 25.274739511319467 ], [ 93.650719223813212, 25.269380247100798 ], [ 93.649246344743062, 25.264830727955768 ], [ 93.642911871885417, 25.26161246983969 ], [ 93.642456801440289, 25.255733715838346 ], [ 93.637435384635353, 25.246138112384017 ], [ 93.631211997835464, 25.238659991465511 ], [ 93.62824709762549, 25.231504503230269 ], [ 93.620477680000988, 25.220671204212749 ], [ 93.611895848114955, 25.201960234377339 ], [ 93.607333915627748, 25.197830683339419 ], [ 93.603611600095348, 25.200105510361084 ], [ 93.600351707865059, 25.198177737112928 ], [ 93.596444231815894, 25.200098747459265 ], [ 93.592358451681264, 25.199723286800292 ], [ 93.592204785422553, 25.202483554372577 ], [ 93.594183202193108, 25.206938097914929 ], [ 93.591328499510723, 25.2097280700944 ], [ 93.589642789583138, 25.215767515858204 ], [ 93.587414119366201, 25.217993622107997 ], [ 93.585218453369009, 25.218140600108654 ], [ 93.581032834098096, 25.221851951106714 ], [ 93.577583071601509, 25.22153575666988 ], [ 93.57422808236015, 25.223402852659547 ], [ 93.570154852264693, 25.228320105488535 ], [ 93.569499178144611, 25.231480408594052 ], [ 93.562547632767121, 25.242476459720876 ], [ 93.554151678157496, 25.24643638243316 ], [ 93.546615866628997, 25.244415743391869 ], [ 93.54067374819499, 25.241311634424449 ], [ 93.528815907328294, 25.244320548354665 ], [ 93.520071559854671, 25.244757964208759 ], [ 93.515890237544511, 25.240749847727329 ], [ 93.507910128549668, 25.239709482306807 ], [ 93.504635222137836, 25.24013454597258 ], [ 93.503672219996986, 25.249396891253582 ], [ 93.510313463295745, 25.271615723386958 ], [ 93.503898858145874, 25.271788180080478 ], [ 93.494434045794662, 25.27476061031399 ], [ 93.48709771468782, 25.271984394164519 ], [ 93.48293213590938, 25.272699383969439 ], [ 93.476306519230548, 25.275113057321789 ], [ 93.47215676042623, 25.281522603785163 ], [ 93.474226250641038, 25.288508639961833 ], [ 93.474728086731886, 25.295770059340839 ], [ 93.473625396494924, 25.305372170289502 ], [ 93.467604537019838, 25.309919431236835 ], [ 93.46276002585455, 25.31597750016158 ], [ 93.456346275060582, 25.321390670642984 ], [ 93.45761985177478, 25.326185225367908 ], [ 93.461590596029225, 25.332723693243906 ], [ 93.457580755547497, 25.337058194380234 ], [ 93.451562598535133, 25.340346795668154 ], [ 93.453421248991503, 25.344272071998603 ], [ 93.462007044189818, 25.35500440323068 ], [ 93.465941613214909, 25.35786110420662 ], [ 93.477916282310616, 25.375990663238554 ], [ 93.476987299724158, 25.382132808882091 ], [ 93.473641093261904, 25.389243790568514 ], [ 93.466930964592393, 25.399208886780741 ], [ 93.463011385467098, 25.407118352230214 ], [ 93.465163423553236, 25.412025766476006 ], [ 93.464904992571405, 25.419560979055973 ], [ 93.461649521408333, 25.430875156363413 ], [ 93.456667929281593, 25.438141585865537 ], [ 93.443408075922036, 25.446825328026534 ], [ 93.43479520393555, 25.45100835095468 ], [ 93.427352525298886, 25.45151112593777 ], [ 93.421881581469847, 25.451056604079042 ], [ 93.416981181036761, 25.449054574708896 ], [ 93.402798072872827, 25.455479973522017 ], [ 93.395812242640943, 25.460430418529029 ], [ 93.39034515690355, 25.465494091778965 ], [ 93.391810207375215, 25.470521743583674 ], [ 93.390946104579143, 25.474368754614375 ], [ 93.391226445743939, 25.477765367177994 ], [ 93.39042962662603, 25.481962432120611 ], [ 93.387035976429217, 25.486652306658698 ], [ 93.386311456508565, 25.489696634991788 ], [ 93.382990945475797, 25.493922278590333 ], [ 93.371794133292667, 25.497506472645625 ], [ 93.371125656423942, 25.50152587831667 ], [ 93.36687224715655, 25.504246133252479 ], [ 93.365018334328738, 25.50653264696416 ], [ 93.366816991011376, 25.509257215947798 ], [ 93.364703738886476, 25.512569205004866 ], [ 93.36005604435104, 25.516733162305627 ], [ 93.357585765870454, 25.524078971367487 ], [ 93.354206076749108, 25.52761091750989 ], [ 93.350202962296919, 25.530105629671141 ], [ 93.352371957999537, 25.53398179942053 ], [ 93.349264208576415, 25.534762834537219 ], [ 93.34462745159567, 25.532523083773356 ], [ 93.340454790656111, 25.533742432267502 ], [ 93.335823520439192, 25.541874767706418 ], [ 93.331832750081389, 25.543276943875924 ], [ 93.333454877940312, 25.545485444098006 ], [ 93.341331503745948, 25.551315468334224 ], [ 93.345553756900415, 25.55757092675691 ], [ 93.348378313408489, 25.55967574324103 ], [ 93.354464943902087, 25.561637893074362 ], [ 93.36076794228677, 25.556864707140562 ], [ 93.364229350104495, 25.557069866780978 ], [ 93.366031346869249, 25.55967394189895 ], [ 93.365215389278831, 25.566178892941593 ], [ 93.369492332904883, 25.566674148693039 ], [ 93.37347838092262, 25.565562699059342 ], [ 93.376044832003458, 25.567435062378252 ], [ 93.376899591742813, 25.570139349851161 ], [ 93.376545745389876, 25.573710740258491 ], [ 93.382745446745048, 25.572564986884686 ], [ 93.384803932855277, 25.574305481712656 ], [ 93.385087921670333, 25.577590637697824 ], [ 93.383171179506405, 25.579189244687939 ], [ 93.382463330318501, 25.581136349762801 ], [ 93.390677652451757, 25.58547883328157 ], [ 93.3901223093971, 25.591106182704209 ], [ 93.400260823678138, 25.592651676633636 ], [ 93.406886358518705, 25.592831850409596 ], [ 93.409303275725676, 25.596759815712971 ], [ 93.409707128880939, 25.600450617202284 ], [ 93.4072829181722, 25.602846868887923 ], [ 93.407699583069359, 25.605787719427781 ], [ 93.409120528989263, 25.608049934357041 ], [ 93.412322562436373, 25.610037767029382 ], [ 93.416852809109912, 25.611226411769564 ], [ 93.414943714780691, 25.612995751452843 ], [ 93.41837050139759, 25.617404683179643 ], [ 93.422523802631417, 25.618593489797775 ], [ 93.427603689758541, 25.627795807130838 ], [ 93.431096670075306, 25.625523968556365 ], [ 93.434241629847406, 25.626189688103693 ], [ 93.439151992070833, 25.628652959066869 ], [ 93.439252904997602, 25.630719695557559 ], [ 93.441591234947566, 25.631085457927611 ], [ 93.444458617171506, 25.634335945047894 ], [ 93.446850262529665, 25.635108404229527 ], [ 93.449973763578384, 25.631222502016897 ], [ 93.452038434326369, 25.633775220450104 ], [ 93.459394556813379, 25.629410648682551 ], [ 93.461986124160376, 25.629661636875085 ], [ 93.461259979164765, 25.632826465369135 ], [ 93.45864808624026, 25.634698973478919 ], [ 93.457185401884828, 25.636878448081973 ], [ 93.460763901432983, 25.637829597158259 ], [ 93.465606761442928, 25.640464351748506 ], [ 93.468569316221021, 25.64002664451408 ], [ 93.474820110759538, 25.640541812154936 ], [ 93.475981648134621, 25.644240587932813 ], [ 93.483389416888144, 25.642001412735056 ], [ 93.483641528333919, 25.647993513689755 ], [ 93.487253488957435, 25.6467038346143 ], [ 93.490760137170639, 25.649666818369042 ], [ 93.490237935932043, 25.652199212124003 ], [ 93.493961228128228, 25.651477528665055 ], [ 93.499955830996839, 25.6527444575907 ], [ 93.502108935678905, 25.658233478692125 ], [ 93.508318158156555, 25.663008465968005 ], [ 93.510229514280695, 25.667224105508126 ], [ 93.520335683544999, 25.679864126328425 ], [ 93.519431409831782, 25.682157277936085 ], [ 93.51689521014589, 25.684264402080544 ], [ 93.522775827542489, 25.689386506082428 ], [ 93.526004452143809, 25.695858477187016 ], [ 93.528585879634704, 25.689952068133493 ], [ 93.530609470250909, 25.688878661621004 ], [ 93.538030691063625, 25.699362057812777 ], [ 93.543600680826842, 25.697858620678858 ], [ 93.543888276822599, 25.699279761751654 ], [ 93.54445099162001, 25.702060275761141 ], [ 93.545988333195055, 25.706340573858427 ], [ 93.548857180414586, 25.710855815343677 ], [ 93.549826766492117, 25.715121000333966 ], [ 93.546266703045944, 25.717678628166198 ], [ 93.54556741450466, 25.720455024180069 ], [ 93.544892860017512, 25.723133091019406 ], [ 93.546779380464102, 25.730641762807181 ], [ 93.549955178888467, 25.728593868012638 ], [ 93.556980463277796, 25.733887532983317 ], [ 93.556371519729908, 25.738087204161218 ], [ 93.562012826630678, 25.737094736632855 ], [ 93.565543975074434, 25.737470034514558 ], [ 93.57012992485619, 25.747876469423602 ], [ 93.569335670604801, 25.751149444091595 ], [ 93.573497252796017, 25.752740593004035 ], [ 93.573909705268761, 25.755792373119561 ], [ 93.57332713613846, 25.756934292683525 ], [ 93.583846489024324, 25.753859283079521 ], [ 93.587243508081485, 25.75555407615974 ], [ 93.587186342675636, 25.761660914419735 ], [ 93.588301047855111, 25.764258237427782 ], [ 93.592746700699763, 25.762338673191266 ], [ 93.593768349429865, 25.760386246827863 ], [ 93.598414891034452, 25.764453662806318 ], [ 93.602808378703799, 25.766915975092218 ], [ 93.605622206299813, 25.763535046705101 ], [ 93.605767766968938, 25.768713494132498 ], [ 93.608129860604663, 25.772944037237608 ], [ 93.61148422751512, 25.772561899112418 ], [ 93.622392461642846, 25.775875736276248 ], [ 93.623622947341232, 25.779974292179872 ], [ 93.621199894059941, 25.781282630389114 ], [ 93.623881177774194, 25.786483420573461 ], [ 93.627024920763517, 25.787658833588353 ], [ 93.627598824925883, 25.794681011719376 ], [ 93.629872342534611, 25.796025321911145 ], [ 93.629075062963864, 25.800449799318812 ], [ 93.633424015306105, 25.801288130243051 ], [ 93.634140713822944, 25.806018798928505 ], [ 93.636203143460364, 25.809725167682416 ], [ 93.640373319573087, 25.809464954244277 ], [ 93.641091035223155, 25.813964391043839 ], [ 93.644432927637581, 25.815598203794138 ], [ 93.648573186003773, 25.820004662385315 ], [ 93.652430827920455, 25.818828643227334 ], [ 93.656825474815889, 25.822366585149837 ], [ 93.660888351016638, 25.820391066894274 ], [ 93.668666597285721, 25.820621465108559 ], [ 93.669577606921109, 25.824770938827839 ], [ 93.6726172452897, 25.82411025098736 ], [ 93.678110306145754, 25.824841997859949 ], [ 93.682927440149285, 25.831725809898273 ], [ 93.682576539076081, 25.836675261154426 ], [ 93.692093457247324, 25.840088835831182 ], [ 93.690614276627628, 25.843524541024806 ], [ 93.693839492798418, 25.843207659505936 ], [ 93.697914454088846, 25.847267363797869 ], [ 93.70364565452337, 25.849438041232645 ], [ 93.70367548593498, 25.845640174554489 ], [ 93.702438089846055, 25.842929532471999 ], [ 93.705526100049553, 25.844561523195807 ], [ 93.706493793953484, 25.849223572709775 ], [ 93.691038951786254, 25.88526138110791 ], [ 93.685992705598949, 25.900941929726343 ], [ 93.687842855663291, 25.905447540371767 ], [ 93.69784415678248, 25.91306641868033 ], [ 93.70521867849925, 25.917269429940291 ], [ 93.712671917874786, 25.918645461019253 ], [ 93.716657933516899, 25.917687951937467 ], [ 93.729078160029133, 25.924342494410666 ], [ 93.736582887390398, 25.926470994540807 ], [ 93.750203207911795, 25.933188931124334 ], [ 93.751991028663099, 25.932277166058441 ], [ 93.752156830373508, 25.93550750386828 ], [ 93.749544703625247, 25.937966801626658 ], [ 93.7589898963667, 25.944591309441421 ], [ 93.762928667923745, 25.950834136885987 ], [ 93.768553644934798, 25.950932027191357 ], [ 93.77040113030796, 25.949390757377614 ], [ 93.769676013237472, 25.953878834840395 ], [ 93.773164660620637, 25.961904000769096 ], [ 93.778942985530421, 25.959122007374788 ], [ 93.780415450013095, 25.956481367621052 ], [ 93.785307791621335, 25.954161320888318 ], [ 93.78672622663413, 25.950083132830343 ], [ 93.789527661572379, 25.948429195950666 ], [ 93.789298339846539, 25.944857794751499 ], [ 93.786709505539307, 25.943289342928892 ], [ 93.789500229552004, 25.941867523767257 ], [ 93.790778775020499, 25.940034364594283 ], [ 93.791509464290414, 25.935887684169359 ], [ 93.7933629850138, 25.932570473648468 ], [ 93.788704509405648, 25.928795917397736 ], [ 93.793279069273694, 25.926808787995242 ], [ 93.793687677144646, 25.921863163354374 ], [ 93.792318140070165, 25.918337435124556 ], [ 93.796339522451035, 25.913990854294525 ], [ 93.79835532763633, 25.905490744702149 ], [ 93.79813407462791, 25.902089533904928 ], [ 93.795762400514434, 25.897007154756466 ], [ 93.795152559443125, 25.893839228997251 ], [ 93.791878926471327, 25.89070914491117 ], [ 93.791480596952056, 25.885862788337079 ], [ 93.787451019948662, 25.874728299171693 ], [ 93.788282811003, 25.871515490047898 ], [ 93.790647393062784, 25.869571857255437 ], [ 93.79180870111071, 25.865488397371678 ], [ 93.785761277461063, 25.862687765527994 ], [ 93.785270166684882, 25.859056205079867 ], [ 93.781449482407766, 25.855063787164113 ], [ 93.783567764440818, 25.849721163101265 ], [ 93.782955147162397, 25.847182113463816 ], [ 93.783780257153182, 25.845745065182655 ], [ 93.779772580440294, 25.842097444641411 ], [ 93.781047911731775, 25.840430888474771 ], [ 93.782542382624911, 25.834001730495515 ], [ 93.784456637264043, 25.831538715839088 ], [ 93.787292142118702, 25.823723590171596 ], [ 93.788695215811629, 25.821777441975428 ], [ 93.790626294068261, 25.816552880910763 ], [ 93.791237118997913, 25.811778393658017 ], [ 93.795670825248465, 25.810085205867608 ], [ 93.807474667222152, 25.812058819359095 ], [ 93.811493019787065, 25.816980808017945 ], [ 93.818727330901652, 25.821926120594014 ], [ 93.821267635992683, 25.828093669387385 ], [ 93.824204831687666, 25.842792451510491 ], [ 93.832680802577045, 25.851944547103244 ], [ 93.842252462481213, 25.858289444002708 ], [ 93.85161488791681, 25.858628551366621 ], [ 93.868602993233594, 25.851022924568383 ], [ 93.873496112755447, 25.84651257989168 ], [ 93.882569550044764, 25.841498719190611 ], [ 93.888409134973642, 25.848040671040167 ], [ 93.891475484106365, 25.854215726474649 ], [ 93.893269007458798, 25.860384401219164 ], [ 93.898467415338985, 25.859322676000772 ], [ 93.901706375848619, 25.866600924393197 ], [ 93.913714660703079, 25.877323669751604 ], [ 93.915769547726484, 25.883205235932962 ], [ 93.923724376778637, 25.885321466612425 ], [ 93.934477156795424, 25.886941177093718 ], [ 93.940046321880288, 25.896469164120674 ], [ 93.948203693545679, 25.896693630406787 ], [ 93.959693656836862, 25.900728219331882 ], [ 93.968084702047406, 25.90626710784079 ], [ 93.969020211913289, 25.906884574263756 ], [ 93.971835284171107, 25.913002280830653 ], [ 93.979225932530824, 25.915120472032186 ], [ 93.982528961642345, 25.921716486626622 ], [ 93.970987664149447, 25.940337440620453 ], [ 93.970757590590381, 25.948749299740427 ], [ 93.969132353775137, 25.956334170185869 ], [ 93.955962795047014, 25.969727432574985 ], [ 93.958006932474007, 25.9771071676617 ], [ 93.960580450427528, 25.992552754006454 ], [ 93.958971132511806, 25.998013790903769 ], [ 93.955980548563502, 26.000126954895109 ], [ 93.954893590167103, 26.002896618584145 ], [ 93.958377286782422, 26.007451721619702 ], [ 93.962679384446119, 26.017721325578748 ], [ 93.963149595877212, 26.028922006645359 ], [ 93.965921190410654, 26.037969659472253 ], [ 93.972665113803998, 26.040516477453536 ], [ 93.974538651637545, 26.047721581285998 ], [ 93.980864793175726, 26.054179619194144 ], [ 93.991171990594921, 26.068184354924085 ], [ 93.989451689144175, 26.069665884572942 ], [ 93.986094220471955, 26.079139599313123 ], [ 93.986507784506728, 26.083863870221478 ], [ 93.991067311307404, 26.085053219130828 ], [ 93.992577045494329, 26.088342919390243 ], [ 93.992273967669519, 26.093390515459987 ], [ 93.994226028008825, 26.101660661210587 ], [ 93.999674565229043, 26.104031864079332 ], [ 94.002269329665864, 26.106941787833307 ], [ 94.00224441664659, 26.110424964640458 ], [ 93.999959016295634, 26.111476597666922 ], [ 93.995082184395358, 26.111272908418016 ], [ 93.991371457526782, 26.113700803649238 ], [ 93.992935320108984, 26.115852962244446 ], [ 93.996602840848482, 26.117949942036262 ], [ 93.996738151044894, 26.123720753110319 ], [ 93.998460651338064, 26.124943331069915 ], [ 93.998460108147526, 26.126561331040648 ], [ 93.993388278046666, 26.128399778227219 ], [ 93.990899641705141, 26.12946954518344 ], [ 93.993351486781762, 26.1329841380076 ], [ 93.996400101283712, 26.132996501887078 ], [ 93.999812092254331, 26.132079339090296 ], [ 94.003240709890918, 26.134604471719058 ], [ 94.005372250628909, 26.137440452315047 ], [ 94.006514723275927, 26.142820057399774 ], [ 94.003076654663914, 26.146933930556486 ], [ 93.999834179603738, 26.153840637535438 ], [ 94.004530325114445, 26.159672419046956 ], [ 94.004087453972886, 26.164981988527984 ], [ 94.004999809893377, 26.16887991737434 ], [ 94.008973024585487, 26.176135615266503 ], [ 94.013210380954376, 26.181883662700898 ], [ 94.022144326199736, 26.187055975852672 ], [ 94.026815860863337, 26.192736820547907 ], [ 94.031295348001947, 26.194967945914016 ], [ 94.035932702132584, 26.198761003017921 ], [ 94.037036898733959, 26.205303999879732 ], [ 94.036784894307459, 26.213295967335057 ], [ 94.040691297465457, 26.219086940310092 ], [ 94.038426899881586, 26.225106189099392 ], [ 94.042032900697848, 26.229477412252834 ], [ 94.044475439589917, 26.235557502876532 ], [ 94.049399203510518, 26.245795726791414 ], [ 94.053114352345517, 26.251372568489273 ], [ 94.064896359679324, 26.257339662895163 ], [ 94.070709874161423, 26.255585015436168 ], [ 94.076275843055782, 26.264793753029323 ], [ 94.078088688342348, 26.27090715454159 ], [ 94.077103506221874, 26.280767861047991 ], [ 94.080345590077002, 26.284376105672777 ], [ 94.084736021850006, 26.284154876946047 ], [ 94.087502057673873, 26.285971022744548 ], [ 94.090571591305945, 26.292677759171283 ], [ 94.098356555510691, 26.298481745336346 ], [ 94.10297118377315, 26.304225710748028 ], [ 94.104792961126293, 26.317581080202729 ], [ 94.108351511912815, 26.321941354110265 ], [ 94.111594911476061, 26.321587580602397 ], [ 94.118705757364864, 26.318244032536143 ], [ 94.129000273443921, 26.318748542311425 ], [ 94.119665679327682, 26.326019654583433 ], [ 94.119675229228505, 26.329231261313737 ], [ 94.124281018054603, 26.331430128897409 ], [ 94.135956873011366, 26.333727302273246 ], [ 94.139072263973844, 26.33704550294766 ], [ 94.142948520058212, 26.337622876694468 ], [ 94.144127339704994, 26.335685438432279 ], [ 94.142528748902691, 26.331527111786841 ], [ 94.146988441063741, 26.330900433608178 ], [ 94.149603017565255, 26.334555106632934 ], [ 94.154811780239527, 26.335441098028298 ], [ 94.16479839722831, 26.334783349172255 ], [ 94.172418940182013, 26.339840827891919 ], [ 94.175778584314287, 26.339650848807651 ], [ 94.179562060940441, 26.346263455893848 ], [ 94.18027928466131, 26.349549466234919 ], [ 94.175621926011161, 26.350569405353838 ], [ 94.169659444228046, 26.349512232503571 ], [ 94.167954532875456, 26.348765841970078 ], [ 94.164777760485322, 26.355585960423809 ], [ 94.173888945918179, 26.363036375928061 ], [ 94.175921781565023, 26.367210421823586 ], [ 94.175809282672333, 26.369915472820878 ], [ 94.174360305783523, 26.3732874592489 ], [ 94.179421558058493, 26.384193446870142 ], [ 94.177286361576364, 26.395041909356678 ], [ 94.177204016951862, 26.408911387050921 ], [ 94.174409612913337, 26.416403689378797 ], [ 94.176914080920142, 26.423585289429639 ], [ 94.176157161124138, 26.427319426550355 ], [ 94.186993471971221, 26.456035588871373 ], [ 94.20154639844759, 26.465402296878551 ], [ 94.209818775416238, 26.479231582071918 ], [ 94.21194627999688, 26.485360695639656 ], [ 94.224082631908004, 26.496073346108062 ], [ 94.229387618443923, 26.498751128761626 ], [ 94.24035044591642, 26.506911968212819 ], [ 94.245299626476651, 26.512394976447069 ], [ 94.252524962357199, 26.52320250269338 ], [ 94.253801522122615, 26.528003659341437 ], [ 94.263059800669339, 26.539415413990241 ], [ 94.277240294504054, 26.554300601291743 ], [ 94.282776482348822, 26.558989295020012 ], [ 94.290287375462071, 26.559549989040818 ], [ 94.289394413421519, 26.555337950386161 ], [ 94.285793636766982, 26.553675406095181 ], [ 94.285318524030743, 26.550793171567648 ], [ 94.286085620555014, 26.541992084067488 ], [ 94.285401052116924, 26.535713365579397 ], [ 94.286070800626987, 26.529504766331968 ], [ 94.289504260213505, 26.520565733621766 ], [ 94.289216786525515, 26.513709733117764 ], [ 94.287485063684812, 26.510346233591861 ], [ 94.28763434215125, 26.503898549578423 ], [ 94.290621541051337, 26.491339269891455 ], [ 94.292803591312747, 26.485380109304629 ], [ 94.294278574796465, 26.476079017632628 ], [ 94.303632900038338, 26.462565773092024 ], [ 94.31129152388479, 26.461350343843321 ], [ 94.31378499947823, 26.460284915216732 ], [ 94.316799848034634, 26.458200874870556 ], [ 94.324593455623528, 26.465972241325915 ], [ 94.325081812675592, 26.467471312251291 ], [ 94.324212089116656, 26.474660427936442 ], [ 94.329632106136842, 26.479108694210936 ], [ 94.332916525577275, 26.480304685512863 ], [ 94.337256367787177, 26.480072392427019 ], [ 94.343735066720001, 26.485287318155258 ], [ 94.349939387892505, 26.488081978500531 ], [ 94.352386321771405, 26.490990948973149 ], [ 94.352141531706366, 26.494443288027355 ], [ 94.353884908861517, 26.497398421599939 ], [ 94.355850596627818, 26.498692208778436 ], [ 94.354042979100257, 26.500055639456264 ], [ 94.351440305126062, 26.503872748928245 ], [ 94.354927648492264, 26.505535003637533 ], [ 94.359071718185305, 26.504386441680992 ], [ 94.364789530412565, 26.505556674600882 ], [ 94.369569803903403, 26.505213652488123 ], [ 94.377939592738073, 26.50833023415305 ], [ 94.378388688087568, 26.51236583931211 ], [ 94.377230232689158, 26.51839389156487 ], [ 94.378608530059694, 26.520481022880972 ], [ 94.391744067434843, 26.528025235875987 ], [ 94.394425244129764, 26.527833480630704 ], [ 94.396879597415534, 26.524930731668007 ], [ 94.399778588111417, 26.527506136399154 ], [ 94.399241598421099, 26.529737449723598 ], [ 94.40280983040941, 26.533989076534681 ], [ 94.401665480877284, 26.539276330238522 ], [ 94.403026097576401, 26.542058307444961 ], [ 94.407084079666618, 26.54343571628533 ], [ 94.408273121007767, 26.544892972332832 ], [ 94.407984819943522, 26.547591326978193 ], [ 94.405142946989486, 26.550432840203484 ], [ 94.40645202713938, 26.552581637132903 ], [ 94.409321775479611, 26.552326041713513 ], [ 94.412303424663378, 26.55363628828411 ], [ 94.410937060397089, 26.555805489931458 ], [ 94.408121836153896, 26.556629255435837 ], [ 94.40967411097148, 26.56419601893117 ], [ 94.412233059907862, 26.568600609630494 ], [ 94.415228136869075, 26.578488549407098 ], [ 94.406437581329385, 26.597187670674487 ], [ 94.409016762313797, 26.605052316611193 ], [ 94.408311735198481, 26.609596175423235 ], [ 94.410325822678658, 26.61169832991402 ], [ 94.434936878434257, 26.620597709716606 ], [ 94.45496518869254, 26.634220811841033 ], [ 94.457237625316225, 26.631833471537504 ], [ 94.462923212136616, 26.630641639600015 ], [ 94.465234615485201, 26.63388967966506 ], [ 94.464895512617886, 26.635552714086543 ], [ 94.462115600254833, 26.639031713542806 ], [ 94.461868004305018, 26.643288502462497 ], [ 94.459033628998839, 26.650557919512437 ], [ 94.462311579615744, 26.658375589362038 ], [ 94.465002431217272, 26.662730111205747 ], [ 94.46841318382144, 26.66501660333364 ], [ 94.486219906023905, 26.668876536722848 ], [ 94.493248750829252, 26.667406699159869 ], [ 94.498715570367324, 26.668864020857939 ], [ 94.503452579273187, 26.672834004285903 ], [ 94.507595973575405, 26.678125455125723 ], [ 94.510394560360737, 26.678568191368981 ], [ 94.515959105628269, 26.682433280571502 ], [ 94.520145045957179, 26.689740321658576 ], [ 94.520568694989322, 26.696592544110672 ], [ 94.523210548827819, 26.699513245340029 ], [ 94.52821479757489, 26.696404384354878 ], [ 94.541326696270062, 26.704743766211891 ], [ 94.545522414028255, 26.706003523943536 ], [ 94.550825712536664, 26.70526503215558 ], [ 94.555113332914061, 26.703530039379871 ], [ 94.561560172464056, 26.703202340815437 ], [ 94.563863964850157, 26.702428451711739 ], [ 94.565157224126665, 26.701059954253537 ], [ 94.562753421733078, 26.688891645832825 ], [ 94.563360070211104, 26.685678101962878 ], [ 94.566493411641716, 26.68496087644337 ], [ 94.571277269830205, 26.685078890878174 ], [ 94.575093950325595, 26.686044999277328 ], [ 94.571913215522557, 26.69125044615123 ], [ 94.583214349063041, 26.700596685588607 ], [ 94.585792134299595, 26.69832235409342 ], [ 94.589375249168484, 26.697442502369654 ], [ 94.592814089398757, 26.697717775854699 ], [ 94.595326652203312, 26.701550851890374 ], [ 94.595444281728305, 26.707368624662365 ], [ 94.596591940765506, 26.71319186531241 ], [ 94.598740223282732, 26.714941921732361 ], [ 94.604138567540929, 26.711155837971603 ], [ 94.60508362191166, 26.712204589570206 ], [ 94.605050019642761, 26.714847138584616 ], [ 94.603603982637765, 26.718804815689737 ], [ 94.600906341154769, 26.72026783369364 ], [ 94.59375658969492, 26.72115728388161 ], [ 94.595623327754424, 26.72492113460271 ], [ 94.600381154166996, 26.73275531060915 ], [ 94.604580616702151, 26.734299847659884 ], [ 94.610497529837176, 26.735115224288222 ], [ 94.610864667270619, 26.73086547526151 ], [ 94.612376114666006, 26.727650374665131 ], [ 94.61781891061429, 26.725533057604594 ], [ 94.620541885999273, 26.721714645914233 ], [ 94.621495528895593, 26.716134100808176 ], [ 94.623111555753781, 26.71448995214962 ], [ 94.628672219547354, 26.713572187706347 ], [ 94.632362614543069, 26.714590392033017 ], [ 94.640666162913135, 26.718897651805264 ], [ 94.646590406422206, 26.719424370338459 ], [ 94.653749870560148, 26.718531594457545 ], [ 94.658902878864808, 26.719684858069797 ], [ 94.665501476312159, 26.722643782284763 ], [ 94.68694900759067, 26.727430128897367 ], [ 94.691833284078882, 26.730599946830125 ], [ 94.697211873828962, 26.73451819495881 ], [ 94.711747556704438, 26.747633605506564 ], [ 94.720049197612411, 26.752847766811044 ], [ 94.732238109501225, 26.758800167194011 ], [ 94.73685743492274, 26.762192433334178 ], [ 94.738076174575838, 26.763630735270283 ], [ 94.74202741793107, 26.7683523864535 ], [ 94.742734316535518, 26.773425990017472 ], [ 94.746155718911382, 26.776917023302019 ], [ 94.751087748500879, 26.774436517731147 ], [ 94.754460538023466, 26.769065915759484 ], [ 94.756713332554341, 26.767018240399523 ], [ 94.75970328068189, 26.768890192728236 ], [ 94.760375357536759, 26.771373819845962 ], [ 94.762704430764927, 26.774681074871751 ], [ 94.768671559345023, 26.778134718842239 ], [ 94.769422355657241, 26.785857445464785 ], [ 94.773463182280125, 26.789700887985646 ], [ 94.785995023651481, 26.793296528611961 ], [ 94.791142553286249, 26.7961612569365 ], [ 94.795315251098032, 26.798443144535554 ], [ 94.802567197018561, 26.800757176602474 ], [ 94.805700203901324, 26.806899958066651 ], [ 94.801985843771718, 26.808522622820817 ], [ 94.797023542102863, 26.813249392945181 ], [ 94.807082890862773, 26.815944853572205 ], [ 94.809553671165077, 26.817985305577452 ], [ 94.813432346425714, 26.819467140995812 ], [ 94.815426466258486, 26.824723685549714 ], [ 94.815809140379599, 26.831524106152642 ], [ 94.817095137630531, 26.836191244030715 ], [ 94.821477856817694, 26.839585127151963 ], [ 94.822134498608307, 26.844025236575476 ], [ 94.821505993906555, 26.849192574677602 ], [ 94.826703466491836, 26.854029933534662 ], [ 94.832669631898057, 26.857426046075204 ], [ 94.836887756265014, 26.863174057536753 ], [ 94.839200962754262, 26.868718931033868 ], [ 94.846260454656317, 26.871497903605416 ], [ 94.851972118218725, 26.876045310242944 ], [ 94.853783522791389, 26.880038251564088 ], [ 94.859464260467291, 26.887985811396106 ], [ 94.865787458524437, 26.901627087919849 ], [ 94.869077143495417, 26.904596580967507 ], [ 94.870116336199999, 26.909725759935895 ], [ 94.882022757544291, 26.921416899770179 ], [ 94.886698975877096, 26.927161694356755 ], [ 94.894963132142891, 26.93201974481542 ], [ 94.901765527657062, 26.935024284443216 ], [ 94.909290583293853, 26.936942831546503 ], [ 94.914342720040565, 26.937229133417816 ], [ 94.918468627924881, 26.939794444158338 ], [ 94.924246615588913, 26.944980335274295 ], [ 94.92863945394771, 26.946748027399622 ], [ 94.934050790711467, 26.933155463553874 ], [ 94.9389794037765, 26.932574455646659 ], [ 94.941654955212073, 26.933867751795333 ], [ 94.947530112824495, 26.934786289655619 ], [ 94.95772029765368, 26.938116937846473 ], [ 94.964577148916362, 26.935187666077979 ], [ 94.967166480548713, 26.930724515124325 ], [ 94.968350061206422, 26.926021139963666 ], [ 94.971054969211536, 26.922878067868567 ], [ 94.974640567108565, 26.922109890359195 ], [ 94.980029207681866, 26.919116742443748 ], [ 94.986023382473206, 26.912723248878876 ], [ 94.989788749451293, 26.912298142945019 ], [ 94.992401683790717, 26.912847701560224 ], [ 94.991538733026175, 26.917377387956151 ], [ 94.993431146730074, 26.920621612197692 ], [ 94.99982778432485, 26.918733109645359 ], [ 95.006136346815026, 26.919307469763964 ], [ 95.01689651206442, 26.918765953785794 ], [ 95.021676956426461, 26.91980056084725 ], [ 95.028884708762348, 26.926907583718048 ], [ 95.038380724890601, 26.932870102373386 ], [ 95.054973127607809, 26.93523763331018 ], [ 95.065656527626686, 26.94252673831835 ], [ 95.087167488988484, 26.947048230091809 ], [ 95.110366458045689, 26.961181611142479 ], [ 95.113544873497176, 26.966593463217805 ], [ 95.113827461168455, 26.971864110040713 ], [ 95.117274496920572, 26.977961799497507 ], [ 95.126701895675978, 26.981180070204118 ], [ 95.137307244433828, 26.98783429701524 ], [ 95.14309860321805, 26.992558659654492 ], [ 95.149804263156284, 26.994073886900424 ], [ 95.15483084476773, 27.000281723522789 ], [ 95.195870232725099, 27.03715978649501 ], [ 95.196132056849024, 27.026686728010134 ], [ 95.198159795138508, 27.013998947793255 ], [ 95.197931837684223, 27.009851154906926 ], [ 95.200367362763643, 27.000368881318877 ], [ 95.200092309612444, 26.993484108804637 ], [ 95.196536541328385, 26.991947474096719 ], [ 95.195450530817425, 26.984114973527255 ], [ 95.200671100690784, 26.979660368830992 ], [ 95.208001579909023, 26.978787071366298 ], [ 95.210180568878229, 26.976707769548 ], [ 95.205445659889335, 26.976256666911695 ], [ 95.206774212160212, 26.97290534510563 ], [ 95.208988188354283, 26.969153602856522 ], [ 95.215251987988893, 26.964416795398847 ], [ 95.213870814586471, 26.962169944487414 ], [ 95.209037565631206, 26.959407681319476 ], [ 95.206954027106747, 26.956641855936937 ], [ 95.208706520689418, 26.954793460449878 ], [ 95.213601381298758, 26.952820104164516 ], [ 95.209423615807282, 26.950696902839866 ], [ 95.212339853701337, 26.937357342567338 ], [ 95.214582498483594, 26.930948730499551 ] ] ] } },
{ "type": "Feature", "properties": { "ST_NM": "Sikkim" }, "geometry": { "type": "Polygon", "coordinates": [ [ [ 88.653810866478352, 28.098828158792571 ], [ 88.66265290460791, 28.089562316947422 ], [ 88.669608848569567, 28.079364174916805 ], [ 88.675283800906755, 28.073802194515736 ], [ 88.681300081033953, 28.072557946492111 ], [ 88.681819251557272, 28.07279166950002 ], [ 88.683598595298974, 28.073922182063086 ], [ 88.68561381682423, 28.077100004861393 ], [ 88.694302464786972, 28.078711980273738 ], [ 88.703708126029255, 28.076697069913905 ], [ 88.706318562052047, 28.077101093041051 ], [ 88.712371758449933, 28.077872538686734 ], [ 88.722810021265502, 28.075427287439425 ], [ 88.727903190479935, 28.076112960244984 ], [ 88.737595971077269, 28.075022963938693 ], [ 88.748794503663476, 28.075739503275486 ], [ 88.759516340706625, 28.073059967843278 ], [ 88.762054355224393, 28.071691919146815 ], [ 88.762064817937073, 28.071249829516091 ], [ 88.776449018107769, 28.061008267317732 ], [ 88.776685397712981, 28.060388121814412 ], [ 88.777204438733918, 28.060396213014883 ], [ 88.777545661303293, 28.060161148218469 ], [ 88.779150715533149, 28.058876572795668 ], [ 88.779149461878205, 28.058416734144998 ], [ 88.779153372130452, 28.057956607711333 ], [ 88.781713807646156, 28.056619121575238 ], [ 88.790663680784292, 28.05052619762597 ], [ 88.790925447351583, 28.049384898594269 ], [ 88.791182734395761, 28.048253038846724 ], [ 88.791938652346971, 28.047797224662247 ], [ 88.792690609683973, 28.04736001205498 ], [ 88.793988140740169, 28.043995015157861 ], [ 88.794997348249069, 28.04330898442214 ], [ 88.79500253194135, 28.042867161890058 ], [ 88.803066786902775, 28.036808651398189 ], [ 88.803061578029485, 28.036367399036294 ], [ 88.803321690743473, 28.036159788743305 ], [ 88.804442811686442, 28.035665241657625 ], [ 88.805819238467166, 28.032544059061138 ], [ 88.805974142192952, 28.032241119731964 ], [ 88.807755040862503, 28.030886610328878 ], [ 88.807766307569125, 28.030458229064095 ], [ 88.813648029333137, 28.026470353623949 ], [ 88.813646692940608, 28.026010490691647 ], [ 88.813905123023062, 28.025853553598665 ], [ 88.816180340350513, 28.025041749077502 ], [ 88.827550058888164, 28.019506230328318 ], [ 88.829005129583095, 28.018753746887967 ], [ 88.833643101547977, 28.016835001034508 ], [ 88.837338974314264, 28.014936440464396 ], [ 88.841151251728945, 28.011315678176061 ], [ 88.842881880994071, 28.000184787198236 ], [ 88.84389492321219, 27.999268157699362 ], [ 88.843972188465784, 27.998895863553287 ], [ 88.844485070929352, 27.998674066455067 ], [ 88.844488035094798, 27.997983977978265 ], [ 88.845013712213131, 27.996625333492375 ], [ 88.847291616714813, 27.994837769047876 ], [ 88.849108141127886, 27.99078068717904 ], [ 88.848007671317021, 27.965005281868287 ], [ 88.848130695875, 27.963889850036594 ], [ 88.851191094193723, 27.961382219114171 ], [ 88.852233055910858, 27.956199761609753 ], [ 88.847893322518871, 27.952564372747645 ], [ 88.844602824560752, 27.947136181789404 ], [ 88.8443748347309, 27.931766543191486 ], [ 88.847681613116038, 27.930188072921283 ], [ 88.861648549441043, 27.926504828435156 ], [ 88.867056028113268, 27.925047585877451 ], [ 88.869336172826195, 27.923240963000069 ], [ 88.872896117561822, 27.912833812230701 ], [ 88.878294129070866, 27.902212927684502 ], [ 88.878781264843553, 27.902217842479502 ], [ 88.878784803675785, 27.901757616221062 ], [ 88.879534572962257, 27.901595971177187 ], [ 88.887709980531213, 27.895460650488701 ], [ 88.887710326770218, 27.895028182704493 ], [ 88.888227712139269, 27.895022174333917 ], [ 88.888487952557, 27.893438807255222 ], [ 88.888540168993643, 27.893008062572108 ], [ 88.889036924814263, 27.893003171159478 ], [ 88.889422912037844, 27.892314460444027 ], [ 88.889392874681505, 27.88883366144438 ], [ 88.887994763447637, 27.880093115404975 ], [ 88.888757446998625, 27.869920039278441 ], [ 88.889771275224234, 27.867650264648034 ], [ 88.892561691668789, 27.865174918487753 ], [ 88.89373284369583, 27.861115849117198 ], [ 88.893607310928701, 27.858841005907721 ], [ 88.890959338103016, 27.857273716009217 ], [ 88.890828116224668, 27.856811830501613 ], [ 88.890047678257815, 27.855227037997452 ], [ 88.8900275999938, 27.855090151289517 ], [ 88.88894278827911, 27.838735921425666 ], [ 88.888329244698923, 27.837385565091779 ], [ 88.886909225980048, 27.836922382761827 ], [ 88.885774090901634, 27.836024585066582 ], [ 88.885027493524092, 27.833747708490023 ], [ 88.884612391648602, 27.833149929125966 ], [ 88.884176530722357, 27.832406061190795 ], [ 88.883222379709139, 27.830849338326345 ], [ 88.880963182904622, 27.827166664010406 ], [ 88.876237406531118, 27.824312501820543 ], [ 88.875444878978044, 27.824375337451897 ], [ 88.873480371122298, 27.823454905619428 ], [ 88.870279282862668, 27.821517998856621 ], [ 88.863677925396019, 27.817894363234302 ], [ 88.863314708107339, 27.817661656460302 ], [ 88.862187687611765, 27.816289322494299 ], [ 88.862055734584544, 27.8147186439503 ], [ 88.862572983256655, 27.814496443955761 ], [ 88.86270542551506, 27.813371035045293 ], [ 88.863193510971826, 27.81222570795012 ], [ 88.865241097298849, 27.811108017021411 ], [ 88.865378148582749, 27.807930381282119 ], [ 88.864746695903364, 27.798653565909376 ], [ 88.860196377261047, 27.77808911761872 ], [ 88.860462937214834, 27.76811753549589 ], [ 88.862168636373553, 27.760135720487142 ], [ 88.86242083505357, 27.759095527736463 ], [ 88.863767472690768, 27.756710310732331 ], [ 88.864783542026885, 27.755792959977157 ], [ 88.865343655984987, 27.754353594143083 ], [ 88.866360907030298, 27.753454556282804 ], [ 88.867368112648364, 27.752776953993305 ], [ 88.869179458765075, 27.748704551274045 ], [ 88.870177080308054, 27.738769740631085 ], [ 88.868876764051493, 27.735598749982387 ], [ 88.86209405829419, 27.729932901482243 ], [ 88.861580739659473, 27.729036809800959 ], [ 88.861500193679035, 27.728921682189934 ], [ 88.859319019357315, 27.723821387646979 ], [ 88.858299422880123, 27.717961184860826 ], [ 88.857786947809473, 27.717295073209129 ], [ 88.849054834712888, 27.711825226553003 ], [ 88.846659265612686, 27.710923962870652 ], [ 88.846393426015879, 27.71023489062776 ], [ 88.846405072236337, 27.707984095289817 ], [ 88.847159125893029, 27.705484767807832 ], [ 88.847650863496597, 27.705273186108684 ], [ 88.848167404402261, 27.70504641935679 ], [ 88.848943608360912, 27.702568788019221 ], [ 88.853280574538928, 27.700071286161005 ], [ 88.853268466966256, 27.694195863248524 ], [ 88.851892661617114, 27.688700518114445 ], [ 88.852233684536998, 27.685699608150458 ], [ 88.852729864791513, 27.681383147414351 ], [ 88.852990447850971, 27.680462036593781 ], [ 88.853174230606328, 27.679844344440994 ], [ 88.854448060029995, 27.67534164130376 ], [ 88.854327061644653, 27.668657655926154 ], [ 88.850804811093212, 27.662771543671852 ], [ 88.8461284731506, 27.658468487330879 ], [ 88.844477082251615, 27.657332292851095 ], [ 88.839929736767999, 27.650090522759456 ], [ 88.833705930884037, 27.645229389424856 ], [ 88.830022174683677, 27.642600618024176 ], [ 88.828417294922303, 27.642046042990557 ], [ 88.82749358236299, 27.641697302088858 ], [ 88.823214360754207, 27.642424113482093 ], [ 88.82089694363907, 27.643271369278295 ], [ 88.818367162414688, 27.642570450266135 ], [ 88.817616777092667, 27.641673548295671 ], [ 88.814821154472781, 27.636017555465855 ], [ 88.81408544968383, 27.631949207789773 ], [ 88.815894581669681, 27.618884932693561 ], [ 88.816140826837739, 27.614085241940415 ], [ 88.815627711449793, 27.613400580872167 ], [ 88.8131296196363, 27.603001574363191 ], [ 88.809599524298676, 27.599595170880491 ], [ 88.80859671726472, 27.599365752927213 ], [ 88.808607623343221, 27.598932583671854 ], [ 88.80809048978432, 27.598924590497518 ], [ 88.80808399308188, 27.598464757242823 ], [ 88.805544467703101, 27.596213353063831 ], [ 88.805048558144506, 27.596213366553684 ], [ 88.805057864329058, 27.595757250196982 ], [ 88.802204614951052, 27.59374416186364 ], [ 88.801708997672165, 27.593748784378931 ], [ 88.800431900112187, 27.591744444650431 ], [ 88.799425590218846, 27.590360090345939 ], [ 88.796163786029979, 27.587821991291889 ], [ 88.794903570543397, 27.585319664570932 ], [ 88.793182956128589, 27.576031971898033 ], [ 88.792428004948533, 27.575135123886923 ], [ 88.789884689826636, 27.57311374020702 ], [ 88.775831254009233, 27.567645788422453 ], [ 88.775835159764881, 27.567185365212481 ], [ 88.774935034624207, 27.566498989137074 ], [ 88.774680348419395, 27.564704584449089 ], [ 88.775467822681946, 27.559722740512143 ], [ 88.775989358422237, 27.55950046227656 ], [ 88.776504744598356, 27.559264725686603 ], [ 88.780685226941728, 27.544259335000334 ], [ 88.782649021635109, 27.537352578558682 ], [ 88.783101341953454, 27.537028249753973 ], [ 88.783908506872137, 27.536463279456825 ], [ 88.786693011173611, 27.533758647543607 ], [ 88.78744457730545, 27.532400558838788 ], [ 88.787440129258641, 27.531968212463084 ], [ 88.791783986941482, 27.529268680605185 ], [ 88.793554038887862, 27.528815719070224 ], [ 88.794556573427201, 27.529049797310336 ], [ 88.795598920953523, 27.528821417174697 ], [ 88.796087796015058, 27.528357016263328 ], [ 88.796482467991552, 27.525886512952241 ], [ 88.796346806160216, 27.524761903539058 ], [ 88.795219612994799, 27.52429544857614 ], [ 88.794531789910252, 27.520596652113852 ], [ 88.794176975886785, 27.518922701721351 ], [ 88.79367466045727, 27.514849974346873 ], [ 88.793628402928505, 27.513379796840184 ], [ 88.793530089042406, 27.511240534523097 ], [ 88.792661483340851, 27.506212415070934 ], [ 88.790708503894393, 27.496241813209167 ], [ 88.790819447859292, 27.494288758219682 ], [ 88.791774473013561, 27.493480719159891 ], [ 88.793014817080177, 27.49217812222264 ], [ 88.792893744051128, 27.487430456350523 ], [ 88.790625379557696, 27.482457191945912 ], [ 88.788890473116908, 27.472938981448863 ], [ 88.788908366028352, 27.467520652456187 ], [ 88.790823787088186, 27.455304211420298 ], [ 88.791721037096238, 27.453749107335511 ], [ 88.794768530143585, 27.452175398076236 ], [ 88.794772375644698, 27.451052076492203 ], [ 88.795029005284448, 27.449928533674949 ], [ 88.802139318774607, 27.446770236057603 ], [ 88.801399967234772, 27.436372238587978 ], [ 88.802307072913152, 27.432533439266876 ], [ 88.803911199941979, 27.430542902333116 ], [ 88.810527483456667, 27.426905327219117 ], [ 88.811437079357802, 27.425091575415934 ], [ 88.811455651257347, 27.424841971279989 ], [ 88.813341454044917, 27.414007065173962 ], [ 88.816657428897258, 27.404960800000993 ], [ 88.817426718868035, 27.404531118316527 ], [ 88.817430510409793, 27.404070599778436 ], [ 88.818692854591632, 27.402950497767335 ], [ 88.819083582141673, 27.402785991080691 ], [ 88.819082230460651, 27.40232572165479 ], [ 88.824770334483389, 27.400479230032488 ], [ 88.826542766935177, 27.3991325681136 ], [ 88.826627793338048, 27.398948277241232 ], [ 88.828146042306059, 27.397141708323204 ], [ 88.829004558513645, 27.395487118535755 ], [ 88.829668670972467, 27.393857245715367 ], [ 88.832660647970613, 27.391226932876691 ], [ 88.832664336989637, 27.390766371171139 ], [ 88.832659698286477, 27.390333954648327 ], [ 88.838478761585634, 27.388525607770646 ], [ 88.840007168396141, 27.38628099976836 ], [ 88.840780893823251, 27.386283652768384 ], [ 88.840774288302839, 27.38582370260184 ], [ 88.841528069464914, 27.385615693009868 ], [ 88.842017509300661, 27.382678973955535 ], [ 88.842794908458302, 27.382221085934418 ], [ 88.845577574545473, 27.378603303100022 ], [ 88.847093545530754, 27.377942843687322 ], [ 88.8486182525304, 27.377479781866498 ], [ 88.849619681802949, 27.377713552538467 ], [ 88.851391018880463, 27.378847781999582 ], [ 88.85177814734368, 27.379511952015037 ], [ 88.854446228110987, 27.380637231423123 ], [ 88.855574903359184, 27.382456540137241 ], [ 88.856212318543726, 27.383378186953792 ], [ 88.859988637465733, 27.386102872849335 ], [ 88.86379664310067, 27.386570106625186 ], [ 88.866088784769659, 27.385654047296498 ], [ 88.868869714265941, 27.383407717092496 ], [ 88.86938886050757, 27.382287513458039 ], [ 88.870389688133685, 27.380468127402196 ], [ 88.871908640371487, 27.379558708667503 ], [ 88.87445133406186, 27.368031424410731 ], [ 88.875976809981864, 27.367144504915018 ], [ 88.876639282976612, 27.366959895682669 ], [ 88.886371811809738, 27.364224841503301 ], [ 88.886415397452708, 27.364111889352273 ], [ 88.888197053351405, 27.362984843675633 ], [ 88.890419605480474, 27.357450434689838 ], [ 88.892234669394554, 27.346598832670054 ], [ 88.895772879314961, 27.338246184913544 ], [ 88.896287460597875, 27.338014578010416 ], [ 88.897035687546975, 27.336204546702504 ], [ 88.901102972224464, 27.333728274240514 ], [ 88.901106451701423, 27.333267677461379 ], [ 88.903133019972927, 27.332840159545754 ], [ 88.907688753433263, 27.334203158548974 ], [ 88.915014869140975, 27.329926329136811 ], [ 88.919083983938776, 27.330823927182564 ], [ 88.921293575038533, 27.329999056411395 ], [ 88.929476884950361, 27.326114920467262 ], [ 88.925541546105535, 27.322019612015538 ], [ 88.921973786261276, 27.318451216350581 ], [ 88.921361776924527, 27.317744682870853 ], [ 88.920615084218809, 27.316157231071429 ], [ 88.91960188192138, 27.309143191804935 ], [ 88.916567064818253, 27.305742473836176 ], [ 88.916246628279339, 27.301515879654175 ], [ 88.91621764942505, 27.301397813957976 ], [ 88.91619731395491, 27.30031240689209 ], [ 88.916971254320003, 27.298072615658725 ], [ 88.917485306801552, 27.297836346670124 ], [ 88.917621614346103, 27.292856446168116 ], [ 88.914349205351584, 27.283336676246677 ], [ 88.913578896448996, 27.282210910305309 ], [ 88.910813839087439, 27.278605911333784 ], [ 88.909038480241747, 27.277039744688523 ], [ 88.906269446977433, 27.274756287772504 ], [ 88.904982382231196, 27.274990157369928 ], [ 88.904218277751397, 27.274895286987942 ], [ 88.903208625078037, 27.274754366820616 ], [ 88.899946437777942, 27.27292686708131 ], [ 88.89034245354145, 27.268851623403748 ], [ 88.886939325389619, 27.265899219273592 ], [ 88.886423554303633, 27.265891479708046 ], [ 88.88429307926225, 27.262719871225102 ], [ 88.883793555328396, 27.260680851839879 ], [ 88.880243633536907, 27.25885534499821 ], [ 88.879471222019333, 27.258641079722111 ], [ 88.870888553763791, 27.262006930975133 ], [ 88.863301630166177, 27.261085281460623 ], [ 88.854186145973927, 27.261501381583571 ], [ 88.850904277010841, 27.260622396806241 ], [ 88.850157097771898, 27.26106032887111 ], [ 88.842313225275177, 27.262854559989989 ], [ 88.838002859244625, 27.262148129932314 ], [ 88.837509319399601, 27.262382999575834 ], [ 88.837518160634659, 27.261922115912967 ], [ 88.834229102491122, 27.260352630769319 ], [ 88.8311980139772, 27.259887314348134 ], [ 88.830298969821683, 27.258528927967689 ], [ 88.829663596997477, 27.25740444445961 ], [ 88.827150720329541, 27.25624699899987 ], [ 88.827144172365706, 27.25578697778684 ], [ 88.82707063120472, 27.255326111211104 ], [ 88.826022361642742, 27.254777135356562 ], [ 88.819321981624228, 27.252160082122145 ], [ 88.817293084108599, 27.251951440306755 ], [ 88.808209993496462, 27.247377136745513 ], [ 88.80745043508955, 27.246020056180726 ], [ 88.806693015270469, 27.236969665817469 ], [ 88.806699489489915, 27.234487767196754 ], [ 88.807221992900736, 27.232902385636635 ], [ 88.807762959393131, 27.220473541820525 ], [ 88.806293045387804, 27.21551435270527 ], [ 88.802247655604901, 27.208263633459978 ], [ 88.798977360017204, 27.204284379820308 ], [ 88.798332944509866, 27.204053371865655 ], [ 88.796694685511397, 27.201686376924783 ], [ 88.79621729659101, 27.199866778628973 ], [ 88.795962415233362, 27.198283407952943 ], [ 88.796244123367671, 27.189717733286841 ], [ 88.795221489879907, 27.185621936503196 ], [ 88.794199295261308, 27.184035374133259 ], [ 88.791719625160624, 27.181779738644082 ], [ 88.7858982281208, 27.179738341451355 ], [ 88.78386799960856, 27.179271556437243 ], [ 88.781865657274295, 27.179498439201666 ], [ 88.776966681367298, 27.17909038081649 ], [ 88.775111243289302, 27.178691999136504 ], [ 88.77301602976604, 27.178325409390197 ], [ 88.768804850863262, 27.175668694254909 ], [ 88.768422041843792, 27.174976412331603 ], [ 88.767917179534265, 27.174972297933266 ], [ 88.767912766560983, 27.174539734820939 ], [ 88.767579181933741, 27.174259072598147 ], [ 88.765939179149882, 27.172444317151587 ], [ 88.76542813400124, 27.171759134476531 ], [ 88.765333304988076, 27.168698005008991 ], [ 88.76547165489302, 27.167801628242614 ], [ 88.765986100378313, 27.16757502246935 ], [ 88.767704767760904, 27.157884003643915 ], [ 88.767498583792644, 27.156919382723402 ], [ 88.766759403124013, 27.154805766373045 ], [ 88.760849828456855, 27.151621862359093 ], [ 88.758698699585352, 27.148002995841637 ], [ 88.744192262662864, 27.139306770191354 ], [ 88.73956396200731, 27.137137523577906 ], [ 88.731560537189125, 27.138318701247101 ], [ 88.724839830693668, 27.143751770128119 ], [ 88.722016026018821, 27.150018192185883 ], [ 88.718879761791641, 27.164930040788818 ], [ 88.709049667308363, 27.173886212778541 ], [ 88.698601870779783, 27.178469673236862 ], [ 88.691515025098397, 27.179993866723635 ], [ 88.687475368493494, 27.179273144639978 ], [ 88.680613537684678, 27.176373758242391 ], [ 88.675172887518784, 27.171756738682575 ], [ 88.666700214443381, 27.161975073590838 ], [ 88.663574309506828, 27.162179487693265 ], [ 88.64961588526495, 27.166920785465948 ], [ 88.645901315593278, 27.167474843389357 ], [ 88.640418509706535, 27.174290654989761 ], [ 88.626190630593157, 27.18759844221438 ], [ 88.613957763440112, 27.189401090088268 ], [ 88.610713207348681, 27.190890735219284 ], [ 88.605312411538648, 27.191117061303373 ], [ 88.604724380825587, 27.192456688725258 ], [ 88.601200894605654, 27.190922902170257 ], [ 88.5986858011089, 27.194200112645149 ], [ 88.594231679348582, 27.190272401849938 ], [ 88.592293449683041, 27.192574247203822 ], [ 88.573502111932953, 27.187600424320181 ], [ 88.56621021452986, 27.188480936146334 ], [ 88.548080311057561, 27.183440532854377 ], [ 88.536257857614089, 27.177485182695079 ], [ 88.527998022590737, 27.177900802580041 ], [ 88.52770756045561, 27.174753811239441 ], [ 88.537031709845564, 27.165519498725928 ], [ 88.533940043897985, 27.160006139271957 ], [ 88.539234925651328, 27.154065357230479 ], [ 88.537129349240161, 27.149884225576614 ], [ 88.533938105858965, 27.149500326578845 ], [ 88.5289275807433, 27.150066719603501 ], [ 88.525920049970409, 27.147531863504753 ], [ 88.523159155570625, 27.143468921653437 ], [ 88.519435175393085, 27.140760986530381 ], [ 88.514714861501716, 27.135722104891272 ], [ 88.510147498907997, 27.13377788484155 ], [ 88.506097191632136, 27.130953817564659 ], [ 88.503599984751531, 27.127884492575333 ], [ 88.502809306204597, 27.125091241467658 ], [ 88.49902985224594, 27.124595710523693 ], [ 88.493905124022319, 27.126506937145507 ], [ 88.488479402602422, 27.122582703129297 ], [ 88.480975963969627, 27.12042312872444 ], [ 88.476275609631728, 27.117021020403797 ], [ 88.473914018717039, 27.113658529917245 ], [ 88.471971656666653, 27.104518441173184 ], [ 88.467367591840969, 27.095572295724935 ], [ 88.461673028887219, 27.089373402860303 ], [ 88.453450821498279, 27.08512877637196 ], [ 88.446804344145221, 27.083892974781008 ], [ 88.439122464730019, 27.081326715255727 ], [ 88.436335436930904, 27.08333632681007 ], [ 88.418213988884531, 27.09041704630971 ], [ 88.404892195618402, 27.094136051437658 ], [ 88.39476119157581, 27.098116299727508 ], [ 88.377913081923225, 27.099111534469785 ], [ 88.37114918009064, 27.098118224276675 ], [ 88.359570601202336, 27.100769040758678 ], [ 88.355223243358068, 27.103011931955166 ], [ 88.352441067401401, 27.106594125918207 ], [ 88.348096344570706, 27.11035582186372 ], [ 88.339045758155294, 27.107852822449843 ], [ 88.331148672773111, 27.10458380030218 ], [ 88.327388203502835, 27.106997345051468 ], [ 88.327824932274837, 27.116324225682547 ], [ 88.326140945448344, 27.119023635232622 ], [ 88.318614105556605, 27.125024472201687 ], [ 88.31185677147289, 27.128272717312086 ], [ 88.307242743957545, 27.127669416110734 ], [ 88.302275389897375, 27.124437584526959 ], [ 88.285509858693104, 27.130495934939518 ], [ 88.28473560266599, 27.130849758809347 ], [ 88.278275663591046, 27.129794988947651 ], [ 88.270849576546766, 27.127032313890197 ], [ 88.258934840070879, 27.125015961917143 ], [ 88.247457961915472, 27.12001580058876 ], [ 88.239912711102818, 27.119421527681425 ], [ 88.234317801125655, 27.121035710030071 ], [ 88.228922435422135, 27.124917892646693 ], [ 88.221276326541272, 27.134759207971115 ], [ 88.217305264826166, 27.133042521795005 ], [ 88.203056665332895, 27.135866844479324 ], [ 88.195956120278765, 27.134050406401172 ], [ 88.191139683249844, 27.134835248348111 ], [ 88.186456023926439, 27.134337944840354 ], [ 88.180062942251027, 27.129942979584882 ], [ 88.165892766338175, 27.113987723154935 ], [ 88.162891349156496, 27.111731379899311 ], [ 88.159768832865382, 27.11133638956278 ], [ 88.151251976097853, 27.116694299402468 ], [ 88.144093891519958, 27.116503561290358 ], [ 88.134410309188468, 27.122689666694839 ], [ 88.130777510373889, 27.123397657076282 ], [ 88.103466391261009, 27.135104147438483 ], [ 88.100217896139043, 27.135874482421457 ], [ 88.096178681101321, 27.13835173874179 ], [ 88.093392293619502, 27.141109648291661 ], [ 88.091384376387907, 27.144614575202525 ], [ 88.090545392555896, 27.148533451957292 ], [ 88.09147886995396, 27.160655715089206 ], [ 88.090838799970697, 27.164628730131824 ], [ 88.08628922596705, 27.167509207384057 ], [ 88.08071065487286, 27.174005089663183 ], [ 88.079939801880414, 27.178914498605252 ], [ 88.07688774927027, 27.184530078600289 ], [ 88.075077118114564, 27.18984254659631 ], [ 88.076455976662032, 27.193923465895296 ], [ 88.083037458212175, 27.198377068746765 ], [ 88.082591863923426, 27.200415952334367 ], [ 88.07588643780889, 27.204299591852759 ], [ 88.071983270411636, 27.207413301083022 ], [ 88.069388939448061, 27.210869432578306 ], [ 88.065873509355015, 27.213452137106515 ], [ 88.054416291278869, 27.215668058534106 ], [ 88.040618516531367, 27.220580088999952 ], [ 88.031698401959716, 27.220211570207823 ], [ 88.016856900125902, 27.216439148947643 ], [ 88.017016235710742, 27.218778320663034 ], [ 88.01701474733278, 27.218916467321151 ], [ 88.017061837633776, 27.219493990355431 ], [ 88.017548592993251, 27.221314796440765 ], [ 88.020296978722627, 27.224935027229776 ], [ 88.023492090087927, 27.231924456548484 ], [ 88.024659437083415, 27.233112191174712 ], [ 88.028785134526402, 27.239345341014712 ], [ 88.028917113633952, 27.239476679804966 ], [ 88.029786003521281, 27.240182550484349 ], [ 88.033228752205218, 27.247646954043773 ], [ 88.032517447822045, 27.268683657924498 ], [ 88.035205373029612, 27.280443368366832 ], [ 88.038960411293999, 27.285599519802076 ], [ 88.042185244353618, 27.289549281973848 ], [ 88.04369309715878, 27.293632678005736 ], [ 88.044388922410917, 27.300643041743058 ], [ 88.048816058214584, 27.311774904888011 ], [ 88.050988435368083, 27.314802534609328 ], [ 88.05504186958666, 27.321774585428841 ], [ 88.060599337189728, 27.326801144557237 ], [ 88.061634004505777, 27.328391132444835 ], [ 88.062326474387362, 27.329064422485146 ], [ 88.065017090366496, 27.337909816884576 ], [ 88.064836099106742, 27.341835345924551 ], [ 88.06471097822913, 27.343098069620282 ], [ 88.063938713301013, 27.346483176257607 ], [ 88.061326488526674, 27.353243512278311 ], [ 88.05717976493429, 27.357137039842542 ], [ 88.05702099862026, 27.357715756277173 ], [ 88.050040434818243, 27.361468536343921 ], [ 88.050033836492446, 27.361929053083372 ], [ 88.047351088681864, 27.363741095275373 ], [ 88.045515294495317, 27.367350565676134 ], [ 88.044296395662172, 27.373109730529677 ], [ 88.044237384847463, 27.382734909088811 ], [ 88.046735473962997, 27.398556704328485 ], [ 88.048944579428849, 27.406961519958259 ], [ 88.050913645048752, 27.410813727271773 ], [ 88.054077010345793, 27.414471471481249 ], [ 88.057605779183405, 27.416909495776679 ], [ 88.062745408274054, 27.42042009561095 ], [ 88.067534312558564, 27.422480566524996 ], [ 88.070797494508838, 27.425672747899057 ], [ 88.070922765573243, 27.426338146388389 ], [ 88.071279431300752, 27.428597638170515 ], [ 88.069703188651317, 27.432879416551884 ], [ 88.070769510304729, 27.442971008705115 ], [ 88.068814110782625, 27.45074611454163 ], [ 88.064204317275482, 27.454543262661502 ], [ 88.060574180454125, 27.462435904493475 ], [ 88.058704257895272, 27.4638427787213 ], [ 88.055341395988705, 27.466342742023983 ], [ 88.053629451937695, 27.467640235308636 ], [ 88.05242031254744, 27.47050409308946 ], [ 88.051644346909143, 27.470953225311177 ], [ 88.050607477153392, 27.471838919030915 ], [ 88.047999103276027, 27.480640598285049 ], [ 88.047368699206174, 27.492856483539924 ], [ 88.047360320222651, 27.493289426166143 ], [ 88.048119355224117, 27.495551252588314 ], [ 88.051859573560534, 27.502377086233594 ], [ 88.054879084202412, 27.504882436475327 ], [ 88.054872538037273, 27.505342872275776 ], [ 88.055388975520884, 27.50534870527855 ], [ 88.056133792240757, 27.506019257782555 ], [ 88.060128050169453, 27.511244548197396 ], [ 88.061975329597828, 27.517025681689915 ], [ 88.063056317395194, 27.522362777620117 ], [ 88.068114300634534, 27.526700696180228 ], [ 88.070088948346324, 27.531242099843098 ], [ 88.07020332232554, 27.53213803863963 ], [ 88.070061460568013, 27.533944258620693 ], [ 88.069744281373517, 27.534149072921423 ], [ 88.067287799392489, 27.535438635084972 ], [ 88.064283872203021, 27.537045955606402 ], [ 88.063438305333591, 27.537300808185819 ], [ 88.063307373936198, 27.537753746338353 ], [ 88.063288599689201, 27.539549058442333 ], [ 88.066281738611394, 27.543633560640387 ], [ 88.067142021087477, 27.549064552986806 ], [ 88.070403799196015, 27.552504866306606 ], [ 88.072687555586299, 27.553418759168437 ], [ 88.079994609263849, 27.55754466615349 ], [ 88.080730211530124, 27.558224711901005 ], [ 88.081229508834838, 27.559804809944069 ], [ 88.082358192176912, 27.560736246780436 ], [ 88.083505686638205, 27.561639049202824 ], [ 88.083572429823846, 27.569562691565011 ], [ 88.081372981278093, 27.572927951064116 ], [ 88.080615579445521, 27.573353164017362 ], [ 88.079797782741537, 27.579251665332151 ], [ 88.083518463306518, 27.586748940011603 ], [ 88.086031902050706, 27.589932751395395 ], [ 88.094354852394588, 27.596315381149964 ], [ 88.094352403540654, 27.596757133534936 ], [ 88.105045889456278, 27.602488659524056 ], [ 88.106997296887812, 27.603515703287144 ], [ 88.107713110471707, 27.603883811988396 ], [ 88.111235717154671, 27.60708442001004 ], [ 88.113985941997669, 27.611833547280412 ], [ 88.115623390706958, 27.61343324874548 ], [ 88.116251429559895, 27.613879432090187 ], [ 88.117230972031791, 27.617840817999422 ], [ 88.122237033812098, 27.638106102314794 ], [ 88.124344871118979, 27.644484278626635 ], [ 88.125612267692077, 27.646742357573771 ], [ 88.130234206543435, 27.651969812656773 ], [ 88.131642436948937, 27.653130260952821 ], [ 88.134410855076965, 27.654390928798364 ], [ 88.14075466289745, 27.657243123271599 ], [ 88.147395382790762, 27.665213712043226 ], [ 88.149805191756229, 27.666593781078177 ], [ 88.151049252720895, 27.66864118844012 ], [ 88.153484504406435, 27.676763839979287 ], [ 88.155219477396997, 27.68539631718636 ], [ 88.154626678478508, 27.693518566728528 ], [ 88.152052128103264, 27.699383029603212 ], [ 88.152015775707525, 27.703906769681737 ], [ 88.156726181767908, 27.717744582246723 ], [ 88.157882705422594, 27.730182995748692 ], [ 88.160421645342694, 27.735507496673677 ], [ 88.168208896523424, 27.741789183823812 ], [ 88.174794201091572, 27.744774716280176 ], [ 88.180845766119262, 27.749319315234288 ], [ 88.18430655700206, 27.762001401843293 ], [ 88.187035837533926, 27.768152661216391 ], [ 88.190060437439286, 27.773754993298326 ], [ 88.193157166570018, 27.77800581881354 ], [ 88.194049004458066, 27.778672595963599 ], [ 88.194584942840891, 27.779274977158536 ], [ 88.195449024053289, 27.781097717685554 ], [ 88.196093599639994, 27.781542687844819 ], [ 88.198824554709518, 27.788098353456292 ], [ 88.198267999368738, 27.793103943092547 ], [ 88.196718763360309, 27.796932888542017 ], [ 88.195960885786292, 27.797128508174183 ], [ 88.194164615904356, 27.798845176363841 ], [ 88.193644409362037, 27.799985202854884 ], [ 88.193327609681489, 27.800282127518244 ], [ 88.191183847156879, 27.801828189819162 ], [ 88.189956164645366, 27.802512679116887 ], [ 88.18902276368965, 27.806824727779031 ], [ 88.186413976124129, 27.812888432755017 ], [ 88.183092419179843, 27.814702183658881 ], [ 88.17929071599383, 27.81534478343508 ], [ 88.177242895843051, 27.816227892503264 ], [ 88.176829586316387, 27.819165293243714 ], [ 88.17734252094067, 27.820523213775346 ], [ 88.185045004723236, 27.825097103648488 ], [ 88.19313217261174, 27.831269702135103 ], [ 88.197677803987517, 27.834235560123034 ], [ 88.201215177538472, 27.838076778620461 ], [ 88.202699597608387, 27.842171524096614 ], [ 88.202378868789822, 27.850301262293499 ], [ 88.201595797608036, 27.850985727309535 ], [ 88.201084488058711, 27.851237557267496 ], [ 88.191664536589144, 27.856108219818566 ], [ 88.189870781211653, 27.857245022240022 ], [ 88.189352627821563, 27.857235046959886 ], [ 88.189351711412428, 27.857695013314242 ], [ 88.189354751120902, 27.858136388883281 ], [ 88.183221831622291, 27.861925803732902 ], [ 88.183224803881672, 27.862367141530399 ], [ 88.183213556060821, 27.86282763758544 ], [ 88.181946534505016, 27.863711771880844 ], [ 88.181805354433607, 27.863847842903681 ], [ 88.180631993671625, 27.865214617260847 ], [ 88.178870731698964, 27.865981646335968 ], [ 88.173009306734173, 27.866173893510449 ], [ 88.17174101533567, 27.865931188973263 ], [ 88.166658681153251, 27.868147973750013 ], [ 88.163118719353463, 27.868702975961639 ], [ 88.151914345670548, 27.870535658493907 ], [ 88.141877403519402, 27.869635439823753 ], [ 88.13403139063621, 27.873055542679197 ], [ 88.13569073244139, 27.875729707360165 ], [ 88.138793185756981, 27.881411044883862 ], [ 88.13852688031136, 27.885430403790167 ], [ 88.135986456509841, 27.8907760882459 ], [ 88.134887807826146, 27.894575994586546 ], [ 88.134374993711049, 27.894809270631413 ], [ 88.133847496364922, 27.895930896094058 ], [ 88.131565607866548, 27.897059772790328 ], [ 88.131088268408917, 27.898316771401937 ], [ 88.130270841326308, 27.899756755969577 ], [ 88.128218714322259, 27.901554429693249 ], [ 88.127439453568002, 27.901989906608947 ], [ 88.126165013504647, 27.905081319847056 ], [ 88.12539053984159, 27.905511940423764 ], [ 88.125247748185075, 27.90665974515116 ], [ 88.122544963479356, 27.911672999709197 ], [ 88.122310638824956, 27.915318026605689 ], [ 88.122239251540293, 27.917087592018788 ], [ 88.125478407202763, 27.925263556268135 ], [ 88.134553711484671, 27.933917049732088 ], [ 88.1375652127644, 27.937781614629841 ], [ 88.137635725908069, 27.939341522893017 ], [ 88.137507899869718, 27.945013552433522 ], [ 88.132389934547916, 27.947455947434094 ], [ 88.132366912802865, 27.949728813034369 ], [ 88.132627839403312, 27.950395990382674 ], [ 88.138683305690051, 27.955428648713223 ], [ 88.141818309967107, 27.961098522578823 ], [ 88.143456112109959, 27.962467536247857 ], [ 88.147766523106611, 27.962963398142335 ], [ 88.148544321563236, 27.962739470550162 ], [ 88.148725989113188, 27.962665753122053 ], [ 88.162373688594926, 27.957277670128406 ], [ 88.175896369721727, 27.947779008194743 ], [ 88.182281267566509, 27.944212082022034 ], [ 88.184329270279648, 27.943775232740848 ], [ 88.191398430793015, 27.943069719092307 ], [ 88.197310305026633, 27.943196299569593 ], [ 88.203400507627407, 27.945723186775695 ], [ 88.204396927676157, 27.94662351426382 ], [ 88.20579512434557, 27.950013930498528 ], [ 88.207906999608383, 27.957487739167902 ], [ 88.208371951804168, 27.959992910444498 ], [ 88.211259769322965, 27.965002963416055 ], [ 88.212153253869644, 27.965674056412638 ], [ 88.212152462466236, 27.966133953519204 ], [ 88.218475789126444, 27.967300782505163 ], [ 88.222786765796684, 27.965513692902675 ], [ 88.224496217826243, 27.96488697965043 ], [ 88.225304342321579, 27.964495529944827 ], [ 88.226674245420156, 27.963982962243961 ], [ 88.230224814723499, 27.96355035506491 ], [ 88.230991430110464, 27.963786458578227 ], [ 88.231767677236576, 27.964012866500639 ], [ 88.234802153496616, 27.966752371424832 ], [ 88.238338410089625, 27.96743775374938 ], [ 88.239111262275003, 27.967218267908777 ], [ 88.239640060940133, 27.966753901171671 ], [ 88.241421591833046, 27.965415060656596 ], [ 88.24379594952353, 27.953670734017237 ], [ 88.246081590892743, 27.952126260818318 ], [ 88.246344210017355, 27.951004301707201 ], [ 88.246350825430284, 27.950084213415778 ], [ 88.246881247371732, 27.949881849767621 ], [ 88.246876796626907, 27.949422245840026 ], [ 88.252500330226098, 27.948076379821146 ], [ 88.256807145733262, 27.949691565813168 ], [ 88.257059631297011, 27.95037743557026 ], [ 88.267434081817498, 27.955870208643262 ], [ 88.269475234394633, 27.956113181178409 ], [ 88.270252814315995, 27.955888653738441 ], [ 88.273817220588342, 27.956139520522527 ], [ 88.279130797448374, 27.957853301888406 ], [ 88.279623529702178, 27.957629818561315 ], [ 88.2801412082502, 27.957860307607177 ], [ 88.280658278856549, 27.958003464388412 ], [ 88.283431017327644, 27.960061396516267 ], [ 88.284200434102786, 27.960729361670758 ], [ 88.28532309828239, 27.963912807030454 ], [ 88.285439167483673, 27.965038014492848 ], [ 88.288109154813696, 27.966871313060722 ], [ 88.288994320631446, 27.967330859431684 ], [ 88.298680649492439, 27.968502595118707 ], [ 88.302465741300978, 27.967623756930891 ], [ 88.313411613854953, 27.969505819438041 ], [ 88.317484379000973, 27.972249155474174 ], [ 88.322530090990938, 27.977930487601952 ], [ 88.324796537230441, 27.979292285110944 ], [ 88.331513811912941, 27.980898456298746 ], [ 88.332524343223895, 27.980670583380743 ], [ 88.336107167611772, 27.98149396577395 ], [ 88.337762785324344, 27.982082898507031 ], [ 88.340435638793736, 27.984329015571689 ], [ 88.341051115916343, 27.98547849843402 ], [ 88.343628212272222, 27.986598366621365 ], [ 88.346366477031324, 27.987571715462366 ], [ 88.353802346001544, 27.989065558628681 ], [ 88.358811881862891, 27.989215393775453 ], [ 88.35958855976429, 27.989441165877167 ], [ 88.372353404685953, 27.987728275739357 ], [ 88.383317160258798, 27.983267554753922 ], [ 88.390227030153369, 27.979471267285192 ], [ 88.390222049707859, 27.979011648069161 ], [ 88.397348941300663, 27.977447790882877 ], [ 88.398353974156635, 27.977679664884704 ], [ 88.402583569376304, 27.979331879562665 ], [ 88.404597673044236, 27.98070132310761 ], [ 88.409256561441225, 27.982956061972743 ], [ 88.410551987184533, 27.983190879455549 ], [ 88.412837274220863, 27.986353188049236 ], [ 88.415101589966469, 27.987511470777804 ], [ 88.417355487066118, 27.992050452566389 ], [ 88.418509315452582, 27.9931802726515 ], [ 88.420284964779341, 27.995233623632885 ], [ 88.420894841823554, 27.9965946540201 ], [ 88.432063833479162, 28.005239996928367 ], [ 88.432067115105326, 28.005672119372889 ], [ 88.433332464821433, 28.006147467731523 ], [ 88.435103086038623, 28.007736437586573 ], [ 88.435640662086939, 28.007946987763319 ], [ 88.441175066576136, 28.010020812710366 ], [ 88.459505508972143, 28.014640638154958 ], [ 88.464436914432099, 28.016828641029008 ], [ 88.470164388076114, 28.019443003491858 ], [ 88.473198552271413, 28.022840353499589 ], [ 88.477761164646097, 28.032488301094247 ], [ 88.480243223346122, 28.03644843065058 ], [ 88.486570271400979, 28.042221595250453 ], [ 88.490446915992436, 28.044653728986475 ], [ 88.491709727821728, 28.045234536344822 ], [ 88.498260122506679, 28.047725695284669 ], [ 88.509722137566655, 28.048578152759603 ], [ 88.510240623705897, 28.048352596495192 ], [ 88.510245918914109, 28.047897046711398 ], [ 88.51025597962979, 28.047436645085156 ], [ 88.511522360868298, 28.04677547700669 ], [ 88.515583723510076, 28.046129841119296 ], [ 88.525275065192147, 28.043673205354196 ], [ 88.529398217553762, 28.040747516484771 ], [ 88.529641868177748, 28.039837652585675 ], [ 88.529642826855024, 28.039396115138629 ], [ 88.530922943439123, 28.038711054771397 ], [ 88.530917443185501, 28.038251479622147 ], [ 88.536285820234468, 28.036486430604327 ], [ 88.540091020883949, 28.036042475779709 ], [ 88.541874882819627, 28.036282118125314 ], [ 88.546542663713012, 28.038141487139967 ], [ 88.546776785120585, 28.038230023596782 ], [ 88.54747838671824, 28.038560131444967 ], [ 88.549515297193295, 28.040147293662699 ], [ 88.551283551394818, 28.043790748544268 ], [ 88.551441535298693, 28.049351276540222 ], [ 88.551479404850738, 28.050131015733825 ], [ 88.552221007393655, 28.052178844877858 ], [ 88.553615022215581, 28.053533878585654 ], [ 88.55899094907312, 28.060794943631777 ], [ 88.560347070960631, 28.063485544322475 ], [ 88.560855115970867, 28.065072259577164 ], [ 88.561061169537425, 28.077297962730825 ], [ 88.5630441899375, 28.084511804376348 ], [ 88.566855943946734, 28.087239865427478 ], [ 88.57552474746916, 28.088657009013787 ], [ 88.57635477855024, 28.088133918345704 ], [ 88.579342628559516, 28.08618819103225 ], [ 88.583439890338752, 28.085295194817434 ], [ 88.585165993316025, 28.08596518344649 ], [ 88.594104106919076, 28.089859152577901 ], [ 88.596142813340236, 28.090999520811295 ], [ 88.597672816447357, 28.091229338063556 ], [ 88.598943625048321, 28.091008703788702 ], [ 88.603762916525454, 28.095323049319347 ], [ 88.604639848150555, 28.096609055563533 ], [ 88.611389815887378, 28.098082315046838 ], [ 88.613998486540993, 28.099361686992324 ], [ 88.622040196398018, 28.102263498861419 ], [ 88.625062927512147, 28.103377612287034 ], [ 88.622168326407177, 28.108395555010929 ], [ 88.620760011465393, 28.109630803518826 ], [ 88.620168320511652, 28.115479959032939 ], [ 88.619455034022678, 28.118443289925949 ], [ 88.619091751083488, 28.119341331337409 ], [ 88.615503570333544, 28.122511258088139 ], [ 88.615363371422518, 28.125889474119958 ], [ 88.616110698150237, 28.127246789407877 ], [ 88.620449705789326, 28.129310373774786 ], [ 88.629871095274893, 28.130679192290927 ], [ 88.635504665308133, 28.126859672635817 ], [ 88.635509422721725, 28.126404174113418 ], [ 88.635510644900421, 28.125971883495652 ], [ 88.637559510962717, 28.124398097794028 ], [ 88.638316774299767, 28.124172946224519 ], [ 88.638312187757322, 28.123731777499586 ], [ 88.639090060857654, 28.123505500878196 ], [ 88.640344572843844, 28.120797706948679 ], [ 88.640863165103042, 28.12057174508999 ], [ 88.641386559741989, 28.120340924194352 ], [ 88.644982985476474, 28.108391425324044 ], [ 88.646266206520295, 28.104081675329098 ], [ 88.647927074474978, 28.10282773980839 ], [ 88.649810828606917, 28.101423646284275 ], [ 88.653810866478352, 28.098828158792571 ] ] ] } },
{ "type": "Feature", "properties": { "ST_NM": "Tripura" }, "geometry": { "type": "Polygon", "coordinates": [ [ [ 92.221084771045412, 24.501306847732906 ], [ 92.227713646867358, 24.498623441618577 ], [ 92.233416828923566, 24.501713959131962 ], [ 92.234493886683595, 24.49853213075329 ], [ 92.234791159384542, 24.497579308937986 ], [ 92.235204914075609, 24.496407096610255 ], [ 92.235588501907898, 24.495024864705783 ], [ 92.236511582243793, 24.492571279441052 ], [ 92.236767487029965, 24.491067469088478 ], [ 92.239581419846729, 24.488158209034168 ], [ 92.234000800996228, 24.482953282867754 ], [ 92.230446249494889, 24.478286905816105 ], [ 92.229058804220472, 24.470226950513393 ], [ 92.231310990809618, 24.463697883250745 ], [ 92.231223455298277, 24.458635208248324 ], [ 92.232437948352697, 24.456699197210241 ], [ 92.235222473338524, 24.454658741607716 ], [ 92.236062942850594, 24.452027020430705 ], [ 92.236153366085034, 24.448465906576359 ], [ 92.239325656254096, 24.445511854888252 ], [ 92.256583540198278, 24.43451097620067 ], [ 92.257556363835192, 24.430733726480355 ], [ 92.256034853026108, 24.417198859539781 ], [ 92.259409592278928, 24.411720994528309 ], [ 92.262762293644982, 24.408026295377283 ], [ 92.262762312530754, 24.408026066949503 ], [ 92.263280001870669, 24.406309617295051 ], [ 92.262679626163902, 24.403028083779077 ], [ 92.262679600982835, 24.403027822076353 ], [ 92.264246296429519, 24.395794751126914 ], [ 92.269868561984595, 24.393046130674463 ], [ 92.270465713621832, 24.389146316849121 ], [ 92.273119389947965, 24.386651048906856 ], [ 92.272697789571396, 24.384399437883815 ], [ 92.269899732486749, 24.380403726650741 ], [ 92.272504076502003, 24.377551932375809 ], [ 92.272258420389846, 24.375769186498815 ], [ 92.26826226219373, 24.373017599182901 ], [ 92.267583666153314, 24.371456605438027 ], [ 92.268135404725228, 24.365492351990497 ], [ 92.264076123114648, 24.360379606333822 ], [ 92.212817494132082, 24.247635403750905 ], [ 92.24044942480117, 24.248895220837824 ], [ 92.259477936257838, 24.248675596501641 ], [ 92.284655435400055, 24.250241698395712 ], [ 92.291694175445912, 24.249464925166194 ], [ 92.296465946746082, 24.249918609756094 ], [ 92.29696209642367, 24.24772497892468 ], [ 92.295985492036891, 24.246906156993589 ], [ 92.295148408472357, 24.246204336860728 ], [ 92.293928899898845, 24.242510020820873 ], [ 92.294709053679924, 24.238902659330336 ], [ 92.296671047930602, 24.236277106603211 ], [ 92.29613054998498, 24.234254626649772 ], [ 92.296143819481756, 24.232018855385945 ], [ 92.29931044661987, 24.229812202371306 ], [ 92.299009831138846, 24.227562238006954 ], [ 92.297460075322249, 24.22542205118674 ], [ 92.301746800874241, 24.223286965321222 ], [ 92.300995222151812, 24.222700235027901 ], [ 92.300917198769753, 24.222049330012624 ], [ 92.30069879391425, 24.220228252332049 ], [ 92.30322340943286, 24.219799291004506 ], [ 92.313570602401455, 24.221070987236317 ], [ 92.313400004606592, 24.219282419148385 ], [ 92.309485825910201, 24.21429076900381 ], [ 92.309551830752469, 24.212975287479594 ], [ 92.312538106048805, 24.209155658107193 ], [ 92.315911157274172, 24.211385131418751 ], [ 92.318772667824419, 24.207157314158792 ], [ 92.324391586102877, 24.203943685752563 ], [ 92.324590404623507, 24.202860047653132 ], [ 92.323138195571346, 24.202732296258489 ], [ 92.323138156001164, 24.20273229266121 ], [ 92.320006402773345, 24.202456821325313 ], [ 92.320018552614158, 24.20073885991053 ], [ 92.323812176290971, 24.197997674153385 ], [ 92.324948931947688, 24.197176286456511 ], [ 92.325335137706475, 24.1956824369949 ], [ 92.324323059561607, 24.194408935823787 ], [ 92.324536271731631, 24.192911282229943 ], [ 92.329218732258767, 24.189289910201239 ], [ 92.328607232837612, 24.187270753242728 ], [ 92.329375625284911, 24.186296047324788 ], [ 92.326812968443789, 24.184262981451468 ], [ 92.326813007114652, 24.18426297335759 ], [ 92.33015658665721, 24.182974915759814 ], [ 92.330547533641834, 24.180216382080403 ], [ 92.32975041415034, 24.178200771148738 ], [ 92.329671954597075, 24.172797168554553 ], [ 92.328296562936089, 24.164264719341361 ], [ 92.329192097037719, 24.162671992118817 ], [ 92.33158457786601, 24.161716882428209 ], [ 92.334074182777385, 24.148981710637486 ], [ 92.336558240670342, 24.144936187754922 ], [ 92.336013469146337, 24.142507183659632 ], [ 92.335019246141371, 24.141697552799883 ], [ 92.332968829647825, 24.142763294390591 ], [ 92.332002983850657, 24.142178575880621 ], [ 92.332029473381567, 24.138612802638761 ], [ 92.328959786864743, 24.138007315185519 ], [ 92.327966005426845, 24.13678145559976 ], [ 92.327873389645276, 24.133334171634772 ], [ 92.328963821223454, 24.129779755031734 ], [ 92.328480418536572, 24.12788223947382 ], [ 92.330754691575805, 24.126122920936098 ], [ 92.327960283940001, 24.122756704558299 ], [ 92.328284474249131, 24.114082880120861 ], [ 92.33138199748123, 24.111298241820464 ], [ 92.331572225677746, 24.109917116082102 ], [ 92.329016032264121, 24.108512376844772 ], [ 92.332052307168283, 24.104983779777683 ], [ 92.332000155482831, 24.103435052785528 ], [ 92.329132735487406, 24.10104288941784 ], [ 92.329395701750286, 24.099316190190052 ], [ 92.328034358398952, 24.09676819589555 ], [ 92.33122653977307, 24.096922540243099 ], [ 92.329868934903459, 24.094152297390679 ], [ 92.327618452529634, 24.091939392289191 ], [ 92.328463406061417, 24.08729325358081 ], [ 92.328110126281388, 24.083074379179322 ], [ 92.328740261453959, 24.080340289073149 ], [ 92.327749918124255, 24.07877238223972 ], [ 92.32248394597741, 24.075665094168812 ], [ 92.322555807204822, 24.075153152396126 ], [ 92.325985717167157, 24.074713771523363 ], [ 92.326683839287796, 24.074624348335078 ], [ 92.327000870094139, 24.07267376558184 ], [ 92.324788980327241, 24.071960497079317 ], [ 92.323307795118694, 24.071482875234551 ], [ 92.322545284237549, 24.069982020953546 ], [ 92.322981691951554, 24.067802382673847 ], [ 92.320857567023154, 24.066877727625069 ], [ 92.318848266634234, 24.067693654638504 ], [ 92.317842228336247, 24.067280012362744 ], [ 92.316458350672406, 24.064962600643582 ], [ 92.318743198839627, 24.059528071263514 ], [ 92.321408668875051, 24.056919335858709 ], [ 92.318257994810665, 24.055497535582845 ], [ 92.319958334009982, 24.049372845780283 ], [ 92.318690199992773, 24.048321683998552 ], [ 92.316478311125195, 24.049560563069576 ], [ 92.314915232751844, 24.046896884483658 ], [ 92.315077303175087, 24.043107811376444 ], [ 92.317181457758124, 24.037731724439595 ], [ 92.316848544924483, 24.035722491499826 ], [ 92.313768944281435, 24.032929113587784 ], [ 92.318965920440917, 24.029485681419089 ], [ 92.3189127812999, 24.02845462038448 ], [ 92.316330905946586, 24.026182857353035 ], [ 92.318724393116327, 24.023686000308714 ], [ 92.317961147489029, 24.020801022848957 ], [ 92.321346185777884, 24.016990192443473 ], [ 92.320513716634764, 24.016123589532071 ], [ 92.318472963356612, 24.017413363935646 ], [ 92.317036628237872, 24.016992396681815 ], [ 92.316758900502919, 24.015848254893115 ], [ 92.324247244015169, 24.004734741515165 ], [ 92.327054240360951, 24.002412375430822 ], [ 92.326841301584864, 24.000127868106688 ], [ 92.328647891187302, 23.987854029639834 ], [ 92.325386671557681, 23.985683253279547 ], [ 92.326738333707169, 23.984419826313967 ], [ 92.327307914828452, 23.983938376055278 ], [ 92.327364798746544, 23.982900788640507 ], [ 92.325100830139263, 23.981474771443573 ], [ 92.323554720174229, 23.977882404349543 ], [ 92.322321436685002, 23.978024171678214 ], [ 92.321655637098047, 23.973469706261994 ], [ 92.319222458349827, 23.973540828246655 ], [ 92.317255624847292, 23.970322885792598 ], [ 92.314566970289491, 23.970402964125526 ], [ 92.314785094556555, 23.969403217484569 ], [ 92.312233335699943, 23.968453211446615 ], [ 92.312911319301975, 23.959212300607248 ], [ 92.312208068347729, 23.959065559128305 ], [ 92.312208029676867, 23.959065551034428 ], [ 92.311033133772185, 23.958820388650054 ], [ 92.312198931235741, 23.955694567350463 ], [ 92.310794861993372, 23.943868881743526 ], [ 92.312251343724597, 23.942310561683144 ], [ 92.312967200475953, 23.941544679243577 ], [ 92.312262441358655, 23.939477725116944 ], [ 92.312960937597268, 23.932772601174634 ], [ 92.317621125514563, 23.928591056731932 ], [ 92.320707026807895, 23.924355831756259 ], [ 92.327448353858529, 23.922229408160717 ], [ 92.329188996175276, 23.921344753157882 ], [ 92.330180948392126, 23.91967245032339 ], [ 92.328907907673852, 23.917080545730641 ], [ 92.330663311462729, 23.910026582860553 ], [ 92.330004827860591, 23.905815757391338 ], [ 92.329369540471987, 23.903743113254109 ], [ 92.327250516498225, 23.904505750040357 ], [ 92.325295491094096, 23.902671203213515 ], [ 92.323580652125429, 23.902865838987339 ], [ 92.322545077393443, 23.902403054157674 ], [ 92.321072268470459, 23.889649177367687 ], [ 92.32019710940915, 23.889486325433609 ], [ 92.319432251297428, 23.888108153068856 ], [ 92.318645790570827, 23.889116172573381 ], [ 92.318010246875474, 23.888747403769742 ], [ 92.31830224775058, 23.887945460314768 ], [ 92.318492296082638, 23.88742359901994 ], [ 92.317794066043348, 23.886213543220492 ], [ 92.319034438888309, 23.884357060130299 ], [ 92.318828480649927, 23.8819331659829 ], [ 92.316641370802699, 23.882349790410558 ], [ 92.315765941944733, 23.881549231911549 ], [ 92.316059118233795, 23.879933121416457 ], [ 92.316654552165915, 23.879746366401719 ], [ 92.317001129298717, 23.879637672540582 ], [ 92.316922765972947, 23.879202189329646 ], [ 92.316605646133723, 23.877439424589795 ], [ 92.318533279986923, 23.875934516165046 ], [ 92.319911716752358, 23.876264669878651 ], [ 92.321625381206445, 23.872040751179782 ], [ 92.321467006097521, 23.868062250272658 ], [ 92.320540907636826, 23.867571752834181 ], [ 92.318020929922056, 23.866236999737794 ], [ 92.317706896556103, 23.865314722496521 ], [ 92.319696427148472, 23.864091425978586 ], [ 92.319063081396166, 23.863460662179875 ], [ 92.315050825335391, 23.861755021477109 ], [ 92.309361970378689, 23.860919017998356 ], [ 92.306810926483138, 23.862153094689631 ], [ 92.303745866978261, 23.862110847237886 ], [ 92.300135977493426, 23.864735670614778 ], [ 92.294572522204192, 23.863789820343982 ], [ 92.294665186549196, 23.868411192622489 ], [ 92.293429040517879, 23.869629199328131 ], [ 92.291491496135677, 23.869759749412935 ], [ 92.287330406772924, 23.865275779153933 ], [ 92.287299391853537, 23.861352059549972 ], [ 92.284757269232671, 23.855651788599232 ], [ 92.276103395355449, 23.85126523650149 ], [ 92.274270043727597, 23.8474099939761 ], [ 92.273462970539697, 23.840021906885568 ], [ 92.275392336487187, 23.838274536740528 ], [ 92.276612059099307, 23.834925067537881 ], [ 92.281573763618383, 23.829236409532712 ], [ 92.281093942031873, 23.824502749702162 ], [ 92.283219091288117, 23.822667687563808 ], [ 92.282954765250281, 23.821773969193373 ], [ 92.285198729337935, 23.820958260715202 ], [ 92.286281087702093, 23.815114288893369 ], [ 92.285333594369945, 23.814025730603021 ], [ 92.283209838163543, 23.814619522373107 ], [ 92.280267635942721, 23.813478595660683 ], [ 92.27962165561496, 23.814086737013326 ], [ 92.27859817586517, 23.815050238277934 ], [ 92.276151976732422, 23.81357145695722 ], [ 92.26899109886017, 23.81614811624263 ], [ 92.258906800208706, 23.813382580441782 ], [ 92.260165715275605, 23.805467993353261 ], [ 92.261836168204638, 23.803268028596676 ], [ 92.263040542087424, 23.798117229926277 ], [ 92.263233451162876, 23.790034100893081 ], [ 92.26726525938426, 23.768361300233892 ], [ 92.267494867094513, 23.764901918588748 ], [ 92.2665854024944, 23.760290611522578 ], [ 92.267736256822843, 23.754792870594542 ], [ 92.265801155898657, 23.737139722020629 ], [ 92.268483749925167, 23.724393941827032 ], [ 92.260066704414953, 23.723094227216848 ], [ 92.254086844132587, 23.72208149886211 ], [ 92.249193265057215, 23.717905475357441 ], [ 92.244025483589269, 23.710032882111875 ], [ 92.246300220678677, 23.704895737848062 ], [ 92.246721863323387, 23.696038641470182 ], [ 92.239983539109119, 23.689962890974698 ], [ 92.237647483544606, 23.683730300512991 ], [ 92.238661917013928, 23.675509902560009 ], [ 92.238485989836647, 23.670358776536375 ], [ 92.232538417014382, 23.660048310081493 ], [ 92.224434952511103, 23.652879833837289 ], [ 92.215401600703387, 23.654298776067719 ], [ 92.211852445134298, 23.661247752981467 ], [ 92.214943280108344, 23.67299865546363 ], [ 92.216884805789221, 23.678149169048936 ], [ 92.217731577750158, 23.685737276154441 ], [ 92.216831105471215, 23.690979068229467 ], [ 92.212881974623485, 23.69774252130037 ], [ 92.208438876752837, 23.704862100505579 ], [ 92.200886193043459, 23.705200286064382 ], [ 92.192637330648324, 23.708965207878066 ], [ 92.181363182165171, 23.708111362749264 ], [ 92.178293389528335, 23.713255408410419 ], [ 92.17728265946721, 23.721825971791191 ], [ 92.176269261117568, 23.727700327208368 ], [ 92.177216919025625, 23.737822585344077 ], [ 92.171229687899825, 23.737796212725073 ], [ 92.162312199348605, 23.736135833102253 ], [ 92.154573981903809, 23.734036846023685 ], [ 92.146157623475574, 23.728400371180214 ], [ 92.141115504277138, 23.714472102105901 ], [ 92.136735053180246, 23.707319547459178 ], [ 92.129987833771565, 23.702596482541708 ], [ 92.125802629088128, 23.69526636125363 ], [ 92.115046007167564, 23.688446424462995 ], [ 92.110968892900132, 23.681024352891598 ], [ 92.106761340963146, 23.676493978514372 ], [ 92.10059801448682, 23.675570939547299 ], [ 92.095781259097862, 23.676812349310524 ], [ 92.08980348074607, 23.676424118278476 ], [ 92.084848440203416, 23.666834170660479 ], [ 92.085075766333603, 23.659701442467622 ], [ 92.082957135363586, 23.65345228559454 ], [ 92.081212195186708, 23.64883955310296 ], [ 92.07720174856189, 23.645485328285304 ], [ 92.070435860126906, 23.646635410096167 ], [ 92.063671965488879, 23.646516381226036 ], [ 92.05769109167062, 23.646670300194273 ], [ 92.05191113539064, 23.646285820234482 ], [ 92.042093303163483, 23.647689518056836 ], [ 92.036104914610178, 23.649920452766708 ], [ 92.026282336660586, 23.654572208640559 ], [ 92.020765174872963, 23.658156398199253 ], [ 92.012407688763858, 23.663089180521297 ], [ 92.005570244870967, 23.675436931569209 ], [ 92.000129512866806, 23.685165060918905 ], [ 91.996646481749792, 23.694635120814212 ], [ 91.991873896563106, 23.706172660040295 ], [ 91.988767642712617, 23.718801529267239 ], [ 91.983886218873977, 23.730698464562522 ], [ 91.975919842526764, 23.734551406622188 ], [ 91.970918781876321, 23.734703266142844 ], [ 91.96228947927608, 23.732856449865324 ], [ 91.95643287287885, 23.728040151331982 ], [ 91.954509090821944, 23.721887599633078 ], [ 91.953483777354506, 23.713395747615721 ], [ 91.95766885793148, 23.702848415921721 ], [ 91.96161579893004, 23.697984997409776 ], [ 91.95221768659701, 23.694959555738933 ], [ 91.944882221537341, 23.691494988602869 ], [ 91.940680791285558, 23.687946674799264 ], [ 91.938956163196451, 23.68116381435857 ], [ 91.941865276661247, 23.670707490458369 ], [ 91.940429783307934, 23.664283240079499 ], [ 91.943903748359332, 23.656800205265313 ], [ 91.945893447124945, 23.651667529732777 ], [ 91.949458428963396, 23.64626593712336 ], [ 91.949092948081159, 23.641109601327116 ], [ 91.946588768756726, 23.635226735625395 ], [ 91.948204091445746, 23.626747606317053 ], [ 91.951866009408889, 23.620176081161276 ], [ 91.958098098048822, 23.610537790486717 ], [ 91.959700972322082, 23.605030849494142 ], [ 91.957098060027533, 23.596718156817531 ], [ 91.955949859598377, 23.591558560079534 ], [ 91.95539435646441, 23.586137632046132 ], [ 91.957013459903294, 23.577115005553139 ], [ 91.956653488267932, 23.570879376282221 ], [ 91.959332979633359, 23.565200082018237 ], [ 91.962490043380853, 23.561329511447866 ], [ 91.964108249296316, 23.553663139941989 ], [ 91.965219047820881, 23.546528689547415 ], [ 91.967034117130879, 23.538229899490318 ], [ 91.964919617646274, 23.530909596101026 ], [ 91.961707430853323, 23.527277568005388 ], [ 91.961755125498712, 23.518780254405272 ], [ 91.967160556414626, 23.516368895008554 ], [ 91.970999984361868, 23.511871393549995 ], [ 91.97517449160955, 23.501240559804046 ], [ 91.976792172320927, 23.493204274657614 ], [ 91.978488132721225, 23.487155832975361 ], [ 91.978706048345487, 23.482194122161047 ], [ 91.974512407121949, 23.478831322307713 ], [ 91.967179425090478, 23.477168461455392 ], [ 91.959852385779016, 23.474971024693104 ], [ 91.953884285031791, 23.473761834940774 ], [ 91.94675528452882, 23.470663344937464 ], [ 91.943939552168672, 23.466581826690003 ], [ 91.943184109958793, 23.461426200458845 ], [ 91.945677097220312, 23.454393796136856 ], [ 91.945702128950131, 23.449609037726987 ], [ 91.946615568553682, 23.444463429044049 ], [ 91.946052802494876, 23.438953031956885 ], [ 91.942451602259723, 23.435688742941181 ], [ 91.936684379480596, 23.434844496276526 ], [ 91.927768079833072, 23.437060892546185 ], [ 91.92159083275078, 23.438293051882908 ], [ 91.911994205867984, 23.439323331406683 ], [ 91.903687620487347, 23.437112208761448 ], [ 91.898117145989545, 23.435461040894381 ], [ 91.89255159527994, 23.433534318953718 ], [ 91.884473996178031, 23.425997202508938 ], [ 91.876900994984965, 23.416195465448425 ], [ 91.866682260278139, 23.407560833465766 ], [ 91.861891276761071, 23.406090276445127 ], [ 91.856894280146946, 23.406966844744147 ], [ 91.852598120706773, 23.405323445220859 ], [ 91.848017699057607, 23.402315998084873 ], [ 91.842870361877772, 23.397321483599626 ], [ 91.840160242301408, 23.392696497845122 ], [ 91.839917540462181, 23.384661443870584 ], [ 91.841714938993277, 23.378794234466397 ], [ 91.841358652779661, 23.373464088496917 ], [ 91.838837700199747, 23.369205752743369 ], [ 91.835048748500981, 23.366025443319586 ], [ 91.830782521196454, 23.360132865839148 ], [ 91.824699473601868, 23.348358150208526 ], [ 91.820695053334077, 23.346705234958677 ], [ 91.815725085844122, 23.343784978893723 ], [ 91.813202084608577, 23.340974968919738 ], [ 91.8094164496095, 23.337426638028944 ], [ 91.806512799526161, 23.332351975063659 ], [ 91.808017462435998, 23.326669655480259 ], [ 91.80230381496915, 23.318146364063523 ], [ 91.795015270238594, 23.311609428632266 ], [ 91.791798911490616, 23.309416579311744 ], [ 91.788503062566349, 23.306506852509301 ], [ 91.787658156698626, 23.300452302631697 ], [ 91.784781098668816, 23.292124738765722 ], [ 91.7822752546993, 23.288049307129882 ], [ 91.780449236143397, 23.282257859312836 ], [ 91.777759057234789, 23.276366900612004 ], [ 91.777210432115794, 23.270042256445038 ], [ 91.777879770535037, 23.259113617599439 ], [ 91.778519778465068, 23.251172152472918 ], [ 91.780311960028996, 23.246671587923515 ], [ 91.784561566962793, 23.239827410806413 ], [ 91.788587579952889, 23.236419719494506 ], [ 91.791557021739209, 23.23128941547418 ], [ 91.79178981304949, 23.226142518962149 ], [ 91.791089130558987, 23.213134483869396 ], [ 91.792518773822394, 23.20465112954605 ], [ 91.793133937081564, 23.200856138899724 ], [ 91.797950408284748, 23.195376829577071 ], [ 91.7993439140904, 23.191953340774091 ], [ 91.802213832402515, 23.187006136923742 ], [ 91.805380854343014, 23.179887169257483 ], [ 91.806616449989235, 23.171758402328464 ], [ 91.809310676746406, 23.163017134133497 ], [ 91.810915045692866, 23.155705169258226 ], [ 91.811142883537286, 23.151286232573625 ], [ 91.810786886006042, 23.14577157539793 ], [ 91.811448635945851, 23.134577619461595 ], [ 91.813045208669507, 23.130154099831884 ], [ 91.814452896783791, 23.122938220322681 ], [ 91.815361485444271, 23.118974635571021 ], [ 91.819007387381077, 23.113301296617578 ], [ 91.820327233315197, 23.106718243052512 ], [ 91.81898190239292, 23.103186412023319 ], [ 91.821257023492876, 23.099308398663709 ], [ 91.825830665153148, 23.100334089846399 ], [ 91.834026918107838, 23.100377612536818 ], [ 91.835326590449824, 23.095778186414236 ], [ 91.833406675477761, 23.09224731136436 ], [ 91.827094478827178, 23.086877570043896 ], [ 91.822117277190671, 23.085860226368425 ], [ 91.816483446354027, 23.082123807667642 ], [ 91.820312523104519, 23.078258889336325 ], [ 91.81478375736458, 23.07254128844977 ], [ 91.810902483962536, 23.069451576728909 ], [ 91.8069996861866, 23.068160826560927 ], [ 91.802126699787436, 23.068225335830618 ], [ 91.796068965410484, 23.068552581136771 ], [ 91.792447774145501, 23.070695636794255 ], [ 91.787641565106185, 23.073921862903717 ], [ 91.782382348666545, 23.072811992479501 ], [ 91.778977284274333, 23.069901666728583 ], [ 91.777263080227044, 23.063928746514478 ], [ 91.780136448338453, 23.057170352130072 ], [ 91.782416663198489, 23.052851276165541 ], [ 91.783518396556815, 23.047981328575531 ], [ 91.785703687075568, 23.042837818910243 ], [ 91.780686939550662, 23.033422466573597 ], [ 91.774002707758825, 23.040986864851959 ], [ 91.768082629909486, 23.036143717058962 ], [ 91.757140396911836, 23.02334256920426 ], [ 91.755220847064493, 23.019448252035261 ], [ 91.748238687865239, 23.012993441793981 ], [ 91.73920068386451, 23.008420599630995 ], [ 91.730568838880856, 23.00114767612439 ], [ 91.726911401340146, 22.994347306782856 ], [ 91.715838091254966, 22.987597197852438 ], [ 91.710177411158668, 22.987470233364604 ], [ 91.703521331744128, 22.990868702128978 ], [ 91.696597030428677, 22.990009277606134 ], [ 91.691559400645872, 22.984652108807836 ], [ 91.681343421461804, 22.981696075913248 ], [ 91.67734565797582, 22.981580834987597 ], [ 91.674631328672945, 22.978855828933433 ], [ 91.670542078953815, 22.978553367144229 ], [ 91.664762568737615, 22.981044309347453 ], [ 91.659595942898477, 22.980466279994857 ], [ 91.654446932979624, 22.977186390439613 ], [ 91.63861721920938, 22.968684798764514 ], [ 91.636108838252369, 22.965409689105911 ], [ 91.629759433051447, 22.954709021204394 ], [ 91.621545623531745, 22.944180918814425 ], [ 91.616867562488096, 22.944421154712586 ], [ 91.614971707078666, 22.948832801492642 ], [ 91.611829069356133, 22.952695194527678 ], [ 91.60739963218731, 22.957905665014493 ], [ 91.610666093065788, 22.963707954158792 ], [ 91.608875121090023, 22.967125055077304 ], [ 91.605057541272572, 22.970080348729141 ], [ 91.600447728879658, 22.973389299876317 ], [ 91.595437362044663, 22.976964431463387 ], [ 91.590760208416953, 22.976667803576333 ], [ 91.586765788610307, 22.975009239684709 ], [ 91.579199655539753, 22.969996492344308 ], [ 91.572938050250855, 22.97319728472695 ], [ 91.564501841986498, 22.977926256391697 ], [ 91.558236296767745, 22.981764309275491 ], [ 91.557607703033113, 22.986094657342619 ], [ 91.559143722604745, 22.989902298752156 ], [ 91.560264879520616, 22.994603030805251 ], [ 91.560921369325797, 22.998401330057391 ], [ 91.558836875721283, 23.002179622091944 ], [ 91.55281630223061, 22.999068939979622 ], [ 91.54865397090407, 22.99478885951828 ], [ 91.54589725565387, 22.997749598565179 ], [ 91.547508652802151, 23.003815292841523 ], [ 91.549601652194553, 23.010696638938782 ], [ 91.549733713140427, 23.017020314535955 ], [ 91.543527344211611, 23.024195452957827 ], [ 91.547487946811373, 23.02973385673215 ], [ 91.549895243970411, 23.033181945590343 ], [ 91.551699139203947, 23.03915916816112 ], [ 91.548356977892297, 23.041214959902504 ], [ 91.54193867562941, 23.039090296280222 ], [ 91.53724420555568, 23.039689427325243 ], [ 91.536216954049223, 23.046454617886354 ], [ 91.537745018218061, 23.050346157049546 ], [ 91.53855933364639, 23.057216401016149 ], [ 91.534461374892601, 23.057906298836656 ], [ 91.530228653629536, 23.061579237092189 ], [ 91.53450086142567, 23.064320195320818 ], [ 91.535721607466257, 23.069300114708597 ], [ 91.5329297548044, 23.07649951234265 ], [ 91.529261496620848, 23.082434774345415 ], [ 91.531879197367118, 23.085435321882642 ], [ 91.533695481661198, 23.089695605567783 ], [ 91.527032213965583, 23.092439433533059 ], [ 91.524820747779358, 23.099832505565757 ], [ 91.523619136613945, 23.103351459202543 ], [ 91.517723921421918, 23.10727475882311 ], [ 91.517099509534773, 23.111336580119143 ], [ 91.519873259743179, 23.118400344700206 ], [ 91.517201240844656, 23.122802216748937 ], [ 91.507882887585254, 23.127344636645716 ], [ 91.507048859017686, 23.132482570514242 ], [ 91.512378657848842, 23.137668987733662 ], [ 91.517789549448196, 23.144216538762294 ], [ 91.512885214481116, 23.146886363315048 ], [ 91.504863108046038, 23.147636851159803 ], [ 91.505518872098321, 23.151435431899699 ], [ 91.501100207009017, 23.153668554660101 ], [ 91.496523656941292, 23.15299358918287 ], [ 91.494045528278548, 23.155872068141491 ], [ 91.495444448902276, 23.163555176030627 ], [ 91.498797618815104, 23.171072052333386 ], [ 91.498466761831651, 23.175411903536542 ], [ 91.49696208633128, 23.18009232530062 ], [ 91.502794977606186, 23.183661227283835 ], [ 91.507545926903049, 23.186408589584801 ], [ 91.504391411834263, 23.190179055718886 ], [ 91.491588057043259, 23.190976138338158 ], [ 91.482997856066277, 23.190645636586908 ], [ 91.477290840200169, 23.193760460976534 ], [ 91.475502070664106, 23.198348852417666 ], [ 91.479180687238966, 23.201182582909951 ], [ 91.48774758498314, 23.204857619283757 ], [ 91.486725870602527, 23.209360413252512 ], [ 91.485420585591612, 23.213873180702763 ], [ 91.482831478789763, 23.218907888588262 ], [ 91.463902712939898, 23.216145525595607 ], [ 91.458385351502841, 23.220067522997851 ], [ 91.461483728191581, 23.223797857784973 ], [ 91.466158331342001, 23.225732302204051 ], [ 91.470688531250801, 23.232539715935218 ], [ 91.462841438281828, 23.246382843493507 ], [ 91.45471530996366, 23.247043367657341 ], [ 91.453601438455678, 23.251368030210472 ], [ 91.457149847587459, 23.258263745675379 ], [ 91.453403791751668, 23.261938896263075 ], [ 91.448707648938921, 23.26289512111299 ], [ 91.431503027342899, 23.261941209319389 ], [ 91.424878912531824, 23.260533110214908 ], [ 91.422591070521548, 23.263857671794142 ], [ 91.421965901405258, 23.268004557264533 ], [ 91.419658468563512, 23.275030933430855 ], [ 91.416160356715125, 23.282225106003864 ], [ 91.411564164554591, 23.281825950906978 ], [ 91.412695188831947, 23.276597320410076 ], [ 91.416656454232054, 23.261189524477004 ], [ 91.413657055129022, 23.257728073491876 ], [ 91.409229363544341, 23.261397695946982 ], [ 91.406157763270244, 23.265252004976105 ], [ 91.402072396823712, 23.263142176570227 ], [ 91.402709044886592, 23.257463266316734 ], [ 91.409003211029415, 23.253355846695001 ], [ 91.40563197643462, 23.248728077538772 ], [ 91.401075297786804, 23.245343990732636 ], [ 91.401427799653277, 23.238935689830271 ], [ 91.402826122227793, 23.235333760244885 ], [ 91.403175834397302, 23.230373961389262 ], [ 91.395371854027871, 23.228769112204816 ], [ 91.391589795632626, 23.225486112793931 ], [ 91.391374148997841, 23.217267937065685 ], [ 91.388488673313702, 23.213088541103332 ], [ 91.388521468890758, 23.209302671381238 ], [ 91.39151012019596, 23.203369255686653 ], [ 91.387047395520938, 23.200349718964389 ], [ 91.384455166272971, 23.195175930924506 ], [ 91.385187872722213, 23.190764822838332 ], [ 91.384775404061713, 23.183259143994349 ], [ 91.388092749480847, 23.173898776207579 ], [ 91.389207639021379, 23.169574591194475 ], [ 91.388504356590829, 23.160804213743518 ], [ 91.395734671118248, 23.151296040579837 ], [ 91.396864320332156, 23.144977381401077 ], [ 91.398775827542465, 23.139487048188755 ], [ 91.402014449906972, 23.117747458478505 ], [ 91.40623487473971, 23.11552986071456 ], [ 91.407839612408225, 23.111388218291665 ], [ 91.407679884718959, 23.107235646408014 ], [ 91.406249292670793, 23.103335731858579 ], [ 91.406883023332909, 23.09900585143896 ], [ 91.408684137862735, 23.09368995163004 ], [ 91.41127176797778, 23.088749211207187 ], [ 91.414845136893632, 23.08326542775734 ], [ 91.419475676861055, 23.0783373291045 ], [ 91.421595409500583, 23.071486637298506 ], [ 91.418409216712064, 23.067041997090541 ], [ 91.414246326007174, 23.064208913210848 ], [ 91.404106562567847, 23.0625011564033 ], [ 91.393074573632703, 23.062231618794215 ], [ 91.385527552054953, 23.065328855142582 ], [ 91.381596258360673, 23.068727637770337 ], [ 91.377962945133845, 23.071313891922614 ], [ 91.370694526331363, 23.07486294586829 ], [ 91.368321071560274, 23.078729002741341 ], [ 91.366229042536361, 23.082955258778213 ], [ 91.36207832865199, 23.087797192486505 ], [ 91.358811534125039, 23.092014085681569 ], [ 91.356440862755676, 23.095519382213752 ], [ 91.353751824187384, 23.100464448375646 ], [ 91.352145842756499, 23.104780923500869 ], [ 91.350528478606464, 23.110278730978678 ], [ 91.348532666249582, 23.114592062973372 ], [ 91.346492645918943, 23.118735046285394 ], [ 91.344544753937328, 23.122691749424746 ], [ 91.339615616567528, 23.137187692158307 ], [ 91.338538433801716, 23.146659145103513 ], [ 91.334929922977608, 23.155748816954372 ], [ 91.327909551584582, 23.164448146165057 ], [ 91.327907675598794, 23.174287414632545 ], [ 91.328029799935393, 23.18142208985762 ], [ 91.32736993407525, 23.188642716887898 ], [ 91.327109365404965, 23.195055205933045 ], [ 91.326711826389726, 23.20471379790348 ], [ 91.327427561732634, 23.209914526933915 ], [ 91.328069563459621, 23.216103268251288 ], [ 91.327679867431982, 23.224590255835665 ], [ 91.327223245656342, 23.231622602601078 ], [ 91.326663936591444, 23.238394601030052 ], [ 91.323267070419035, 23.245763549648132 ], [ 91.32906071168253, 23.252866411355853 ], [ 91.32588270812056, 23.256900024516597 ], [ 91.32002484357173, 23.256576055440632 ], [ 91.318786558952581, 23.263250702258176 ], [ 91.315811073722159, 23.266920294136298 ], [ 91.315154452615957, 23.273327660643076 ], [ 91.31940526014472, 23.278152899336874 ], [ 91.318083869175268, 23.28301599589156 ], [ 91.312705348672978, 23.283787699642687 ], [ 91.308584150538195, 23.285101000310988 ], [ 91.304651787550029, 23.286688811839269 ], [ 91.302930004915879, 23.292819484831398 ], [ 91.304050567379818, 23.297706652639931 ], [ 91.309960547641197, 23.303087962839243 ], [ 91.315217702834786, 23.304759861878154 ], [ 91.317920566680868, 23.308570747142312 ], [ 91.316105259050516, 23.313796234508686 ], [ 91.31177700100784, 23.31601645739363 ], [ 91.306202953503544, 23.316051735998883 ], [ 91.301995152454367, 23.315923023229004 ], [ 91.294526295452215, 23.320281308735446 ], [ 91.295364011240167, 23.324448179839692 ], [ 91.296989406336081, 23.327893591416171 ], [ 91.298987327603129, 23.332514853977386 ], [ 91.300187633852261, 23.339925175006897 ], [ 91.304432777450756, 23.345471975751138 ], [ 91.309017031111182, 23.346235604489607 ], [ 91.313980603522111, 23.348996468312407 ], [ 91.315992426509354, 23.352618700992309 ], [ 91.317002561219283, 23.360015417077875 ], [ 91.310758134780144, 23.357719314794565 ], [ 91.306586627670811, 23.354347485747894 ], [ 91.304181264953456, 23.350167703077091 ], [ 91.299686223140725, 23.350487474117699 ], [ 91.298641811670336, 23.355904880405944 ], [ 91.295170709160971, 23.360749352001051 ], [ 91.291841903680961, 23.37010777995016 ], [ 91.297291342921199, 23.373041108560358 ], [ 91.296634092289594, 23.379633051923861 ], [ 91.292805054209964, 23.380947151190128 ], [ 91.290209785253467, 23.375965927785387 ], [ 91.286092782456024, 23.376557438874727 ], [ 91.2842408805123, 23.385473608120549 ], [ 91.280504053519337, 23.396545623182021 ], [ 91.28044366584254, 23.401608200158364 ], [ 91.282655016016236, 23.4063178085201 ], [ 91.281813057226884, 23.411371294249875 ], [ 91.277530554891257, 23.418019059432083 ], [ 91.273784490062212, 23.421051689384001 ], [ 91.270812698347413, 23.423548897163926 ], [ 91.27035949129754, 23.429511186492107 ], [ 91.272478588116428, 23.432869666002318 ], [ 91.259390538542561, 23.448367109954233 ], [ 91.254438563788767, 23.462502800463938 ], [ 91.25190805771075, 23.469696997318636 ], [ 91.249734543814213, 23.489726942544394 ], [ 91.242678561066782, 23.490025778267125 ], [ 91.239890041292426, 23.493968330574035 ], [ 91.237966606373845, 23.499456817478176 ], [ 91.232390326752238, 23.498860798087435 ], [ 91.225040342138129, 23.499067261744756 ], [ 91.223225546222011, 23.504371973088155 ], [ 91.220399840380367, 23.511483250651565 ], [ 91.213559297423672, 23.510695480512084 ], [ 91.208134267582466, 23.513533257953554 ], [ 91.205609295932334, 23.520368027262691 ], [ 91.208012462505224, 23.532404315207032 ], [ 91.211981369444686, 23.537223615677362 ], [ 91.214712542150153, 23.546554346306095 ], [ 91.213302430362944, 23.550062328213926 ], [ 91.205878759796974, 23.548000460652815 ], [ 91.199770215523074, 23.551645579280091 ], [ 91.198475298796041, 23.561653214324451 ], [ 91.195480694878199, 23.56614337461707 ], [ 91.18234885101873, 23.583712045374625 ], [ 91.178386745651835, 23.587281926719584 ], [ 91.178881293636834, 23.595686984266933 ], [ 91.174832204043014, 23.597905109932924 ], [ 91.166592373539288, 23.598085767544205 ], [ 91.163218913122421, 23.601399608305314 ], [ 91.163316954513903, 23.610159295515132 ], [ 91.16322142402953, 23.61800931038141 ], [ 91.160669320732609, 23.627198377103468 ], [ 91.161218914421397, 23.638580927168107 ], [ 91.163703631517421, 23.644198326491619 ], [ 91.161230630789021, 23.654194541944605 ], [ 91.161510886518272, 23.663497460139752 ], [ 91.165329120142815, 23.664624697371949 ], [ 91.172116279342902, 23.662437552451138 ], [ 91.183174557260088, 23.655590732226585 ], [ 91.195856203201288, 23.652917405713765 ], [ 91.197397272466219, 23.646788001665016 ], [ 91.203097035300004, 23.645494436619003 ], [ 91.207362784165241, 23.649592498794846 ], [ 91.208439481297091, 23.658093433065517 ], [ 91.208256714775644, 23.66594776197968 ], [ 91.2064298877292, 23.671437741758439 ], [ 91.207576568304034, 23.682194579516306 ], [ 91.204747142866381, 23.68966575587001 ], [ 91.195632514828731, 23.688847063441301 ], [ 91.186016689218889, 23.689482580157005 ], [ 91.174844468997094, 23.688649398750783 ], [ 91.164846068191537, 23.688454722507515 ], [ 91.157768076335685, 23.68937859874336 ], [ 91.156615990835348, 23.695509043307766 ], [ 91.156730637309124, 23.702369040398935 ], [ 91.155108852091928, 23.706776214850493 ], [ 91.152508992995706, 23.711536579149879 ], [ 91.154886332838032, 23.725734816608565 ], [ 91.154841272306953, 23.729345511885924 ], [ 91.158587025071199, 23.736245124113225 ], [ 91.16406904135323, 23.745874592438554 ], [ 91.167369296056222, 23.748704977452803 ], [ 91.175531037527435, 23.747161190436657 ], [ 91.190092673038464, 23.751732665630072 ], [ 91.19997041540239, 23.754359872210387 ], [ 91.2057649155185, 23.754048054773932 ], [ 91.214145761517727, 23.750340542981746 ], [ 91.222787410010994, 23.741486149066588 ], [ 91.227556242326784, 23.74532289613478 ], [ 91.230133877376602, 23.759702219282019 ], [ 91.230985353691153, 23.771362980017557 ], [ 91.229896623630339, 23.780563496907916 ], [ 91.228350653959581, 23.786869049367169 ], [ 91.231792203847192, 23.794939828910003 ], [ 91.234768847404439, 23.800832085332502 ], [ 91.234693872724108, 23.807600016127878 ], [ 91.238847965361344, 23.813689758275757 ], [ 91.245818090732371, 23.822249040560848 ], [ 91.247635815740352, 23.826060043636176 ], [ 91.253984224492399, 23.837674187114089 ], [ 91.252654730631377, 23.843171871384811 ], [ 91.25023739793761, 23.848116795453791 ], [ 91.24581401410552, 23.856735945607454 ], [ 91.242594987069083, 23.864019230203382 ], [ 91.241237080926624, 23.870874528336856 ], [ 91.240088568432725, 23.876730569060555 ], [ 91.233211566060959, 23.885691239459163 ], [ 91.234664559322027, 23.895820434065854 ], [ 91.236931353599175, 23.903517884342932 ], [ 91.243371502193156, 23.907374974975141 ], [ 91.247050682642964, 23.912642810517355 ], [ 91.246084140770563, 23.919494746085718 ], [ 91.242512393332333, 23.922625805936264 ], [ 91.238262617325972, 23.924838874714339 ], [ 91.241956284055334, 23.928306576887053 ], [ 91.261832265346811, 23.925601962960286 ], [ 91.268914713343406, 23.925218905727945 ], [ 91.276641253990761, 23.928358661123355 ], [ 91.275998142500328, 23.932967584086782 ], [ 91.2732097882012, 23.936549675527147 ], [ 91.269137753304733, 23.94039723514436 ], [ 91.26542219527812, 23.946952972701581 ], [ 91.269182109666701, 23.953757201933399 ], [ 91.270407492611753, 23.957835752418077 ], [ 91.274112148157144, 23.961292794926578 ], [ 91.277771084867709, 23.968196711309247 ], [ 91.280452064611154, 23.974087138510697 ], [ 91.284510656441682, 23.980090766076046 ], [ 91.289731639103934, 23.979772633600192 ], [ 91.289575026666228, 23.975795533836845 ], [ 91.290716564917602, 23.970392323347085 ], [ 91.297400954990167, 23.969912740080929 ], [ 91.301685959239705, 23.973381775048949 ], [ 91.304585850156911, 23.978197930590056 ], [ 91.304699776273708, 23.985416278738342 ], [ 91.307314952623017, 23.989502787323829 ], [ 91.316733596478343, 23.990952223766158 ], [ 91.324005082868325, 23.991192717769763 ], [ 91.328206703776402, 23.992948829325087 ], [ 91.334431694067462, 23.990658649077432 ], [ 91.338223975056451, 23.985000858502872 ], [ 91.340811974792871, 23.981778762979559 ], [ 91.349966837599538, 23.980684259271186 ], [ 91.357025495830044, 23.982911370963052 ], [ 91.363293180535891, 23.98523154000361 ], [ 91.368060744807565, 23.980216447231328 ], [ 91.372903353906736, 23.97799959950197 ], [ 91.379898267291253, 23.976075237382361 ], [ 91.385401914067131, 23.975942973189717 ], [ 91.382618238041289, 23.988285376868703 ], [ 91.380312897022634, 23.993050908672558 ], [ 91.37946442714167, 23.99837318467479 ], [ 91.38350865230251, 24.006717668385761 ], [ 91.386596104926355, 24.012703468690177 ], [ 91.391246891331036, 24.019247312713389 ], [ 91.395633661963984, 24.022623257057717 ], [ 91.396869043571542, 24.026875874921757 ], [ 91.395938240757289, 24.031659335609902 ], [ 91.399319992024061, 24.037375887886981 ], [ 91.400459755913062, 24.040998111573629 ], [ 91.40248595366387, 24.045258786463876 ], [ 91.404163383533387, 24.053940842396003 ], [ 91.397024800754025, 24.059297429332958 ], [ 91.393446731981157, 24.062875838948855 ], [ 91.386212318343894, 24.068867191667607 ], [ 91.384004220118698, 24.072639120099382 ], [ 91.382657659823224, 24.078765222736877 ], [ 91.381620373681358, 24.083720378392798 ], [ 91.382302980698057, 24.094199501006244 ], [ 91.380668651736926, 24.100603306197684 ], [ 91.382088372780231, 24.10494626635716 ], [ 91.387657416456648, 24.108971516722193 ], [ 91.393571353735069, 24.108120606081172 ], [ 91.397714352335527, 24.107163340715658 ], [ 91.405880412351223, 24.10759483543336 ], [ 91.414224003934692, 24.10883722006173 ], [ 91.428195488131337, 24.108781673435544 ], [ 91.435694801573902, 24.106399581575488 ], [ 91.438878287403099, 24.10290970302043 ], [ 91.449706562807705, 24.102999111819599 ], [ 91.456020940314204, 24.101335097137053 ], [ 91.462642003725534, 24.098139561291759 ], [ 91.469733543868017, 24.096844113964721 ], [ 91.480644557800133, 24.097922903818983 ], [ 91.490197061245453, 24.097645402713226 ], [ 91.496593280655418, 24.096343069277282 ], [ 91.497910773063779, 24.092377483534108 ], [ 91.498542760839825, 24.088682810463411 ], [ 91.501522255247949, 24.086089163883855 ], [ 91.50732884495028, 24.0849530404505 ], [ 91.516593236188953, 24.083769216076519 ], [ 91.521025204049977, 24.083077785811213 ], [ 91.527727673193624, 24.081776464112579 ], [ 91.536785225757626, 24.080308966585562 ], [ 91.546345467869116, 24.078218601307469 ], [ 91.553453968326039, 24.075836792733867 ], [ 91.563881370029264, 24.075287591149447 ], [ 91.569584861452256, 24.075873102861465 ], [ 91.573883535396874, 24.078973887035318 ], [ 91.578500537869559, 24.080179449821799 ], [ 91.584999373522351, 24.078241865869472 ], [ 91.59093772109901, 24.074491520267486 ], [ 91.596425529014994, 24.076427523211692 ], [ 91.601626792242712, 24.07836431306265 ], [ 91.605540923275043, 24.08064794804443 ], [ 91.603434139973615, 24.085873407531778 ], [ 91.602607436384119, 24.089664371913273 ], [ 91.60295049626842, 24.095438734410095 ], [ 91.610720782638055, 24.095321079704092 ], [ 91.615845798644727, 24.09472222654955 ], [ 91.620270439729097, 24.094841582772858 ], [ 91.624896654856798, 24.09524355904307 ], [ 91.629803225538467, 24.09663357008327 ], [ 91.638307222000776, 24.103197093970778 ], [ 91.642475472665012, 24.10945231317379 ], [ 91.644304098355519, 24.114432328789007 ], [ 91.644851774689698, 24.120221216236189 ], [ 91.642526741216216, 24.126699711022923 ], [ 91.640826003617235, 24.131116357134204 ], [ 91.640280970390506, 24.136625577908148 ], [ 91.640341114351031, 24.141587555821104 ], [ 91.640504571528822, 24.145296581172317 ], [ 91.64419493684693, 24.150647927759735 ], [ 91.64682151929776, 24.153917930168404 ], [ 91.64728964160372, 24.157707725431237 ], [ 91.648608452418216, 24.164225674375416 ], [ 91.648171332441109, 24.16936635837078 ], [ 91.649516192118654, 24.174163636242895 ], [ 91.651539234148402, 24.178606753898634 ], [ 91.656832136493961, 24.181891004266504 ], [ 91.662611804990888, 24.185542334511183 ], [ 91.663862810520357, 24.189071550311837 ], [ 91.663034594271153, 24.193223317302284 ], [ 91.659942137819485, 24.197625882728346 ], [ 91.658430786651536, 24.201857277491399 ], [ 91.656824136125067, 24.20609366079384 ], [ 91.655490099788324, 24.211953932827782 ], [ 91.654439090891401, 24.21944203352308 ], [ 91.658246904970724, 24.224167487039949 ], [ 91.662655905945371, 24.227627464036289 ], [ 91.66744262577663, 24.231361210851276 ], [ 91.671369372498589, 24.233106666339609 ], [ 91.675615453190687, 24.232145767713064 ], [ 91.673884220480431, 24.227160906550637 ], [ 91.673132112956694, 24.222916933869442 ], [ 91.671687300828353, 24.218032678965017 ], [ 91.671334359193395, 24.213688968770953 ], [ 91.672932925714008, 24.210090681439851 ], [ 91.679774459723603, 24.204813107139216 ], [ 91.683371965543813, 24.1981516461816 ], [ 91.685728815232721, 24.186696568491868 ], [ 91.69024463318334, 24.176617541666246 ], [ 91.694561907805848, 24.166800611459109 ], [ 91.698924206087327, 24.162316385792622 ], [ 91.70218741141997, 24.1602630240194 ], [ 91.706423325276319, 24.160105740687413 ], [ 91.709952051845789, 24.162476560444986 ], [ 91.713214269722812, 24.15997020386186 ], [ 91.715623933897518, 24.154565131775485 ], [ 91.720448797574022, 24.154242276060245 ], [ 91.726278179694305, 24.150843862154545 ], [ 91.731323127260566, 24.148346171438732 ], [ 91.739100432838768, 24.147048155647894 ], [ 91.745915498001864, 24.144474328327647 ], [ 91.74976749307541, 24.142152948799605 ], [ 91.755772498402166, 24.142186596933925 ], [ 91.760900275327515, 24.138689569667974 ], [ 91.761393200036196, 24.141320753949685 ], [ 91.767823421913477, 24.148940352615227 ], [ 91.765319689552086, 24.155608034183501 ], [ 91.762469103966055, 24.167696636590563 ], [ 91.761070342522373, 24.182951705157109 ], [ 91.757396261228507, 24.199996151201447 ], [ 91.756510300410071, 24.213536843050917 ], [ 91.75347934409649, 24.222730332638776 ], [ 91.75120860359425, 24.236619662867213 ], [ 91.749765573022842, 24.244834196341117 ], [ 91.764773647286063, 24.240047031345455 ], [ 91.774565299349149, 24.234152944802588 ], [ 91.779919990515225, 24.2303871731296 ], [ 91.78565190770945, 24.226726248917316 ], [ 91.792853385475439, 24.225860509355073 ], [ 91.798101046526142, 24.221649500424178 ], [ 91.803711835832644, 24.222231699033728 ], [ 91.8146417472189, 24.22274340158674 ], [ 91.822379204736592, 24.214483848950522 ], [ 91.831348589565835, 24.213456766516629 ], [ 91.843889529378316, 24.221745399630549 ], [ 91.848006291157446, 24.225202158852596 ], [ 91.854730081428158, 24.220459128985681 ], [ 91.855165443230703, 24.214947806496127 ], [ 91.850762526169717, 24.210679272430525 ], [ 91.84892767717065, 24.205516778976232 ], [ 91.850446705850857, 24.199023045177455 ], [ 91.855716869737819, 24.191197056598924 ], [ 91.865435091256529, 24.181684187175563 ], [ 91.871976379406419, 24.173950845854904 ], [ 91.876747575140541, 24.166747137770244 ], [ 91.882619568938026, 24.158651518053148 ], [ 91.885424187476303, 24.150994692850873 ], [ 91.889922796000292, 24.140632536062753 ], [ 91.89565486338131, 24.135518135653513 ], [ 91.902350478791618, 24.135557160834367 ], [ 91.907361571379454, 24.13693055330242 ], [ 91.91314043498312, 24.140397371441566 ], [ 91.915363055460716, 24.147721746961111 ], [ 91.916672596063506, 24.158843873146282 ], [ 91.918679938628316, 24.16743011081104 ], [ 91.919310318416535, 24.176648023287669 ], [ 91.920648792907514, 24.182791132105137 ], [ 91.92376214780495, 24.190039160578863 ], [ 91.925369247992478, 24.198806753728775 ], [ 91.929537970800766, 24.209394205977901 ], [ 91.930862112796319, 24.217985354840323 ], [ 91.931885633015611, 24.228008790972979 ], [ 91.935000662450648, 24.234711292492193 ], [ 91.939354543077741, 24.246568726865291 ], [ 91.944009421397766, 24.257695675215302 ], [ 91.943972103130136, 24.264742919250352 ], [ 91.944697055624658, 24.274683472064623 ], [ 91.943162784335073, 24.283256558043774 ], [ 91.939776497787193, 24.289744411175661 ], [ 91.937661873296861, 24.296685295090356 ], [ 91.934654098807698, 24.304707578691875 ], [ 91.933240664924824, 24.310567973932905 ], [ 91.929560766815996, 24.316512186887962 ], [ 91.927454803696264, 24.321650140541578 ], [ 91.926197531690775, 24.33355818516219 ], [ 91.9279339319055, 24.339076572725673 ], [ 91.936597539145168, 24.341295277555048 ], [ 91.950438415700376, 24.348595034133552 ], [ 91.96231843294936, 24.357950387300605 ], [ 91.969746653185553, 24.352124207666122 ], [ 91.972950007736699, 24.34464283749702 ], [ 91.975838615759585, 24.338879334313901 ], [ 91.981482973160723, 24.333572936741689 ], [ 91.991764236830136, 24.328296649370941 ], [ 91.998566926422598, 24.327965679072861 ], [ 92.004844727602176, 24.333151299492954 ], [ 92.00492051077299, 24.338020360351379 ], [ 91.99876898609989, 24.344587291770154 ], [ 91.992323854362439, 24.350878732067883 ], [ 91.988049761587263, 24.357360675754649 ], [ 91.986730716949069, 24.362320163444849 ], [ 91.983450609757881, 24.367453605199785 ], [ 91.978580222399387, 24.373935564174985 ], [ 91.974588450196904, 24.382763101635874 ], [ 91.979689668343553, 24.38640117587363 ], [ 91.987306849631466, 24.381834852896191 ], [ 91.993986492182898, 24.385839005166019 ], [ 91.995344635746392, 24.390450667464393 ], [ 92.005878283356139, 24.393032550911528 ], [ 92.010263274230795, 24.384651553826188 ], [ 92.020911126747137, 24.385968905041011 ], [ 92.028507274691037, 24.384107583598166 ], [ 92.036632897590209, 24.377280856026744 ], [ 92.041858825624388, 24.376947104125634 ], [ 92.058040848806172, 24.375297504676155 ], [ 92.069376623332573, 24.374535734836343 ], [ 92.07815859574265, 24.374302280725715 ], [ 92.085750131963096, 24.374339930843178 ], [ 92.094521842209303, 24.374372018653787 ], [ 92.102002056749598, 24.37783958502888 ], [ 92.109778886586412, 24.380218218096331 ], [ 92.118258497931379, 24.379715168820042 ], [ 92.124166795561223, 24.382178337260484 ], [ 92.126996322622233, 24.387788882850714 ], [ 92.125574509755893, 24.395729453151773 ], [ 92.130265057886163, 24.405502165492578 ], [ 92.133592870514633, 24.410396294053783 ], [ 92.136322773377344, 24.415367695962459 ], [ 92.139252067628888, 24.421702700319429 ], [ 92.147517524314367, 24.425531316617025 ], [ 92.153835683470049, 24.425197675332527 ], [ 92.160745874422616, 24.423864813510363 ], [ 92.165389877241125, 24.421359523523222 ], [ 92.171799108042478, 24.421563085967705 ], [ 92.17247731737433, 24.42617208537348 ], [ 92.169090091034946, 24.433106785549739 ], [ 92.166297341748987, 24.439605926072659 ], [ 92.164381040252863, 24.449076492286338 ], [ 92.1620697187426, 24.45864498028169 ], [ 92.160176221355584, 24.463876028156221 ], [ 92.159933981767892, 24.471462311436596 ], [ 92.157109667177451, 24.484638857897039 ], [ 92.156197438061383, 24.490321366338037 ], [ 92.155982992920826, 24.495744850244705 ], [ 92.154261478284639, 24.503233222535243 ], [ 92.154811751860905, 24.512900821215965 ], [ 92.156457617325259, 24.519679103208091 ], [ 92.158807307511267, 24.524657202368019 ], [ 92.170436738564717, 24.527497894512294 ], [ 92.180720680415106, 24.524554840633414 ], [ 92.187641709097647, 24.520884381808798 ], [ 92.196248008838609, 24.51730390105422 ], [ 92.204856174672784, 24.511460725132395 ], [ 92.212678290770555, 24.507239056537287 ], [ 92.221084771045412, 24.501306847732906 ] ] ] } }
]
}
