Latitude,Longitude,Risk_Rating
25.2,91.55,0.1755
25.2,91.559951,0.2895
25.2,91.569901,0.0942
25.2,91.579852,0.1534
25.2,91.589802,0.1665
25.2,91.599753,0.1395
25.2,91.609703,0.3733
25.2,91.619654,0.1654
25.2,91.629605,0.4619
25.2,91.639555,0.5112
25.2,91.649506,0.1594
25.2,91.659456,0.444
25.2,91.669407,0.1856
25.2,91.679357,0.1234
25.2,91.689308,0.1134
25.2,91.699259,0.0939
25.2,91.709209,0.1449
25.2,91.71916,0.0989
25.2,91.72911,0.1148
25.2,91.739061,0.1228
25.2,91.749012,0.1356
25.2,91.758962,0.4474
25.2,91.768913,0.1508
25.2,91.778863,0.4209
25.2,91.788814,0.2002
25.2,91.798764,0.5182
25.2,91.808715,0.1389
25.2,91.818666,0.5003
25.2,91.828616,0.358
25.2,91.838567,0.1318
25.2,91.848517,0.1738
25.2,91.858468,0.1192
25.2,91.868418,0.1534
25.2,91.878369,0.3943
25.2,91.88832,0.099
25.2,91.89827,0.1005
25.2,91.908221,0.1277
25.2,91.918171,0.1618
25.2,91.928122,0.1644
25.2,91.938072,0.1672
25.2,91.948023,0.6714
25.2,91.957974,0.122
25.2,91.967924,0.1292
25.2,91.977875,0.196
25.2,91.987825,0.1057
25.2,91.997776,0.1504
25.2,92.007726,0.1015
25.2,92.017677,0.5333
25.2,92.027628,0.1994
25.2,92.037578,0.4926
25.2,92.047529,0.8559
25.208983,91.55,0.4521
25.208983,91.559951,0.4611
25.208983,91.569901,0.3975
25.208983,91.579852,0.1395
25.208983,91.589802,0.2609
25.208983,91.599753,0.2252
25.208983,91.609703,0.4
25.208983,91.619654,0.542
25.208983,91.629605,0.4412
25.208983,91.639555,0.3639
25.208983,91.649506,0.1248
25.208983,91.659456,0.5436
25.208983,91.669407,0.0797
25.208983,91.679357,0.4021
25.208983,91.689308,0.1834
25.208983,91.699259,0.3249
25.208983,91.709209,0.3415
25.208983,91.71916,0.8326
25.208983,91.72911,0.1039
25.208983,91.739061,0.5508
25.208983,91.749012,0.883
25.208983,91.758962,0.3781
25.208983,91.768913,0.3742
25.208983,91.778863,0.1228
25.208983,91.788814,0.3539
25.208983,91.798764,0.4633
25.208983,91.808715,0.0978
25.208983,91.818666,0.1264
25.208983,91.828616,0.1089
25.208983,91.838567,0.0896
25.208983,91.848517,0.1379
25.208983,91.858468,0.1459
25.208983,91.868418,0.1478
25.208983,91.878369,0.3856
25.208983,91.88832,0.3508
25.208983,91.89827,0.5105
25.208983,91.908221,0.6168
25.208983,91.918171,0.4581
25.208983,91.928122,0.1154
25.208983,91.938072,0.1133
25.208983,91.948023,0.3533
25.208983,91.957974,0.1042
25.208983,91.967924,0.091
25.208983,91.977875,0.0986
25.208983,91.987825,0.3654
25.208983,91.997776,0.1651
25.208983,92.007726,0.7799
25.208983,92.017677,0.4403
25.208983,92.027628,0.797
25.208983,92.037578,0.121
25.208983,92.047529,0.8019
25.217966,91.55,0.1398
25.217966,91.559951,0.1516
25.217966,91.569901,0.8753
25.217966,91.579852,0.422
25.217966,91.589802,0.239
25.217966,91.599753,0.5411
25.217966,91.609703,0.4422
25.217966,91.619654,0.4633
25.217966,91.629605,0.3294
25.217966,91.639555,0.5213
25.217966,91.649506,0.121
25.217966,91.659456,0.4826
25.217966,91.669407,0.4827
25.217966,91.679357,0.5249
25.217966,91.689308,0.8851
25.217966,91.699259,0.1423
25.217966,91.709209,0.5532
25.217966,91.71916,0.8687
25.217966,91.72911,0.5241
25.217966,91.739061,0.551
25.217966,91.749012,0.8901
25.217966,91.758962,0.3716
25.217966,91.768913,0.3857
25.217966,91.778863,0.3958
25.217966,91.788814,0.389
25.217966,91.798764,0.3485
25.217966,91.808715,0.1259
25.217966,91.818666,0.1155
25.217966,91.828616,0.5763
25.217966,91.838567,0.578
25.217966,91.848517,0.1411
25.217966,91.858468,0.1582
25.217966,91.868418,0.1347
25.217966,91.878369,0.334
25.217966,91.88832,0.112
25.217966,91.89827,0.1004
25.217966,91.908221,0.1247
25.217966,91.918171,0.1122
25.217966,91.928122,0.101
25.217966,91.938072,0.1086
25.217966,91.948023,0.1721
25.217966,91.957974,0.1239
25.217966,91.967924,0.1049
25.217966,91.977875,0.3015
25.217966,91.987825,0.5073
25.217966,91.997776,0.3266
25.217966,92.007726,0.6486
25.217966,92.017677,0.3717
25.217966,92.027628,0.1409
25.217966,92.037578,0.1264
25.217966,92.047529,0.1174
25.226949,91.55,0.2005
25.226949,91.559951,0.6535
25.226949,91.569901,0.1769
25.226949,91.579852,0.3089
25.226949,91.589802,0.4623
25.226949,91.599753,0.4821
25.226949,91.609703,0.3397
25.226949,91.619654,0.1654
25.226949,91.629605,0.3747
25.226949,91.639555,0.8278
25.226949,91.649506,0.8472
25.226949,91.659456,0.8331
25.226949,91.669407,0.8283
25.226949,91.679357,0.497
25.226949,91.689308,0.4321
25.226949,91.699259,0.1021
25.226949,91.709209,0.909
25.226949,91.71916,0.8297
25.226949,91.72911,0.5321
25.226949,91.739061,0.2643
25.226949,91.749012,0.8353
25.226949,91.758962,0.0683
25.226949,91.768913,0.3261
25.226949,91.778863,0.1261
25.226949,91.788814,0.3883
25.226949,91.798764,0.4
25.226949,91.808715,0.8153
25.226949,91.818666,0.4267
25.226949,91.828616,0.1478
25.226949,91.838567,0.6517
25.226949,91.848517,0.6594
25.226949,91.858468,0.5744
25.226949,91.868418,0.1364
25.226949,91.878369,0.3787
25.226949,91.88832,0.1011
25.226949,91.89827,0.5523
25.226949,91.908221,0.5478
25.226949,91.918171,0.1623
25.226949,91.928122,0.4228
25.226949,91.938072,0.1145
25.226949,91.948023,0.1241
25.226949,91.957974,0.129
25.226949,91.967924,0.0985
25.226949,91.977875,0.106
25.226949,91.987825,0.3385
25.226949,91.997776,0.5702
25.226949,92.007726,0.822
25.226949,92.017677,0.8131
25.226949,92.027628,0.5289
25.226949,92.037578,0.3612
25.226949,92.047529,0.1448
25.235932,91.55,0.6286
25.235932,91.559951,0.6415
25.235932,91.569901,0.1444
25.235932,91.579852,0.2576
25.235932,91.589802,0.4235
25.235932,91.599753,0.1905
25.235932,91.609703,0.1235
25.235932,91.619654,0.2203
25.235932,91.629605,0.2085
25.235932,91.639555,0.1625
25.235932,91.649506,0.1686
25.235932,91.659456,0.1056
25.235932,91.669407,0.1373
25.235932,91.679357,0.2837
25.235932,91.689308,0.1694
25.235932,91.699259,0.1182
25.235932,91.709209,0.9063
25.235932,91.71916,0.4956
25.235932,91.72911,0.4648
25.235932,91.739061,0.3342
25.235932,91.749012,0.2959
25.235932,91.758962,0.1075
25.235932,91.768913,0.3775
25.235932,91.778863,0.5858
25.235932,91.788814,0.1177
25.235932,91.798764,0.8082
25.235932,91.808715,0.5555
25.235932,91.818666,0.5716
25.235932,91.828616,0.1016
25.235932,91.838567,0.6278
25.235932,91.848517,0.5676
25.235932,91.858468,0.653
25.235932,91.868418,0.5679
25.235932,91.878369,0.9458
25.235932,91.88832,0.8603
25.235932,91.89827,0.5778
25.235932,91.908221,0.1912
25.235932,91.918171,0.641
25.235932,91.928122,0.1452
25.235932,91.938072,0.5202
25.235932,91.948023,0.0896
25.235932,91.957974,0.5961
25.235932,91.967924,0.4834
25.235932,91.977875,0.4736
25.235932,91.987825,0.3227
25.235932,91.997776,0.2629
25.235932,92.007726,0.382
25.235932,92.017677,0.0977
25.235932,92.027628,0.1432
25.235932,92.037578,0.1665
25.235932,92.047529,0.3331
25.244916,91.55,0.7153
25.244916,91.559951,0.6183
25.244916,91.569901,0.1969
25.244916,91.579852,0.5051
25.244916,91.589802,0.208
25.244916,91.599753,0.5057
25.244916,91.609703,0.4248
25.244916,91.619654,0.4
25.244916,91.629605,0.1882
25.244916,91.639555,0.4756
25.244916,91.649506,0.4566
25.244916,91.659456,0.5226
25.244916,91.669407,0.3842
25.244916,91.679357,0.2982
25.244916,91.689308,0.4723
25.244916,91.699259,0.8826
25.244916,91.709209,0.5472
25.244916,91.71916,0.0876
25.244916,91.72911,0.1025
25.244916,91.739061,0.7957
25.244916,91.749012,0.4571
25.244916,91.758962,0.9006
25.244916,91.768913,0.3143
25.244916,91.778863,0.9074
25.244916,91.788814,0.3223
25.244916,91.798764,0.9313
25.244916,91.808715,0.2989
25.244916,91.818666,0.2663
25.244916,91.828616,0.7843
25.244916,91.838567,0.465
25.244916,91.848517,0.523
25.244916,91.858468,0.6304
25.244916,91.868418,0.3718
25.244916,91.878369,0.7749
25.244916,91.88832,0.122
25.244916,91.89827,0.3748
25.244916,91.908221,0.6101
25.244916,91.918171,0.641
25.244916,91.928122,0.1839
25.244916,91.938072,0.1259
25.244916,91.948023,0.3371
25.244916,91.957974,0.4899
25.244916,91.967924,0.8555
25.244916,91.977875,0.3436
25.244916,91.987825,0.3914
25.244916,91.997776,0.1075
25.244916,92.007726,0.3558
25.244916,92.017677,0.4477
25.244916,92.027628,0.5698
25.244916,92.037578,0.1275
25.244916,92.047529,0.1341
25.253899,91.55,0.2245
25.253899,91.559951,0.1463
25.253899,91.569901,0.1262
25.253899,91.579852,0.4981
25.253899,91.589802,0.4721
25.253899,91.599753,0.1397
25.253899,91.609703,0.4232
25.253899,91.619654,0.4625
25.253899,91.629605,0.5521
25.253899,91.639555,0.3607
25.253899,91.649506,0.7784
25.253899,91.659456,0.291
25.253899,91.669407,0.343
25.253899,91.679357,0.2851
25.253899,91.689308,0.337
25.253899,91.699259,0.8681
25.253899,91.709209,0.0982
25.253899,91.71916,0.3007
25.253899,91.72911,0.106
25.253899,91.739061,0.5133
25.253899,91.749012,0.4961
25.253899,91.758962,0.8366
25.253899,91.768913,0.8528
25.253899,91.778863,0.4114
25.253899,91.788814,0.1462
25.253899,91.798764,0.389
25.253899,91.808715,0.0928
25.253899,91.818666,0.8913
25.253899,91.828616,0.7503
25.253899,91.838567,0.8601
25.253899,91.848517,0.7716
25.253899,91.858468,0.0784
25.253899,91.868418,0.8558
25.253899,91.878369,0.7929
25.253899,91.88832,0.1161
25.253899,91.89827,0.1579
25.253899,91.908221,0.5708
25.253899,91.918171,0.5494
25.253899,91.928122,0.628
25.253899,91.938072,0.6609
25.253899,91.948023,0.549
25.253899,91.957974,0.4745
25.253899,91.967924,0.3691
25.253899,91.977875,0.3833
25.253899,91.987825,0.8093
25.253899,91.997776,0.5932
25.253899,92.007726,0.5138
25.253899,92.017677,0.1251
25.253899,92.027628,0.1362
25.253899,92.037578,0.7912
25.253899,92.047529,0.547
25.262882,91.55,0.1472
25.262882,91.559951,0.2442
25.262882,91.569901,0.879
25.262882,91.579852,0.2276
25.262882,91.589802,0.1755
25.262882,91.599753,0.5492
25.262882,91.609703,0.1856
25.262882,91.619654,0.1446
25.262882,91.629605,0.4185
25.262882,91.639555,0.7933
25.262882,91.649506,0.5109
25.262882,91.659456,0.5105
25.262882,91.669407,0.2793
25.262882,91.679357,0.5039
25.262882,91.689308,0.4256
25.262882,91.699259,0.2738
25.262882,91.709209,0.1006
25.262882,91.71916,0.1108
25.262882,91.72911,0.0805
25.262882,91.739061,0.4595
25.262882,91.749012,0.8507
25.262882,91.758962,0.8688
25.262882,91.768913,0.3546
25.262882,91.778863,0.4005
25.262882,91.788814,0.3482
25.262882,91.798764,0.4061
25.262882,91.808715,0.3783
25.262882,91.818666,0.1411
25.262882,91.828616,0.8092
25.262882,91.838567,0.3251
25.262882,91.848517,0.893
25.262882,91.858468,0.387
25.262882,91.868418,0.4537
25.262882,91.878369,0.0749
25.262882,91.88832,0.4884
25.262882,91.89827,0.0891
25.262882,91.908221,0.7002
25.262882,91.918171,0.6218
25.262882,91.928122,0.6587
25.262882,91.938072,0.6332
25.262882,91.948023,0.623
25.262882,91.957974,0.5332
25.262882,91.967924,0.5756
25.262882,91.977875,0.8159
25.262882,91.987825,0.1026
25.262882,91.997776,0.4253
25.262882,92.007726,0.1154
25.262882,92.017677,0.5086
25.262882,92.027628,0.1259
25.262882,92.037578,0.4779
25.262882,92.047529,0.5313
25.271865,91.55,0.3615
25.271865,91.559951,0.2104
25.271865,91.569901,0.154
25.271865,91.579852,0.1712
25.271865,91.589802,0.6098
25.271865,91.599753,0.9145
25.271865,91.609703,0.2029
25.271865,91.619654,0.4618
25.271865,91.629605,0.8028
25.271865,91.639555,0.8186
25.271865,91.649506,0.7571
25.271865,91.659456,0.6285
25.271865,91.669407,0.8953
25.271865,91.679357,0.2737
25.271865,91.689308,0.2268
25.271865,91.699259,0.1111
25.271865,91.709209,0.1133
25.271865,91.71916,0.4913
25.271865,91.72911,0.4692
25.271865,91.739061,0.8507
25.271865,91.749012,0.3161
25.271865,91.758962,0.1334
25.271865,91.768913,0.3255
25.271865,91.778863,0.3353
25.271865,91.788814,0.1303
25.271865,91.798764,0.8179
25.271865,91.808715,0.1223
25.271865,91.818666,0.3559
25.271865,91.828616,0.3043
25.271865,91.838567,0.3567
25.271865,91.848517,0.5349
25.271865,91.858468,0.4651
25.271865,91.868418,0.4429
25.271865,91.878369,0.089
25.271865,91.88832,0.4464
25.271865,91.89827,0.5077
25.271865,91.908221,0.5378
25.271865,91.918171,0.6299
25.271865,91.928122,0.6209
25.271865,91.938072,0.1655
25.271865,91.948023,0.1695
25.271865,91.957974,0.21
25.271865,91.967924,0.3313
25.271865,91.977875,0.5903
25.271865,91.987825,0.2565
25.271865,91.997776,0.3636
25.271865,92.007726,0.3767
25.271865,92.017677,0.1031
25.271865,92.027628,0.4752
25.271865,92.037578,0.5936
25.271865,92.047529,0.0962
25.280848,91.55,0.4183
25.280848,91.559951,0.3833
25.280848,91.569901,0.3912
25.280848,91.579852,0.4482
25.280848,91.589802,0.8526
25.280848,91.599753,0.861
25.280848,91.609703,0.528
25.280848,91.619654,0.4648
25.280848,91.629605,0.8112
25.280848,91.639555,0.8045
25.280848,91.649506,0.7716
25.280848,91.659456,0.7169
25.280848,91.669407,0.1344
25.280848,91.679357,0.1483
25.280848,91.689308,0.2273
25.280848,91.699259,0.1027
25.280848,91.709209,0.0968
25.280848,91.71916,0.5405
25.280848,91.72911,0.4531
25.280848,91.739061,0.385
25.280848,91.749012,0.8073
25.280848,91.758962,0.7948
25.280848,91.768913,0.8125
25.280848,91.778863,0.826
25.280848,91.788814,0.291
25.280848,91.798764,0.3286
25.280848,91.808715,0.8132
25.280848,91.818666,0.3114
25.280848,91.828616,0.8339
25.280848,91.838567,0.6196
25.280848,91.848517,0.8787
25.280848,91.858468,0.8202
25.280848,91.868418,0.4339
25.280848,91.878369,0.4637
25.280848,91.88832,0.1373
25.280848,91.89827,0.7717
25.280848,91.908221,0.0829
25.280848,91.918171,0.6151
25.280848,91.928122,0.862
25.280848,91.938072,0.5445
25.280848,91.948023,0.316
25.280848,91.957974,0.5318
25.280848,91.967924,0.8142
25.280848,91.977875,0.8295
25.280848,91.987825,0.3423
25.280848,91.997776,0.3645
25.280848,92.007726,0.3668
25.280848,92.017677,0.5879
25.280848,92.027628,0.7547
25.280848,92.037578,0.332
25.280848,92.047529,0.1781
25.289831,91.55,0.4706
25.289831,91.559951,0.4084
25.289831,91.569901,0.314
25.289831,91.579852,0.4357
25.289831,91.589802,0.4187
25.289831,91.599753,0.8668
25.289831,91.609703,0.3901
25.289831,91.619654,0.3348
25.289831,91.629605,0.3298
25.289831,91.639555,0.3942
25.289831,91.649506,0.8177
25.289831,91.659456,0.2583
25.289831,91.669407,0.2623
25.289831,91.679357,0.2352
25.289831,91.689308,0.1022
25.289831,91.699259,0.0842
25.289831,91.709209,0.1153
25.289831,91.71916,0.1155
25.289831,91.72911,0.8847
25.289831,91.739061,0.1139
25.289831,91.749012,0.2945
25.289831,91.758962,0.1387
25.289831,91.768913,0.4474
25.289831,91.778863,0.4232
25.289831,91.788814,0.3612
25.289831,91.798764,0.3469
25.289831,91.808715,0.3353
25.289831,91.818666,0.7893
25.289831,91.828616,0.7818
25.289831,91.838567,0.9434
25.289831,91.848517,0.8324
25.289831,91.858468,0.7901
25.289831,91.868418,0.8551
25.289831,91.878369,0.776
25.289831,91.88832,0.4329
25.289831,91.89827,0.1044
25.289831,91.908221,0.1675
25.289831,91.918171,0.5731
25.289831,91.928122,0.4357
25.289831,91.938072,0.1013
25.289831,91.948023,0.5189
25.289831,91.957974,0.6569
25.289831,91.967924,0.6459
25.289831,91.977875,0.8936
25.289831,91.987825,0.395
25.289831,91.997776,0.3674
25.289831,92.007726,0.4099
25.289831,92.017677,0.1605
25.289831,92.027628,0.172
25.289831,92.037578,0.1102
25.289831,92.047529,0.0819
25.298814,91.55,0.211
25.298814,91.559951,0.4383
25.298814,91.569901,0.3975
25.298814,91.579852,0.1423
25.298814,91.589802,0.8407
25.298814,91.599753,0.8451
25.298814,91.609703,0.414
25.298814,91.619654,0.3361
25.298814,91.629605,0.3046
25.298814,91.639555,0.5341
25.298814,91.649506,0.7843
25.298814,91.659456,0.3067
25.298814,91.669407,0.2172
25.298814,91.679357,0.1112
25.298814,91.689308,0.1325
25.298814,91.699259,0.1328
25.298814,91.709209,0.1111
25.298814,91.71916,0.1037
25.298814,91.72911,0.5324
25.298814,91.739061,0.2637
25.298814,91.749012,0.8259
25.298814,91.758962,0.6242
25.298814,91.768913,0.4731
25.298814,91.778863,0.3798
25.298814,91.788814,0.4076
25.298814,91.798764,0.1956
25.298814,91.808715,0.278
25.298814,91.818666,0.147
25.298814,91.828616,0.7534
25.298814,91.838567,0.8073
25.298814,91.848517,0.6212
25.298814,91.858468,0.8684
25.298814,91.868418,0.7762
25.298814,91.878369,0.8615
25.298814,91.88832,0.5021
25.298814,91.89827,0.4497
25.298814,91.908221,0.4719
25.298814,91.918171,0.491
25.298814,91.928122,0.1406
25.298814,91.938072,0.2529
25.298814,91.948023,0.6341
25.298814,91.957974,0.5753
25.298814,91.967924,0.5613
25.298814,91.977875,0.8566
25.298814,91.987825,0.4045
25.298814,91.997776,0.4509
25.298814,92.007726,0.408
25.298814,92.017677,0.1335
25.298814,92.027628,0.4103
25.298814,92.037578,0.2492
25.298814,92.047529,0.4409
25.307797,91.55,0.2778
25.307797,91.559951,0.1214
25.307797,91.569901,0.1772
25.307797,91.579852,0.1218
25.307797,91.589802,0.0796
25.307797,91.599753,0.417
25.307797,91.609703,0.4227
25.307797,91.619654,0.3107
25.307797,91.629605,0.1562
25.307797,91.639555,0.2694
25.307797,91.649506,0.7707
25.307797,91.659456,0.2387
25.307797,91.669407,0.2065
25.307797,91.679357,0.2581
25.307797,91.689308,0.0762
25.307797,91.699259,0.0761
25.307797,91.709209,0.1083
25.307797,91.71916,0.0622
25.307797,91.72911,0.4413
25.307797,91.739061,0.7135
25.307797,91.749012,0.7341
25.307797,91.758962,0.5996
25.307797,91.768913,0.7687
25.307797,91.778863,0.403
25.307797,91.788814,0.625
25.307797,91.798764,0.1804
25.307797,91.808715,0.2455
25.307797,91.818666,0.1621
25.307797,91.828616,0.2121
25.307797,91.838567,0.3506
25.307797,91.848517,0.3897
25.307797,91.858468,0.3159
25.307797,91.868418,0.7848
25.307797,91.878369,0.7649
25.307797,91.88832,0.8663
25.307797,91.89827,0.476
25.307797,91.908221,0.0735
25.307797,91.918171,0.059
25.307797,91.928122,0.2266
25.307797,91.938072,0.2386
25.307797,91.948023,0.7647
25.307797,91.957974,0.1216
25.307797,91.967924,0.7877
25.307797,91.977875,0.8466
25.307797,91.987825,0.8067
25.307797,91.997776,0.2929
25.307797,92.007726,0.3019
25.307797,92.017677,0.0874
25.307797,92.027628,0.0945
25.307797,92.037578,0.2632
25.307797,92.047529,0.8176
25.31678,91.55,0.1343
25.31678,91.559951,0.1747
25.31678,91.569901,0.1971
25.31678,91.579852,0.0676
25.31678,91.589802,0.0973
25.31678,91.599753,0.0827
25.31678,91.609703,0.7511
25.31678,91.619654,0.2452
25.31678,91.629605,0.3803
25.31678,91.639555,0.2947
25.31678,91.649506,0.7802
25.31678,91.659456,0.211
25.31678,91.669407,0.1347
25.31678,91.679357,0.165
25.31678,91.689308,0.0937
25.31678,91.699259,0.1181
25.31678,91.709209,0.1006
25.31678,91.71916,0.7506
25.31678,91.72911,0.3907
25.31678,91.739061,0.4712
25.31678,91.749012,0.7286
25.31678,91.758962,0.6046
25.31678,91.768913,0.3753
25.31678,91.778863,0.2809
25.31678,91.788814,0.2829
25.31678,91.798764,0.7626
25.31678,91.808715,0.8053
25.31678,91.818666,0.2192
25.31678,91.828616,0.2352
25.31678,91.838567,0.836
25.31678,91.848517,0.3511
25.31678,91.858468,0.7854
25.31678,91.868418,0.8507
25.31678,91.878369,0.8327
25.31678,91.88832,0.4928
25.31678,91.89827,0.4157
25.31678,91.908221,0.1822
25.31678,91.918171,0.1832
25.31678,91.928122,0.8349
25.31678,91.938072,0.7329
25.31678,91.948023,0.5666
25.31678,91.957974,0.1098
25.31678,91.967924,0.2929
25.31678,91.977875,0.3413
25.31678,91.987825,0.2929
25.31678,91.997776,0.2929
25.31678,92.007726,0.2629
25.31678,92.017677,0.0941
25.31678,92.027628,0.3148
25.31678,92.037578,0.2676
25.31678,92.047529,0.7827
25.325764,91.55,0.3074
25.325764,91.559951,0.1864
25.325764,91.569901,0.4362
25.325764,91.579852,0.2391
25.325764,91.589802,0.0866
25.325764,91.599753,0.2808
25.325764,91.609703,0.1998
25.325764,91.619654,0.2323
25.325764,91.629605,0.3765
25.325764,91.639555,0.1854
25.325764,91.649506,0.7818
25.325764,91.659456,0.2532
25.325764,91.669407,0.0972
25.325764,91.679357,0.0998
25.325764,91.689308,0.1243
25.325764,91.699259,0.5578
25.325764,91.709209,0.0895
25.325764,91.71916,0.1249
25.325764,91.72911,0.4263
25.325764,91.739061,0.4697
25.325764,91.749012,0.8188
25.325764,91.758962,0.202
25.325764,91.768913,0.2432
25.325764,91.778863,0.2894
25.325764,91.788814,0.2156
25.325764,91.798764,0.5942
25.325764,91.808715,0.8439
25.325764,91.818666,0.2771
25.325764,91.828616,0.2918
25.325764,91.838567,0.865
25.325764,91.848517,0.2524
25.325764,91.858468,0.7505
25.325764,91.868418,0.5242
25.325764,91.878369,0.0727
25.325764,91.88832,0.0654
25.325764,91.89827,0.4317
25.325764,91.908221,0.1017
25.325764,91.918171,0.488
25.325764,91.928122,0.742
25.325764,91.938072,0.8164
25.325764,91.948023,0.2653
25.325764,91.957974,0.0909
25.325764,91.967924,0.7687
25.325764,91.977875,0.8164
25.325764,91.987825,0.087
25.325764,91.997776,0.0945
25.325764,92.007726,0.2794
25.325764,92.017677,0.269
25.325764,92.027628,0.2907
25.325764,92.037578,0.3215
25.325764,92.047529,0.5521
25.334747,91.55,0.2213
25.334747,91.559951,0.3059
25.334747,91.569901,0.1017
25.334747,91.579852,0.1004
25.334747,91.589802,0.0946
25.334747,91.599753,0.2573
25.334747,91.609703,0.3203
25.334747,91.619654,0.2186
25.334747,91.629605,0.5199
25.334747,91.639555,0.7645
25.334747,91.649506,0.2857
25.334747,91.659456,0.187
25.334747,91.669407,0.2271
25.334747,91.679357,0.2423
25.334747,91.689308,0.1017
25.334747,91.699259,0.4985
25.334747,91.709209,0.4964
25.334747,91.71916,0.0989
25.334747,91.72911,0.0769
25.334747,91.739061,0.0888
25.334747,91.749012,0.5041
25.334747,91.758962,0.1524
25.334747,91.768913,0.798
25.334747,91.778863,0.7644
25.334747,91.788814,0.3126
25.334747,91.798764,0.5734
25.334747,91.808715,0.3274
25.334747,91.818666,0.8228
25.334747,91.828616,0.2441
25.334747,91.838567,0.2748
25.334747,91.848517,0.3059
25.334747,91.858468,0.3659
25.334747,91.868418,0.0908
25.334747,91.878369,0.7406
25.334747,91.88832,0.4273
25.334747,91.89827,0.1093
25.334747,91.908221,0.5551
25.334747,91.918171,0.8515
25.334747,91.928122,0.8454
25.334747,91.938072,0.8359
25.334747,91.948023,0.8539
25.334747,91.957974,0.2656
25.334747,91.967924,0.2797
25.334747,91.977875,0.8365
25.334747,91.987825,0.0854
25.334747,91.997776,0.087
25.334747,92.007726,0.3081
25.334747,92.017677,0.2982
25.334747,92.027628,0.3622
25.334747,92.037578,0.0936
25.334747,92.047529,0.2508
25.34373,91.55,0.2366
25.34373,91.559951,0.4338
25.34373,91.569901,0.1202
25.34373,91.579852,0.1264
25.34373,91.589802,0.1865
25.34373,91.599753,0.2649
25.34373,91.609703,0.2771
25.34373,91.619654,0.4554
25.34373,91.629605,0.2822
25.34373,91.639555,0.1904
25.34373,91.649506,0.3134
25.34373,91.659456,0.3009
25.34373,91.669407,0.28
25.34373,91.679357,0.1593
25.34373,91.689308,0.3275
25.34373,91.699259,0.2157
25.34373,91.709209,0.2246
25.34373,91.71916,0.2189
25.34373,91.72911,0.0899
25.34373,91.739061,0.2713
25.34373,91.749012,0.0794
25.34373,91.758962,0.1933
25.34373,91.768913,0.3298
25.34373,91.778863,0.2135
25.34373,91.788814,0.3777
25.34373,91.798764,0.344
25.34373,91.808715,0.3894
25.34373,91.818666,0.2556
25.34373,91.828616,0.2987
25.34373,91.838567,0.3194
25.34373,91.848517,0.1378
25.34373,91.858468,0.2844
25.34373,91.868418,0.2308
25.34373,91.878369,0.2268
25.34373,91.88832,0.7343
25.34373,91.89827,0.0803
25.34373,91.908221,0.849
25.34373,91.918171,0.7555
25.34373,91.928122,0.8083
25.34373,91.938072,0.8392
25.34373,91.948023,0.2143
25.34373,91.957974,0.7989
25.34373,91.967924,0.2283
25.34373,91.977875,0.8114
25.34373,91.987825,0.2929
25.34373,91.997776,0.2943
25.34373,92.007726,0.1683
25.34373,92.017677,0.497
25.34373,92.027628,0.4831
25.34373,92.037578,0.3512
25.34373,92.047529,0.4
25.352713,91.55,0.1652
25.352713,91.559951,0.1409
25.352713,91.569901,0.1966
25.352713,91.579852,0.2649
25.352713,91.589802,0.271
25.352713,91.599753,0.1144
25.352713,91.609703,0.1044
25.352713,91.619654,0.2347
25.352713,91.629605,0.2321
25.352713,91.639555,0.2233
25.352713,91.649506,0.7828
25.352713,91.659456,0.1429
25.352713,91.669407,0.2977
25.352713,91.679357,0.2323
25.352713,91.689308,0.2323
25.352713,91.699259,0.233
25.352713,91.709209,0.1059
25.352713,91.71916,0.1571
25.352713,91.72911,0.7937
25.352713,91.739061,0.0963
25.352713,91.749012,0.2141
25.352713,91.758962,0.2126
25.352713,91.768913,0.2237
25.352713,91.778863,0.2423
25.352713,91.788814,0.2803
25.352713,91.798764,0.2718
25.352713,91.808715,0.2552
25.352713,91.818666,0.7266
25.352713,91.828616,0.7579
25.352713,91.838567,0.8261
25.352713,91.848517,0.282
25.352713,91.858468,0.2626
25.352713,91.868418,0.1197
25.352713,91.878369,0.4462
25.352713,91.88832,0.7245
25.352713,91.89827,0.4154
25.352713,91.908221,0.7843
25.352713,91.918171,0.2169
25.352713,91.928122,0.3744
25.352713,91.938072,0.2499
25.352713,91.948023,0.2319
25.352713,91.957974,0.2416
25.352713,91.967924,0.7436
25.352713,91.977875,0.3836
25.352713,91.987825,0.8363
25.352713,91.997776,0.0829
25.352713,92.007726,0.2807
25.352713,92.017677,0.4914
25.352713,92.027628,0.5355
25.352713,92.037578,0.5047
25.352713,92.047529,0.5364
25.361696,91.55,0.181
25.361696,91.559951,0.1475
25.361696,91.569901,0.1679
25.361696,91.579852,0.1503
25.361696,91.589802,0.1822
25.361696,91.599753,0.1751
25.361696,91.609703,0.1085
25.361696,91.619654,0.0854
25.361696,91.629605,0.5775
25.361696,91.639555,0.1398
25.361696,91.649506,0.2287
25.361696,91.659456,0.2977
25.361696,91.669407,0.1567
25.361696,91.679357,0.2573
25.361696,91.689308,0.1102
25.361696,91.699259,0.2318
25.361696,91.709209,0.1098
25.361696,91.71916,0.2709
25.361696,91.72911,0.1552
25.361696,91.739061,0.1632
25.361696,91.749012,0.2401
25.361696,91.758962,0.2309
25.361696,91.768913,0.8293
25.361696,91.778863,0.2005
25.361696,91.788814,0.2342
25.361696,91.798764,0.7534
25.361696,91.808715,0.8831
25.361696,91.818666,0.8226
25.361696,91.828616,0.4078
25.361696,91.838567,0.854
25.361696,91.848517,0.3253
25.361696,91.858468,0.1556
25.361696,91.868418,0.2146
25.361696,91.878369,0.2294
25.361696,91.88832,0.8466
25.361696,91.89827,0.7452
25.361696,91.908221,0.8754
25.361696,91.918171,0.2939
25.361696,91.928122,0.2287
25.361696,91.938072,0.3017
25.361696,91.948023,0.2939
25.361696,91.957974,0.5787
25.361696,91.967924,0.4831
25.361696,91.977875,0.2324
25.361696,91.987825,0.5784
25.361696,91.997776,0.2597
25.361696,92.007726,0.2246
25.361696,92.017677,0.1032
25.361696,92.027628,0.0638
25.361696,92.037578,0.1977
25.361696,92.047529,0.1375
25.370679,91.55,0.14
25.370679,91.559951,0.1423
25.370679,91.569901,0.0743
25.370679,91.579852,0.1963
25.370679,91.589802,0.1178
25.370679,91.599753,0.1019
25.370679,91.609703,0.1295
25.370679,91.619654,0.4675
25.370679,91.629605,0.0812
25.370679,91.639555,0.0699
25.370679,91.649506,0.0712
25.370679,91.659456,0.304
25.370679,91.669407,0.2473
25.370679,91.679357,0.2389
25.370679,91.689308,0.1299
25.370679,91.699259,0.2359
25.370679,91.709209,0.7668
25.370679,91.71916,0.0647
25.370679,91.72911,0.0646
25.370679,91.739061,0.0926
25.370679,91.749012,0.3295
25.370679,91.758962,0.0754
25.370679,91.768913,0.109
25.370679,91.778863,0.7238
25.370679,91.788814,0.8513
25.370679,91.798764,0.7632
25.370679,91.808715,0.8196
25.370679,91.818666,0.2205
25.370679,91.828616,0.3456
25.370679,91.838567,0.7628
25.370679,91.848517,0.28
25.370679,91.858468,0.2643
25.370679,91.868418,0.1991
25.370679,91.878369,0.2667
25.370679,91.88832,0.7784
25.370679,91.89827,0.7709
25.370679,91.908221,0.6393
25.370679,91.918171,0.7891
25.370679,91.928122,0.2873
25.370679,91.938072,0.3138
25.370679,91.948023,0.249
25.370679,91.957974,0.7876
25.370679,91.967924,0.1217
25.370679,91.977875,0.7213
25.370679,91.987825,0.4197
25.370679,91.997776,0.1168
25.370679,92.007726,0.2671
25.370679,92.017677,0.2206
25.370679,92.027628,0.0804
25.370679,92.037578,0.4491
25.370679,92.047529,0.1153
25.379662,91.55,0.1698
25.379662,91.559951,0.1097
25.379662,91.569901,0.1359
25.379662,91.579852,0.0688
25.379662,91.589802,0.0977
25.379662,91.599753,0.0858
25.379662,91.609703,0.0828
25.379662,91.619654,0.1551
25.379662,91.629605,0.0742
25.379662,91.639555,0.0929
25.379662,91.649506,0.4716
25.379662,91.659456,0.0959
25.379662,91.669407,0.2249
25.379662,91.679357,0.1166
25.379662,91.689308,0.5607
25.379662,91.699259,0.1109
25.379662,91.709209,0.2499
25.379662,91.71916,0.0746
25.379662,91.72911,0.0755
25.379662,91.739061,0.1126
25.379662,91.749012,0.2365
25.379662,91.758962,0.2459
25.379662,91.768913,0.2281
25.379662,91.778863,0.1367
25.379662,91.788814,0.8951
25.379662,91.798764,0.914
25.379662,91.808715,0.4468
25.379662,91.818666,0.2401
25.379662,91.828616,0.6274
25.379662,91.838567,0.3126
25.379662,91.848517,0.2026
25.379662,91.858468,0.3456
25.379662,91.868418,0.0943
25.379662,91.878369,0.4157
25.379662,91.88832,0.7804
25.379662,91.89827,0.8426
25.379662,91.908221,0.8105
25.379662,91.918171,0.7189
25.379662,91.928122,0.7685
25.379662,91.938072,0.2366
25.379662,91.948023,0.7984
25.379662,91.957974,0.2338
25.379662,91.967924,0.539
25.379662,91.977875,0.6923
25.379662,91.987825,0.2499
25.379662,91.997776,0.2343
25.379662,92.007726,0.329
25.379662,92.017677,0.4124
25.379662,92.027628,0.7348
25.379662,92.037578,0.0985
25.379662,92.047529,0.0771
25.388645,91.55,0.1855
25.388645,91.559951,0.2243
25.388645,91.569901,0.4984
25.388645,91.579852,0.0744
25.388645,91.589802,0.0797
25.388645,91.599753,0.0965
25.388645,91.609703,0.0968
25.388645,91.619654,0.1032
25.388645,91.629605,0.5944
25.388645,91.639555,0.1448
25.388645,91.649506,0.0924
25.388645,91.659456,0.4981
25.388645,91.669407,0.1447
25.388645,91.679357,0.1996
25.388645,91.689308,0.5381
25.388645,91.699259,0.7881
25.388645,91.709209,0.5831
25.388645,91.71916,0.2506
25.388645,91.72911,0.0682
25.388645,91.739061,0.0877
25.388645,91.749012,0.0729
25.388645,91.758962,0.0885
25.388645,91.768913,0.2454
25.388645,91.778863,0.0966
25.388645,91.788814,0.5763
25.388645,91.798764,0.9153
25.388645,91.808715,0.2482
25.388645,91.818666,0.3431
25.388645,91.828616,0.3108
25.388645,91.838567,0.2687
25.388645,91.848517,0.7094
25.388645,91.858468,0.3777
25.388645,91.868418,0.73
25.388645,91.878369,0.7192
25.388645,91.88832,0.7977
25.388645,91.89827,0.1004
25.388645,91.908221,0.7946
25.388645,91.918171,0.2615
25.388645,91.928122,0.7271
25.388645,91.938072,0.2948
25.388645,91.948023,0.3014
25.388645,91.957974,0.8366
25.388645,91.967924,0.2291
25.388645,91.977875,0.6958
25.388645,91.987825,0.0929
25.388645,91.997776,0.2411
25.388645,92.007726,0.244
25.388645,92.017677,0.2907
25.388645,92.027628,0.2611
25.388645,92.037578,0.296
25.388645,92.047529,0.0596
25.397628,91.55,0.2199
25.397628,91.559951,0.109
25.397628,91.569901,0.0943
25.397628,91.579852,0.0961
25.397628,91.589802,0.0603
25.397628,91.599753,0.0528
25.397628,91.609703,0.1083
25.397628,91.619654,0.0877
25.397628,91.629605,0.1004
25.397628,91.639555,0.2092
25.397628,91.649506,0.0723
25.397628,91.659456,0.4664
25.397628,91.669407,0.1818
25.397628,91.679357,0.1769
25.397628,91.689308,0.1324
25.397628,91.699259,0.2142
25.397628,91.709209,0.1548
25.397628,91.71916,0.0886
25.397628,91.72911,0.2889
25.397628,91.739061,0.0854
25.397628,91.749012,0.107
25.397628,91.758962,0.2695
25.397628,91.768913,0.1396
25.397628,91.778863,0.2722
25.397628,91.788814,0.1703
25.397628,91.798764,0.7314
25.397628,91.808715,0.7368
25.397628,91.818666,0.2562
25.397628,91.828616,0.9176
25.397628,91.838567,0.5849
25.397628,91.848517,0.2327
25.397628,91.858468,0.7869
25.397628,91.868418,0.2372
25.397628,91.878369,0.3963
25.397628,91.88832,0.7406
25.397628,91.89827,0.2325
25.397628,91.908221,0.0892
25.397628,91.918171,0.1144
25.397628,91.928122,0.7633
25.397628,91.938072,0.8048
25.397628,91.948023,0.3068
25.397628,91.957974,0.7708
25.397628,91.967924,0.2596
25.397628,91.977875,0.2749
25.397628,91.987825,0.1702
25.397628,91.997776,0.2117
25.397628,92.007726,0.2949
25.397628,92.017677,0.2198
25.397628,92.027628,0.1381
25.397628,92.037578,0.078
25.397628,92.047529,0.5109
25.406612,91.55,0.1525
25.406612,91.559951,0.1569
25.406612,91.569901,0.2057
25.406612,91.579852,0.3277
25.406612,91.589802,0.3277
25.406612,91.599753,0.1696
25.406612,91.609703,0.1359
25.406612,91.619654,0.1416
25.406612,91.629605,0.1733
25.406612,91.639555,0.2505
25.406612,91.649506,0.1437
25.406612,91.659456,0.2907
25.406612,91.669407,0.2171
25.406612,91.679357,0.7066
25.406612,91.689308,0.181
25.406612,91.699259,0.1927
25.406612,91.709209,0.3176
25.406612,91.71916,0.1448
25.406612,91.72911,0.3591
25.406612,91.739061,0.3597
25.406612,91.749012,0.337
25.406612,91.758962,0.1613
25.406612,91.768913,0.2188
25.406612,91.778863,0.3634
25.406612,91.788814,0.3465
25.406612,91.798764,0.6476
25.406612,91.808715,0.8661
25.406612,91.818666,0.297
25.406612,91.828616,0.8704
25.406612,91.838567,0.1816
25.406612,91.848517,0.7614
25.406612,91.858468,0.5185
25.406612,91.868418,0.5338
25.406612,91.878369,0.7449
25.406612,91.88832,0.7496
25.406612,91.89827,0.3071
25.406612,91.908221,0.1495
25.406612,91.918171,0.742
25.406612,91.928122,0.7036
25.406612,91.938072,0.5812
25.406612,91.948023,0.5776
25.406612,91.957974,0.2641
25.406612,91.967924,0.1304
25.406612,91.977875,0.2245
25.406612,91.987825,0.292
25.406612,91.997776,0.1429
25.406612,92.007726,0.1094
25.406612,92.017677,0.1455
25.406612,92.027628,0.1664
25.406612,92.037578,0.1702
25.406612,92.047529,0.2047
25.415595,91.55,0.3569
25.415595,91.559951,0.2155
25.415595,91.569901,0.1501
25.415595,91.579852,0.165
25.415595,91.589802,0.2824
25.415595,91.599753,0.133
25.415595,91.609703,0.1485
25.415595,91.619654,0.1863
25.415595,91.629605,0.1482
25.415595,91.639555,0.1892
25.415595,91.649506,0.3005
25.415595,91.659456,0.1543
25.415595,91.669407,0.1588
25.415595,91.679357,0.2021
25.415595,91.689308,0.1368
25.415595,91.699259,0.1695
25.415595,91.709209,0.2798
25.415595,91.71916,0.2529
25.415595,91.72911,0.1484
25.415595,91.739061,0.431
25.415595,91.749012,0.1558
25.415595,91.758962,0.1713
25.415595,91.768913,0.1731
25.415595,91.778863,0.2117
25.415595,91.788814,0.3094
25.415595,91.798764,0.1527
25.415595,91.808715,0.4367
25.415595,91.818666,0.2918
25.415595,91.828616,0.2425
25.415595,91.838567,0.2395
25.415595,91.848517,0.0949
25.415595,91.858468,0.0944
25.415595,91.868418,0.2709
25.415595,91.878369,0.254
25.415595,91.88832,0.7334
25.415595,91.89827,0.4742
25.415595,91.908221,0.1559
25.415595,91.918171,0.2663
25.415595,91.928122,0.215
25.415595,91.938072,0.6437
25.415595,91.948023,0.6044
25.415595,91.957974,0.1216
25.415595,91.967924,0.7745
25.415595,91.977875,0.2305
25.415595,91.987825,0.2804
25.415595,91.997776,0.1558
25.415595,92.007726,0.132
25.415595,92.017677,0.5658
25.415595,92.027628,0.2952
25.415595,92.037578,0.1804
25.415595,92.047529,0.1147
25.424578,91.55,0.1949
25.424578,91.559951,0.314
25.424578,91.569901,0.1949
25.424578,91.579852,0.3088
25.424578,91.589802,0.2911
25.424578,91.599753,0.165
25.424578,91.609703,0.2996
25.424578,91.619654,0.3345
25.424578,91.629605,0.1797
25.424578,91.639555,0.1634
25.424578,91.649506,0.2103
25.424578,91.659456,0.1837
25.424578,91.669407,0.1953
25.424578,91.679357,0.2016
25.424578,91.689308,0.6479
25.424578,91.699259,0.1579
25.424578,91.709209,0.677
25.424578,91.71916,0.2499
25.424578,91.72911,0.1509
25.424578,91.739061,0.1955
25.424578,91.749012,0.1257
25.424578,91.758962,0.337
25.424578,91.768913,0.2911
25.424578,91.778863,0.1243
25.424578,91.788814,0.1694
25.424578,91.798764,0.2038
25.424578,91.808715,0.645
25.424578,91.818666,0.1531
25.424578,91.828616,0.15
25.424578,91.838567,0.2007
25.424578,91.848517,0.6133
25.424578,91.858468,0.1265
25.424578,91.868418,0.8569
25.424578,91.878369,0.2741
25.424578,91.88832,0.1109
25.424578,91.89827,0.2911
25.424578,91.908221,0.3965
25.424578,91.918171,0.1458
25.424578,91.928122,0.2602
25.424578,91.938072,0.2483
25.424578,91.948023,0.7548
25.424578,91.957974,0.6038
25.424578,91.967924,0.2609
25.424578,91.977875,0.243
25.424578,91.987825,0.2014
25.424578,91.997776,0.1521
25.424578,92.007726,0.1699
25.424578,92.017677,0.1345
25.424578,92.027628,0.1069
25.424578,92.037578,0.1112
25.424578,92.047529,0.1373
25.433561,91.55,0.2056
25.433561,91.559951,0.1948
25.433561,91.569901,0.2609
25.433561,91.579852,0.1672
25.433561,91.589802,0.1829
25.433561,91.599753,0.1519
25.433561,91.609703,0.3931
25.433561,91.619654,0.2389
25.433561,91.629605,0.1984
25.433561,91.639555,0.2043
25.433561,91.649506,0.1716
25.433561,91.659456,0.2149
25.433561,91.669407,0.1625
25.433561,91.679357,0.2054
25.433561,91.689308,0.2271
25.433561,91.699259,0.214
25.433561,91.709209,0.2793
25.433561,91.71916,0.2989
25.433561,91.72911,0.182
25.433561,91.739061,0.37
25.433561,91.749012,0.4989
25.433561,91.758962,0.1786
25.433561,91.768913,0.1862
25.433561,91.778863,0.1783
25.433561,91.788814,0.2106
25.433561,91.798764,0.2043
25.433561,91.808715,0.1534
25.433561,91.818666,0.1852
25.433561,91.828616,0.1027
25.433561,91.838567,0.1253
25.433561,91.848517,0.137
25.433561,91.858468,0.5664
25.433561,91.868418,0.4526
25.433561,91.878369,0.2114
25.433561,91.88832,0.2654
25.433561,91.89827,0.767
25.433561,91.908221,0.4433
25.433561,91.918171,0.2587
25.433561,91.928122,0.4306
25.433561,91.938072,0.2426
25.433561,91.948023,0.2057
25.433561,91.957974,0.1355
25.433561,91.967924,0.5727
25.433561,91.977875,0.5896
25.433561,91.987825,0.1453
25.433561,91.997776,0.1189
25.433561,92.007726,0.1079
25.433561,92.017677,0.11
25.433561,92.027628,0.1957
25.433561,92.037578,0.1246
25.433561,92.047529,0.1551
25.442544,91.55,0.1699
25.442544,91.559951,0.1871
25.442544,91.569901,0.189
25.442544,91.579852,0.1797
25.442544,91.589802,0.1769
25.442544,91.599753,0.1769
25.442544,91.609703,0.264
25.442544,91.619654,0.167
25.442544,91.629605,0.1632
25.442544,91.639555,0.1737
25.442544,91.649506,0.2171
25.442544,91.659456,0.2311
25.442544,91.669407,0.2262
25.442544,91.679357,0.2839
25.442544,91.689308,0.2436
25.442544,91.699259,0.2665
25.442544,91.709209,0.2153
25.442544,91.71916,0.1836
25.442544,91.72911,0.1813
25.442544,91.739061,0.4641
25.442544,91.749012,0.1908
25.442544,91.758962,0.186
25.442544,91.768913,0.3128
25.442544,91.778863,0.3959
25.442544,91.788814,0.2737
25.442544,91.798764,0.1701
25.442544,91.808715,0.1327
25.442544,91.818666,0.0994
25.442544,91.828616,0.1865
25.442544,91.838567,0.1879
25.442544,91.848517,0.1018
25.442544,91.858468,0.1018
25.442544,91.868418,0.196
25.442544,91.878369,0.2456
25.442544,91.88832,0.1084
25.442544,91.89827,0.8163
25.442544,91.908221,0.2493
25.442544,91.918171,0.279
25.442544,91.928122,0.1974
25.442544,91.938072,0.7148
25.442544,91.948023,0.2401
25.442544,91.957974,0.1394
25.442544,91.967924,0.1201
25.442544,91.977875,0.1257
25.442544,91.987825,0.1583
25.442544,91.997776,0.1154
25.442544,92.007726,0.1532
25.442544,92.017677,0.2282
25.442544,92.027628,0.2186
25.442544,92.037578,0.1476
25.442544,92.047529,0.3178
25.451527,91.55,0.1987
25.451527,91.559951,0.1428
25.451527,91.569901,0.2521
25.451527,91.579852,0.1679
25.451527,91.589802,0.1333
25.451527,91.599753,0.181
25.451527,91.609703,0.155
25.451527,91.619654,0.1249
25.451527,91.629605,0.1841
25.451527,91.639555,0.1667
25.451527,91.649506,0.3359
25.451527,91.659456,0.2059
25.451527,91.669407,0.1917
25.451527,91.679357,0.8136
25.451527,91.689308,0.3724
25.451527,91.699259,0.2009
25.451527,91.709209,0.1958
25.451527,91.71916,0.2068
25.451527,91.72911,0.3036
25.451527,91.739061,0.4802
25.451527,91.749012,0.1674
25.451527,91.758962,0.1813
25.451527,91.768913,0.1568
25.451527,91.778863,0.1962
25.451527,91.788814,0.2474
25.451527,91.798764,0.1462
25.451527,91.808715,0.1667
25.451527,91.818666,0.1117
25.451527,91.828616,0.1444
25.451527,91.838567,0.1678
25.451527,91.848517,0.1447
25.451527,91.858468,0.1088
25.451527,91.868418,0.1867
25.451527,91.878369,0.2464
25.451527,91.88832,0.2638
25.451527,91.89827,0.1673
25.451527,91.908221,0.1418
25.451527,91.918171,0.4471
25.451527,91.928122,0.2587
25.451527,91.938072,0.2591
25.451527,91.948023,0.1503
25.451527,91.957974,0.2455
25.451527,91.967924,0.1716
25.451527,91.977875,0.1351
25.451527,91.987825,0.1579
25.451527,91.997776,0.1454
25.451527,92.007726,0.1757
25.451527,92.017677,0.1983
25.451527,92.027628,0.2442
25.451527,92.037578,0.1401
25.451527,92.047529,0.2705
25.46051,91.55,0.158
25.46051,91.559951,0.2083
25.46051,91.569901,0.2575
25.46051,91.579852,0.2035
25.46051,91.589802,0.1558
25.46051,91.599753,0.1766
25.46051,91.609703,0.1684
25.46051,91.619654,0.2047
25.46051,91.629605,0.1689
25.46051,91.639555,0.149
25.46051,91.649506,0.2853
25.46051,91.659456,0.2204
25.46051,91.669407,0.2053
25.46051,91.679357,0.8107
25.46051,91.689308,0.3607
25.46051,91.699259,0.3
25.46051,91.709209,0.1918
25.46051,91.71916,0.1611
25.46051,91.72911,0.3046
25.46051,91.739061,0.1677
25.46051,91.749012,0.1688
25.46051,91.758962,0.1524
25.46051,91.768913,0.1348
25.46051,91.778863,0.2074
25.46051,91.788814,0.3129
25.46051,91.798764,0.3241
25.46051,91.808715,0.3148
25.46051,91.818666,0.152
25.46051,91.828616,0.1787
25.46051,91.838567,0.2878
25.46051,91.848517,0.1294
25.46051,91.858468,0.1507
25.46051,91.868418,0.182
25.46051,91.878369,0.1402
25.46051,91.88832,0.117
25.46051,91.89827,0.1702
25.46051,91.908221,0.1742
25.46051,91.918171,0.1801
25.46051,91.928122,0.6684
25.46051,91.938072,0.1519
25.46051,91.948023,0.147
25.46051,91.957974,0.1642
25.46051,91.967924,0.1309
25.46051,91.977875,0.1556
25.46051,91.987825,0.1576
25.46051,91.997776,0.1104
25.46051,92.007726,0.1414
25.46051,92.017677,0.1263
25.46051,92.027628,0.1235
25.46051,92.037578,0.1408
25.46051,92.047529,0.1802
25.469493,91.55,0.203
25.469493,91.559951,0.1782
25.469493,91.569901,0.2055
25.469493,91.579852,0.2801
25.469493,91.589802,0.1448
25.469493,91.599753,0.2978
25.469493,91.609703,0.2828
25.469493,91.619654,0.2368
25.469493,91.629605,0.2177
25.469493,91.639555,0.1634
25.469493,91.649506,0.2848
25.469493,91.659456,0.1438
25.469493,91.669407,0.173
25.469493,91.679357,0.2168
25.469493,91.689308,0.2065
25.469493,91.699259,0.2185
25.469493,91.709209,0.3247
25.469493,91.71916,0.2171
25.469493,91.72911,0.3126
25.469493,91.739061,0.1624
25.469493,91.749012,0.1722
25.469493,91.758962,0.1784
25.469493,91.768913,0.2023
25.469493,91.778863,0.3652
25.469493,91.788814,0.2964
25.469493,91.798764,0.1782
25.469493,91.808715,0.1424
25.469493,91.818666,0.1597
25.469493,91.828616,0.1209
25.469493,91.838567,0.1269
25.469493,91.848517,0.2105
25.469493,91.858468,0.1709
25.469493,91.868418,0.1296
25.469493,91.878369,0.1612
25.469493,91.88832,0.1464
25.469493,91.89827,0.1629
25.469493,91.908221,0.1386
25.469493,91.918171,0.152
25.469493,91.928122,0.1257
25.469493,91.938072,0.1424
25.469493,91.948023,0.3682
25.469493,91.957974,0.1308
25.469493,91.967924,0.1515
25.469493,91.977875,0.1013
25.469493,91.987825,0.1167
25.469493,91.997776,0.1017
25.469493,92.007726,0.1121
25.469493,92.017677,0.1158
25.469493,92.027628,0.1328
25.469493,92.037578,0.1856
25.469493,92.047529,0.0774
25.478476,91.55,0.2006
25.478476,91.559951,0.1661
25.478476,91.569901,0.2101
25.478476,91.579852,0.2197
25.478476,91.589802,0.3224
25.478476,91.599753,0.3064
25.478476,91.609703,0.2047
25.478476,91.619654,0.2058
25.478476,91.629605,0.2018
25.478476,91.639555,0.1694
25.478476,91.649506,0.119
25.478476,91.659456,0.1581
25.478476,91.669407,0.1867
25.478476,91.679357,0.2042
25.478476,91.689308,0.229
25.478476,91.699259,0.2238
25.478476,91.709209,0.3559
25.478476,91.71916,0.3822
25.478476,91.72911,0.1595
25.478476,91.739061,0.3735
25.478476,91.749012,0.1263
25.478476,91.758962,0.2259
25.478476,91.768913,0.1551
25.478476,91.778863,0.2109
25.478476,91.788814,0.1315
25.478476,91.798764,0.2307
25.478476,91.808715,0.1729
25.478476,91.818666,0.1592
25.478476,91.828616,0.3574
25.478476,91.838567,0.1868
25.478476,91.848517,0.1621
25.478476,91.858468,0.2028
25.478476,91.868418,0.1365
25.478476,91.878369,0.1424
25.478476,91.88832,0.1214
25.478476,91.89827,0.14
25.478476,91.908221,0.148
25.478476,91.918171,0.1453
25.478476,91.928122,0.1081
25.478476,91.938072,0.1048
25.478476,91.948023,0.1195
25.478476,91.957974,0.3214
25.478476,91.967924,0.1075
25.478476,91.977875,0.1207
25.478476,91.987825,0.0995
25.478476,91.997776,0.4072
25.478476,92.007726,0.1354
25.478476,92.017677,0.1329
25.478476,92.027628,0.2795
25.478476,92.037578,0.0823
25.478476,92.047529,0.2616
25.48746,91.55,0.1902
25.48746,91.559951,0.2048
25.48746,91.569901,0.1656
25.48746,91.579852,0.1642
25.48746,91.589802,0.155
25.48746,91.599753,0.4058
25.48746,91.609703,0.2333
25.48746,91.619654,0.1551
25.48746,91.629605,0.1648
25.48746,91.639555,0.1846
25.48746,91.649506,0.1945
25.48746,91.659456,0.1562
25.48746,91.669407,0.1661
25.48746,91.679357,0.6556
25.48746,91.689308,0.177
25.48746,91.699259,0.1343
25.48746,91.709209,0.1362
25.48746,91.71916,0.1783
25.48746,91.72911,0.1474
25.48746,91.739061,0.1593
25.48746,91.749012,0.3427
25.48746,91.758962,0.239
25.48746,91.768913,0.1859
25.48746,91.778863,0.1786
25.48746,91.788814,0.1601
25.48746,91.798764,0.4704
25.48746,91.808715,0.109
25.48746,91.818666,0.1427
25.48746,91.828616,0.1115
25.48746,91.838567,0.1565
25.48746,91.848517,0.1299
25.48746,91.858468,0.0961
25.48746,91.868418,0.1051
25.48746,91.878369,0.1322
25.48746,91.88832,0.1209
25.48746,91.89827,0.1029
25.48746,91.908221,0.166
25.48746,91.918171,0.167
25.48746,91.928122,0.1922
25.48746,91.938072,0.1608
25.48746,91.948023,0.1699
25.48746,91.957974,0.1573
25.48746,91.967924,0.1573
25.48746,91.977875,0.1442
25.48746,91.987825,0.1352
25.48746,91.997776,0.3775
25.48746,92.007726,0.3835
25.48746,92.017677,0.3009
25.48746,92.027628,0.309
25.48746,92.037578,0.2549
25.48746,92.047529,0.2609
25.496443,91.55,0.1667
25.496443,91.559951,0.3506
25.496443,91.569901,0.1528
25.496443,91.579852,0.2038
25.496443,91.589802,0.2354
25.496443,91.599753,0.2138
25.496443,91.609703,0.2347
25.496443,91.619654,0.1576
25.496443,91.629605,0.1166
25.496443,91.639555,0.1639
25.496443,91.649506,0.1596
25.496443,91.659456,0.1674
25.496443,91.669407,0.172
25.496443,91.679357,0.1759
25.496443,91.689308,0.1726
25.496443,91.699259,0.2703
25.496443,91.709209,0.2006
25.496443,91.71916,0.3772
25.496443,91.72911,0.3519
25.496443,91.739061,0.1705
25.496443,91.749012,0.2236
25.496443,91.758962,0.3794
25.496443,91.768913,0.175
25.496443,91.778863,0.2168
25.496443,91.788814,0.1819
25.496443,91.798764,0.1387
25.496443,91.808715,0.1229
25.496443,91.818666,0.1151
25.496443,91.828616,0.2992
25.496443,91.838567,0.1704
25.496443,91.848517,0.0934
25.496443,91.858468,0.1596
25.496443,91.868418,0.1368
25.496443,91.878369,0.1095
25.496443,91.88832,0.127
25.496443,91.89827,0.1693
25.496443,91.908221,0.1284
25.496443,91.918171,0.1369
25.496443,91.928122,0.1419
25.496443,91.938072,0.1622
25.496443,91.948023,0.1056
25.496443,91.957974,0.1226
25.496443,91.967924,0.1804
25.496443,91.977875,0.148
25.496443,91.987825,0.1856
25.496443,91.997776,0.1082
25.496443,92.007726,0.3372
25.496443,92.017677,0.2708
25.496443,92.027628,0.2802
25.496443,92.037578,0.1422
25.496443,92.047529,0.1347
25.505426,91.55,0.1975
25.505426,91.559951,0.2019
25.505426,91.569901,0.2034
25.505426,91.579852,0.1789
25.505426,91.589802,0.206
25.505426,91.599753,0.1884
25.505426,91.609703,0.1846
25.505426,91.619654,0.2169
25.505426,91.629605,0.2031
25.505426,91.639555,0.1629
25.505426,91.649506,0.1302
25.505426,91.659456,0.4161
25.505426,91.669407,0.4509
25.505426,91.679357,0.2766
25.505426,91.689308,0.26
25.505426,91.699259,0.2142
25.505426,91.709209,0.183
25.505426,91.71916,0.2061
25.505426,91.72911,0.1761
25.505426,91.739061,0.1648
25.505426,91.749012,0.242
25.505426,91.758962,0.4992
25.505426,91.768913,0.3273
25.505426,91.778863,0.3299
25.505426,91.788814,0.2039
25.505426,91.798764,0.1684
25.505426,91.808715,0.1605
25.505426,91.818666,0.1428
25.505426,91.828616,0.1634
25.505426,91.838567,0.2171
25.505426,91.848517,0.1385
25.505426,91.858468,0.1533
25.505426,91.868418,0.191
25.505426,91.878369,0.1411
25.505426,91.88832,0.1517
25.505426,91.89827,0.1942
25.505426,91.908221,0.2072
25.505426,91.918171,0.1614
25.505426,91.928122,0.267
25.505426,91.938072,0.2067
25.505426,91.948023,0.3489
25.505426,91.957974,0.4619
25.505426,91.967924,0.1444
25.505426,91.977875,0.1705
25.505426,91.987825,0.1826
25.505426,91.997776,0.1646
25.505426,92.007726,0.1337
25.505426,92.017677,0.1149
25.505426,92.027628,0.1333
25.505426,92.037578,0.1646
25.505426,92.047529,0.1882
25.514409,91.55,0.133
25.514409,91.559951,0.1704
25.514409,91.569901,0.1743
25.514409,91.579852,0.1913
25.514409,91.589802,0.1749
25.514409,91.599753,0.1682
25.514409,91.609703,0.1837
25.514409,91.619654,0.3278
25.514409,91.629605,0.204
25.514409,91.639555,0.2546
25.514409,91.649506,0.3248
25.514409,91.659456,0.2408
25.514409,91.669407,0.1609
25.514409,91.679357,0.2414
25.514409,91.689308,0.1554
25.514409,91.699259,0.2208
25.514409,91.709209,0.1649
25.514409,91.71916,0.1345
25.514409,91.72911,0.1615
25.514409,91.739061,0.1814
25.514409,91.749012,0.1908
25.514409,91.758962,0.1913
25.514409,91.768913,0.3342
25.514409,91.778863,0.134
25.514409,91.788814,0.174
25.514409,91.798764,0.1659
25.514409,91.808715,0.1767
25.514409,91.818666,0.1433
25.514409,91.828616,0.2
25.514409,91.838567,0.1759
25.514409,91.848517,0.2203
25.514409,91.858468,0.2129
25.514409,91.868418,0.2091
25.514409,91.878369,0.1982
25.514409,91.88832,0.167
25.514409,91.89827,0.2001
25.514409,91.908221,0.2352
25.514409,91.918171,0.1997
25.514409,91.928122,0.5034
25.514409,91.938072,0.2058
25.514409,91.948023,0.1517
25.514409,91.957974,0.1811
25.514409,91.967924,0.3313
25.514409,91.977875,0.1721
25.514409,91.987825,0.173
25.514409,91.997776,0.1696
25.514409,92.007726,0.1381
25.514409,92.017677,0.1418
25.514409,92.027628,0.1442
25.514409,92.037578,0.1635
25.514409,92.047529,0.1622
25.523392,91.55,0.1415
25.523392,91.559951,0.1832
25.523392,91.569901,0.1604
25.523392,91.579852,0.4197
25.523392,91.589802,0.1456
25.523392,91.599753,0.1925
25.523392,91.609703,0.1801
25.523392,91.619654,0.3347
25.523392,91.629605,0.2418
25.523392,91.639555,0.1849
25.523392,91.649506,0.1549
25.523392,91.659456,0.1849
25.523392,91.669407,0.1856
25.523392,91.679357,0.192
25.523392,91.689308,0.1911
25.523392,91.699259,0.2074
25.523392,91.709209,0.1783
25.523392,91.71916,0.2053
25.523392,91.72911,0.1555
25.523392,91.739061,0.2177
25.523392,91.749012,0.2494
25.523392,91.758962,0.1671
25.523392,91.768913,0.4512
25.523392,91.778863,0.4633
25.523392,91.788814,0.3777
25.523392,91.798764,0.2103
25.523392,91.808715,0.1925
25.523392,91.818666,0.2053
25.523392,91.828616,0.2439
25.523392,91.838567,0.1797
25.523392,91.848517,0.1661
25.523392,91.858468,0.1702
25.523392,91.868418,0.1431
25.523392,91.878369,0.187
25.523392,91.88832,0.173
25.523392,91.89827,0.1777
25.523392,91.908221,0.2041
25.523392,91.918171,0.2029
25.523392,91.928122,0.1753
25.523392,91.938072,0.4831
25.523392,91.948023,0.3884
25.523392,91.957974,0.1741
25.523392,91.967924,0.1653
25.523392,91.977875,0.3251
25.523392,91.987825,0.129
25.523392,91.997776,0.1222
25.523392,92.007726,0.2357
25.523392,92.017677,0.2017
25.523392,92.027628,0.145
25.523392,92.037578,0.1319
25.523392,92.047529,0.1502
25.532375,91.55,0.3781
25.532375,91.559951,0.1931
25.532375,91.569901,0.3714
25.532375,91.579852,0.1668
25.532375,91.589802,0.2069
25.532375,91.599753,0.1679
25.532375,91.609703,0.1621
25.532375,91.619654,0.1876
25.532375,91.629605,0.1593
25.532375,91.639555,0.3918
25.532375,91.649506,0.1802
25.532375,91.659456,0.1741
25.532375,91.669407,0.1816
25.532375,91.679357,0.1683
25.532375,91.689308,0.1726
25.532375,91.699259,0.18
25.532375,91.709209,0.208
25.532375,91.71916,0.4581
25.532375,91.72911,0.4452
25.532375,91.739061,0.3639
25.532375,91.749012,0.3729
25.532375,91.758962,0.2146
25.532375,91.768913,0.181
25.532375,91.778863,0.3753
25.532375,91.788814,0.1381
25.532375,91.798764,0.388
25.532375,91.808715,0.151
25.532375,91.818666,0.2077
25.532375,91.828616,0.1906
25.532375,91.838567,0.1441
25.532375,91.848517,0.1507
25.532375,91.858468,0.1593
25.532375,91.868418,0.1851
25.532375,91.878369,0.1759
25.532375,91.88832,0.13
25.532375,91.89827,0.1632
25.532375,91.908221,0.1694
25.532375,91.918171,0.1571
25.532375,91.928122,0.1651
25.532375,91.938072,0.3394
25.532375,91.948023,0.3242
25.532375,91.957974,0.1402
25.532375,91.967924,0.3935
25.532375,91.977875,0.3395
25.532375,91.987825,0.3227
25.532375,91.997776,0.2877
25.532375,92.007726,0.3168
25.532375,92.017677,0.3628
25.532375,92.027628,0.3491
25.532375,92.037578,0.3238
25.532375,92.047529,0.3749
25.541358,91.55,0.177
25.541358,91.559951,0.2929
25.541358,91.569901,0.1888
25.541358,91.579852,0.2363
25.541358,91.589802,0.1724
25.541358,91.599753,0.1644
25.541358,91.609703,0.1975
25.541358,91.619654,0.1875
25.541358,91.629605,0.2208
25.541358,91.639555,0.4036
25.541358,91.649506,0.1413
25.541358,91.659456,0.2609
25.541358,91.669407,0.1997
25.541358,91.679357,0.2081
25.541358,91.689308,0.1975
25.541358,91.699259,0.1901
25.541358,91.709209,0.18
25.541358,91.71916,0.2154
25.541358,91.72911,0.2052
25.541358,91.739061,0.1663
25.541358,91.749012,0.1744
25.541358,91.758962,0.1728
25.541358,91.768913,0.1488
25.541358,91.778863,0.2282
25.541358,91.788814,0.3882
25.541358,91.798764,0.1546
25.541358,91.808715,0.3754
25.541358,91.818666,0.36
25.541358,91.828616,0.1934
25.541358,91.838567,0.1729
25.541358,91.848517,0.1733
25.541358,91.858468,0.1318
25.541358,91.868418,0.183
25.541358,91.878369,0.145
25.541358,91.88832,0.1812
25.541358,91.89827,0.1788
25.541358,91.908221,0.1283
25.541358,91.918171,0.1611
25.541358,91.928122,0.1214
25.541358,91.938072,0.1179
25.541358,91.948023,0.1433
25.541358,91.957974,0.2
25.541358,91.967924,0.1782
25.541358,91.977875,0.1901
25.541358,91.987825,0.1483
25.541358,91.997776,0.3469
25.541358,92.007726,0.1717
25.541358,92.017677,0.1385
25.541358,92.027628,0.1873
25.541358,92.037578,0.1782
25.541358,92.047529,0.3696
25.550341,91.55,0.1573
25.550341,91.559951,0.1875
25.550341,91.569901,0.2033
25.550341,91.579852,0.1952
25.550341,91.589802,0.1993
25.550341,91.599753,0.1963
25.550341,91.609703,0.1769
25.550341,91.619654,0.163
25.550341,91.629605,0.2751
25.550341,91.639555,0.1342
25.550341,91.649506,0.3455
25.550341,91.659456,0.1886
25.550341,91.669407,0.164
25.550341,91.679357,0.1828
25.550341,91.689308,0.1911
25.550341,91.699259,0.1614
25.550341,91.709209,0.2282
25.550341,91.71916,0.2568
25.550341,91.72911,0.2248
25.550341,91.739061,0.1873
25.550341,91.749012,0.1595
25.550341,91.758962,0.167
25.550341,91.768913,0.174
25.550341,91.778863,0.1756
25.550341,91.788814,0.4365
25.550341,91.798764,0.3807
25.550341,91.808715,0.3003
25.550341,91.818666,0.1602
25.550341,91.828616,0.1762
25.550341,91.838567,0.1525
25.550341,91.848517,0.1295
25.550341,91.858468,0.1474
25.550341,91.868418,0.3634
25.550341,91.878369,0.152
25.550341,91.88832,0.1555
25.550341,91.89827,0.1766
25.550341,91.908221,0.145
25.550341,91.918171,0.194
25.550341,91.928122,0.1758
25.550341,91.938072,0.2191
25.550341,91.948023,0.347
25.550341,91.957974,0.157
25.550341,91.967924,0.3959
25.550341,91.977875,0.1825
25.550341,91.987825,0.1797
25.550341,91.997776,0.158
25.550341,92.007726,0.2071
25.550341,92.017677,0.1362
25.550341,92.027628,0.1415
25.550341,92.037578,0.3589
25.550341,92.047529,0.1757
25.559324,91.55,0.1898
25.559324,91.559951,0.1648
25.559324,91.569901,0.1631
25.559324,91.579852,0.2361
25.559324,91.589802,0.1851
25.559324,91.599753,0.185
25.559324,91.609703,0.1841
25.559324,91.619654,0.2021
25.559324,91.629605,0.152
25.559324,91.639555,0.1985
25.559324,91.649506,0.1648
25.559324,91.659456,0.1434
25.559324,91.669407,0.1786
25.559324,91.679357,0.2234
25.559324,91.689308,0.2531
25.559324,91.699259,0.2509
25.559324,91.709209,0.2231
25.559324,91.71916,0.2172
25.559324,91.72911,0.1813
25.559324,91.739061,0.1721
25.559324,91.749012,0.1369
25.559324,91.758962,0.2155
25.559324,91.768913,0.2021
25.559324,91.778863,0.4131
25.559324,91.788814,0.4215
25.559324,91.798764,0.2103
25.559324,91.808715,0.4183
25.559324,91.818666,0.3177
25.559324,91.828616,0.1501
25.559324,91.838567,0.3608
25.559324,91.848517,0.376
25.559324,91.858468,0.3992
25.559324,91.868418,0.2181
25.559324,91.878369,0.1679
25.559324,91.88832,0.231
25.559324,91.89827,0.1374
25.559324,91.908221,0.1938
25.559324,91.918171,0.19
25.559324,91.928122,0.1589
25.559324,91.938072,0.1826
25.559324,91.948023,0.161
25.559324,91.957974,0.2809
25.559324,91.967924,0.411
25.559324,91.977875,0.2408
25.559324,91.987825,0.1783
25.559324,91.997776,0.1743
25.559324,92.007726,0.3128
25.559324,92.017677,0.197
25.559324,92.027628,0.2307
25.559324,92.037578,0.198
25.559324,92.047529,0.4004
25.568308,91.55,0.231
25.568308,91.559951,0.2228
25.568308,91.569901,0.1431
25.568308,91.579852,0.148
25.568308,91.589802,0.1877
25.568308,91.599753,0.1966
25.568308,91.609703,0.1667
25.568308,91.619654,0.1511
25.568308,91.629605,0.1848
25.568308,91.639555,0.174
25.568308,91.649506,0.1659
25.568308,91.659456,0.1047
25.568308,91.669407,0.1418
25.568308,91.679357,0.1989
25.568308,91.689308,0.1544
25.568308,91.699259,0.1727
25.568308,91.709209,0.2204
25.568308,91.71916,0.1498
25.568308,91.72911,0.1978
25.568308,91.739061,0.1534
25.568308,91.749012,0.1774
25.568308,91.758962,0.1903
25.568308,91.768913,0.1959
25.568308,91.778863,0.1584
25.568308,91.788814,0.1781
25.568308,91.798764,0.4908
25.568308,91.808715,0.1953
25.568308,91.818666,0.4107
25.568308,91.828616,0.1513
25.568308,91.838567,0.1723
25.568308,91.848517,0.1705
25.568308,91.858468,0.132
25.568308,91.868418,0.1678
25.568308,91.878369,0.1963
25.568308,91.88832,0.1524
25.568308,91.89827,0.208
25.568308,91.908221,0.1484
25.568308,91.918171,0.214
25.568308,91.928122,0.1478
25.568308,91.938072,0.1866
25.568308,91.948023,0.1792
25.568308,91.957974,0.3666
25.568308,91.967924,0.4059
25.568308,91.977875,0.2276
25.568308,91.987825,0.2735
25.568308,91.997776,0.1867
25.568308,92.007726,0.4778
25.568308,92.017677,0.1867
25.568308,92.027628,0.1909
25.568308,92.037578,0.1271
25.568308,92.047529,0.1388
25.577291,91.55,0.132
25.577291,91.559951,0.1913
25.577291,91.569901,0.2151
25.577291,91.579852,0.1498
25.577291,91.589802,0.1303
25.577291,91.599753,0.1624
25.577291,91.609703,0.178
25.577291,91.619654,0.1845
25.577291,91.629605,0.1587
25.577291,91.639555,0.148
25.577291,91.649506,0.1223
25.577291,91.659456,0.1163
25.577291,91.669407,0.1578
25.577291,91.679357,0.1227
25.577291,91.689308,0.1883
25.577291,91.699259,0.1879
25.577291,91.709209,0.2174
25.577291,91.71916,0.2482
25.577291,91.72911,0.2868
25.577291,91.739061,0.1592
25.577291,91.749012,0.1484
25.577291,91.758962,0.1739
25.577291,91.768913,0.331
25.577291,91.778863,0.1534
25.577291,91.788814,0.1893
25.577291,91.798764,0.3136
25.577291,91.808715,0.1301
25.577291,91.818666,0.1706
25.577291,91.828616,0.3288
25.577291,91.838567,0.1217
25.577291,91.848517,0.1784
25.577291,91.858468,0.1305
25.577291,91.868418,0.1918
25.577291,91.878369,0.1546
25.577291,91.88832,0.1776
25.577291,91.89827,0.1853
25.577291,91.908221,0.1528
25.577291,91.918171,0.1744
25.577291,91.928122,0.1532
25.577291,91.938072,0.2337
25.577291,91.948023,0.1563
25.577291,91.957974,0.1574
25.577291,91.967924,0.3913
25.577291,91.977875,0.3137
25.577291,91.987825,0.3891
25.577291,91.997776,0.3808
25.577291,92.007726,0.2054
25.577291,92.017677,0.1993
25.577291,92.027628,0.3761
25.577291,92.037578,0.121
25.577291,92.047529,0.214
25.586274,91.55,0.3884
25.586274,91.559951,0.1621
25.586274,91.569901,0.1784
25.586274,91.579852,0.1913
25.586274,91.589802,0.1891
25.586274,91.599753,0.184
25.586274,91.609703,0.2689
25.586274,91.619654,0.1294
25.586274,91.629605,0.1587
25.586274,91.639555,0.1273
25.586274,91.649506,0.1746
25.586274,91.659456,0.1768
25.586274,91.669407,0.137
25.586274,91.679357,0.1198
25.586274,91.689308,0.1477
25.586274,91.699259,0.1236
25.586274,91.709209,0.1955
25.586274,91.71916,0.2366
25.586274,91.72911,0.245
25.586274,91.739061,0.226
25.586274,91.749012,0.1902
25.586274,91.758962,0.1393
25.586274,91.768913,0.1673
25.586274,91.778863,0.1704
25.586274,91.788814,0.2081
25.586274,91.798764,0.1396
25.586274,91.808715,0.2139
25.586274,91.818666,0.3941
25.586274,91.828616,0.1542
25.586274,91.838567,0.3807
25.586274,91.848517,0.1688
25.586274,91.858468,0.3053
25.586274,91.868418,0.2697
25.586274,91.878369,0.1342
25.586274,91.88832,0.1484
25.586274,91.89827,0.1638
25.586274,91.908221,0.1333
25.586274,91.918171,0.1763
25.586274,91.928122,0.3643
25.586274,91.938072,0.1106
25.586274,91.948023,0.2931
25.586274,91.957974,0.2435
25.586274,91.967924,0.3427
25.586274,91.977875,0.2937
25.586274,91.987825,0.193
25.586274,91.997776,0.1591
25.586274,92.007726,0.186
25.586274,92.017677,0.1596
25.586274,92.027628,0.1735
25.586274,92.037578,0.1442
25.586274,92.047529,0.1418
25.595257,91.55,0.3871
25.595257,91.559951,0.1712
25.595257,91.569901,0.132
25.595257,91.579852,0.1362
25.595257,91.589802,0.3894
25.595257,91.599753,0.1623
25.595257,91.609703,0.1774
25.595257,91.619654,0.1586
25.595257,91.629605,0.16
25.595257,91.639555,0.1196
25.595257,91.649506,0.2045
25.595257,91.659456,0.4054
25.595257,91.669407,0.1631
25.595257,91.679357,0.1489
25.595257,91.689308,0.3829
25.595257,91.699259,0.206
25.595257,91.709209,0.1899
25.595257,91.71916,0.2193
25.595257,91.72911,0.2174
25.595257,91.739061,0.2291
25.595257,91.749012,0.2122
25.595257,91.758962,0.1693
25.595257,91.768913,0.1384
25.595257,91.778863,0.1722
25.595257,91.788814,0.1563
25.595257,91.798764,0.2023
25.595257,91.808715,0.1875
25.595257,91.818666,0.1896
25.595257,91.828616,0.2049
25.595257,91.838567,0.3662
25.595257,91.848517,0.3734
25.595257,91.858468,0.289
25.595257,91.868418,0.2152
25.595257,91.878369,0.167
25.595257,91.88832,0.1774
25.595257,91.89827,0.212
25.595257,91.908221,0.1248
25.595257,91.918171,0.2344
25.595257,91.928122,0.202
25.595257,91.938072,0.1553
25.595257,91.948023,0.1664
25.595257,91.957974,0.1838
25.595257,91.967924,0.1753
25.595257,91.977875,0.1505
25.595257,91.987825,0.1782
25.595257,91.997776,0.1117
25.595257,92.007726,0.4533
25.595257,92.017677,0.1647
25.595257,92.027628,0.141
25.595257,92.037578,0.152
25.595257,92.047529,0.1396
25.60424,91.55,0.1566
25.60424,91.559951,0.1079
25.60424,91.569901,0.172
25.60424,91.579852,0.1237
25.60424,91.589802,0.1838
25.60424,91.599753,0.1248
25.60424,91.609703,0.1306
25.60424,91.619654,0.1224
25.60424,91.629605,0.3804
25.60424,91.639555,0.1434
25.60424,91.649506,0.1102
25.60424,91.659456,0.1135
25.60424,91.669407,0.1231
25.60424,91.679357,0.1522
25.60424,91.689308,0.1414
25.60424,91.699259,0.3302
25.60424,91.709209,0.3368
25.60424,91.71916,0.1155
25.60424,91.72911,0.36
25.60424,91.739061,0.1373
25.60424,91.749012,0.1309
25.60424,91.758962,0.11
25.60424,91.768913,0.1238
25.60424,91.778863,0.1631
25.60424,91.788814,0.1687
25.60424,91.798764,0.1583
25.60424,91.808715,0.1317
25.60424,91.818666,0.441
25.60424,91.828616,0.1772
25.60424,91.838567,0.2165
25.60424,91.848517,0.3415
25.60424,91.858468,0.3131
25.60424,91.868418,0.1143
25.60424,91.878369,0.3499
25.60424,91.88832,0.1278
25.60424,91.89827,0.172
25.60424,91.908221,0.2737
25.60424,91.918171,0.1267
25.60424,91.928122,0.1458
25.60424,91.938072,0.1102
25.60424,91.948023,0.1388
25.60424,91.957974,0.1536
25.60424,91.967924,0.1694
25.60424,91.977875,0.2211
25.60424,91.987825,0.243
25.60424,91.997776,0.3935
25.60424,92.007726,0.2021
25.60424,92.017677,0.2016
25.60424,92.027628,0.2009
25.60424,92.037578,0.1881
25.60424,92.047529,0.1602
25.613223,91.55,0.1367
25.613223,91.559951,0.1482
25.613223,91.569901,0.1509
25.613223,91.579852,0.1388
25.613223,91.589802,0.1235
25.613223,91.599753,0.1454
25.613223,91.609703,0.3862
25.613223,91.619654,0.1962
25.613223,91.629605,0.1109
25.613223,91.639555,0.3249
25.613223,91.649506,0.063
25.613223,91.659456,0.1056
25.613223,91.669407,0.1646
25.613223,91.679357,0.3499
25.613223,91.689308,0.35
25.613223,91.699259,0.1185
25.613223,91.709209,0.1744
25.613223,91.71916,0.2336
25.613223,91.72911,0.109
25.613223,91.739061,0.2904
25.613223,91.749012,0.3567
25.613223,91.758962,0.3596
25.613223,91.768913,0.2148
25.613223,91.778863,0.1785
25.613223,91.788814,0.4207
25.613223,91.798764,0.3381
25.613223,91.808715,0.1839
25.613223,91.818666,0.1984
25.613223,91.828616,0.1695
25.613223,91.838567,0.1356
25.613223,91.848517,0.1638
25.613223,91.858468,0.3485
25.613223,91.868418,0.0953
25.613223,91.878369,0.1418
25.613223,91.88832,0.1465
25.613223,91.89827,0.1606
25.613223,91.908221,0.1387
25.613223,91.918171,0.1214
25.613223,91.928122,0.3118
25.613223,91.938072,0.1874
25.613223,91.948023,0.3199
25.613223,91.957974,0.185
25.613223,91.967924,0.3925
25.613223,91.977875,0.2675
25.613223,91.987825,0.2431
25.613223,91.997776,0.2643
25.613223,92.007726,0.2186
25.613223,92.017677,0.2217
25.613223,92.027628,0.2093
25.613223,92.037578,0.1518
25.613223,92.047529,0.204
25.622206,91.55,0.1237
25.622206,91.559951,0.1857
25.622206,91.569901,0.1679
25.622206,91.579852,0.3759
25.622206,91.589802,0.1566
25.622206,91.599753,0.3698
25.622206,91.609703,0.1366
25.622206,91.619654,0.3455
25.622206,91.629605,0.3963
25.622206,91.639555,0.1256
25.622206,91.649506,0.1195
25.622206,91.659456,0.3935
25.622206,91.669407,0.1412
25.622206,91.679357,0.1533
25.622206,91.689308,0.1083
25.622206,91.699259,0.1544
25.622206,91.709209,0.3524
25.622206,91.71916,0.1334
25.622206,91.72911,0.2996
25.622206,91.739061,0.3113
25.622206,91.749012,0.5008
25.622206,91.758962,0.2421
25.622206,91.768913,0.2184
25.622206,91.778863,0.2507
25.622206,91.788814,0.2318
25.622206,91.798764,0.2298
25.622206,91.808715,0.1855
25.622206,91.818666,0.236
25.622206,91.828616,0.1735
25.622206,91.838567,0.1566
25.622206,91.848517,0.3366
25.622206,91.858468,0.3924
25.622206,91.868418,0.1869
25.622206,91.878369,0.1439
25.622206,91.88832,0.1319
25.622206,91.89827,0.1335
25.622206,91.908221,0.1384
25.622206,91.918171,0.138
25.622206,91.928122,0.3309
25.622206,91.938072,0.3085
25.622206,91.948023,0.2331
25.622206,91.957974,0.2893
25.622206,91.967924,0.213
25.622206,91.977875,0.1994
25.622206,91.987825,0.2068
25.622206,91.997776,0.1736
25.622206,92.007726,0.2143
25.622206,92.017677,0.1612
25.622206,92.027628,0.4426
25.622206,92.037578,0.1426
25.622206,92.047529,0.1536
25.631189,91.55,0.1047
25.631189,91.559951,0.3602
25.631189,91.569901,0.3695
25.631189,91.579852,0.152
25.631189,91.589802,0.381
25.631189,91.599753,0.1138
25.631189,91.609703,0.1271
25.631189,91.619654,0.1655
25.631189,91.629605,0.1591
25.631189,91.639555,0.137
25.631189,91.649506,0.1286
25.631189,91.659456,0.1154
25.631189,91.669407,0.1768
25.631189,91.679357,0.3721
25.631189,91.689308,0.3668
25.631189,91.699259,0.1707
25.631189,91.709209,0.1634
25.631189,91.71916,0.1319
25.631189,91.72911,0.4269
25.631189,91.739061,0.4116
25.631189,91.749012,0.2936
25.631189,91.758962,0.2318
25.631189,91.768913,0.1528
25.631189,91.778863,0.239
25.631189,91.788814,0.2083
25.631189,91.798764,0.4729
25.631189,91.808715,0.5346
25.631189,91.818666,0.1271
25.631189,91.828616,0.305
25.631189,91.838567,0.4472
25.631189,91.848517,0.4472
25.631189,91.858468,0.2782
25.631189,91.868418,0.295
25.631189,91.878369,0.1192
25.631189,91.88832,0.1199
25.631189,91.89827,0.1411
25.631189,91.908221,0.3399
25.631189,91.918171,0.1093
25.631189,91.928122,0.1333
25.631189,91.938072,0.3388
25.631189,91.948023,0.1683
25.631189,91.957974,0.3875
25.631189,91.967924,0.4139
25.631189,91.977875,0.1839
25.631189,91.987825,0.1138
25.631189,91.997776,0.2038
25.631189,92.007726,0.2239
25.631189,92.017677,0.1846
25.631189,92.027628,0.233
25.631189,92.037578,0.1793
25.631189,92.047529,0.1632
25.640172,91.55,0.2285
25.640172,91.559951,0.3747
25.640172,91.569901,0.1446
25.640172,91.579852,0.1316
25.640172,91.589802,0.1217
25.640172,91.599753,0.1661
25.640172,91.609703,0.1487
25.640172,91.619654,0.1522
25.640172,91.629605,0.189
25.640172,91.639555,0.2096
25.640172,91.649506,0.1249
25.640172,91.659456,0.3453
25.640172,91.669407,0.1328
25.640172,91.679357,0.2536
25.640172,91.689308,0.1353
25.640172,91.699259,0.1928
25.640172,91.709209,0.1818
25.640172,91.71916,0.1874
25.640172,91.72911,0.4733
25.640172,91.739061,0.2024
25.640172,91.749012,0.2281
25.640172,91.758962,0.1936
25.640172,91.768913,0.5346
25.640172,91.778863,0.2152
25.640172,91.788814,0.1671
25.640172,91.798764,0.2772
25.640172,91.808715,0.1345
25.640172,91.818666,0.1316
25.640172,91.828616,0.1878
25.640172,91.838567,0.486
25.640172,91.848517,0.2855
25.640172,91.858468,0.4109
25.640172,91.868418,0.6276
25.640172,91.878369,0.2555
25.640172,91.88832,0.3346
25.640172,91.89827,0.1022
25.640172,91.908221,0.0908
25.640172,91.918171,0.159
25.640172,91.928122,0.0905
25.640172,91.938072,0.0999
25.640172,91.948023,0.1279
25.640172,91.957974,0.1606
25.640172,91.967924,0.1513
25.640172,91.977875,0.2174
25.640172,91.987825,0.2533
25.640172,91.997776,0.1871
25.640172,92.007726,0.1869
25.640172,92.017677,0.2037
25.640172,92.027628,0.2036
25.640172,92.037578,0.2174
25.640172,92.047529,0.1916
25.649156,91.55,0.3343
25.649156,91.559951,0.4072
25.649156,91.569901,0.2065
25.649156,91.579852,0.1753
25.649156,91.589802,0.1767
25.649156,91.599753,0.1418
25.649156,91.609703,0.1244
25.649156,91.619654,0.134
25.649156,91.629605,0.1255
25.649156,91.639555,0.1146
25.649156,91.649506,0.2438
25.649156,91.659456,0.1326
25.649156,91.669407,0.1177
25.649156,91.679357,0.4045
25.649156,91.689308,0.1896
25.649156,91.699259,0.5054
25.649156,91.709209,0.2184
25.649156,91.71916,0.2362
25.649156,91.72911,0.2343
25.649156,91.739061,0.2846
25.649156,91.749012,0.2171
25.649156,91.758962,0.1842
25.649156,91.768913,0.2723
25.649156,91.778863,0.27
25.649156,91.788814,0.1664
25.649156,91.798764,0.29
25.649156,91.808715,0.2287
25.649156,91.818666,0.1839
25.649156,91.828616,0.1638
25.649156,91.838567,0.147
25.649156,91.848517,0.1201
25.649156,91.858468,0.1253
25.649156,91.868418,0.2147
25.649156,91.878369,0.271
25.649156,91.88832,0.2357
25.649156,91.89827,0.3678
25.649156,91.908221,0.1282
25.649156,91.918171,0.1278
25.649156,91.928122,0.0791
25.649156,91.938072,0.1313
25.649156,91.948023,0.173
25.649156,91.957974,0.1344
25.649156,91.967924,0.1031
25.649156,91.977875,0.1592
25.649156,91.987825,0.1731
25.649156,91.997776,0.1176
25.649156,92.007726,0.14
25.649156,92.017677,0.1388
25.649156,92.027628,0.2179
25.649156,92.037578,0.1298
25.649156,92.047529,0.1236
25.658139,91.55,0.1829
25.658139,91.559951,0.1696
25.658139,91.569901,0.2169
25.658139,91.579852,0.1721
25.658139,91.589802,0.2682
25.658139,91.599753,0.3785
25.658139,91.609703,0.1422
25.658139,91.619654,0.1633
25.658139,91.629605,0.3557
25.658139,91.639555,0.1478
25.658139,91.649506,0.1733
25.658139,91.659456,0.1531
25.658139,91.669407,0.414
25.658139,91.679357,0.1515
25.658139,91.689308,0.1958
25.658139,91.699259,0.3369
25.658139,91.709209,0.2406
25.658139,91.71916,0.2387
25.658139,91.72911,0.3964
25.658139,91.739061,0.1975
25.658139,91.749012,0.1985
25.658139,91.758962,0.2199
25.658139,91.768913,0.2354
25.658139,91.778863,0.2333
25.658139,91.788814,0.2606
25.658139,91.798764,0.238
25.658139,91.808715,0.2309
25.658139,91.818666,0.2032
25.658139,91.828616,0.1273
25.658139,91.838567,0.132
25.658139,91.848517,0.4154
25.658139,91.858468,0.2769
25.658139,91.868418,0.1441
25.658139,91.878369,0.1409
25.658139,91.88832,0.5517
25.658139,91.89827,0.3589
25.658139,91.908221,0.1147
25.658139,91.918171,0.1135
25.658139,91.928122,0.1915
25.658139,91.938072,0.1355
25.658139,91.948023,0.1312
25.658139,91.957974,0.4083
25.658139,91.967924,0.1334
25.658139,91.977875,0.1207
25.658139,91.987825,0.183
25.658139,91.997776,0.1784
25.658139,92.007726,0.2298
25.658139,92.017677,0.1369
25.658139,92.027628,0.1998
25.658139,92.037578,0.1504
25.658139,92.047529,0.2043
25.667122,91.55,0.2716
25.667122,91.559951,0.267
25.667122,91.569901,0.2112
25.667122,91.579852,0.1883
25.667122,91.589802,0.4111
25.667122,91.599753,0.1637
25.667122,91.609703,0.1313
25.667122,91.619654,0.1447
25.667122,91.629605,0.1476
25.667122,91.639555,0.2029
25.667122,91.649506,0.2243
25.667122,91.659456,0.389
25.667122,91.669407,0.1556
25.667122,91.679357,0.4047
25.667122,91.689308,0.3943
25.667122,91.699259,0.1922
25.667122,91.709209,0.2482
25.667122,91.71916,0.1827
25.667122,91.72911,0.1663
25.667122,91.739061,0.2249
25.667122,91.749012,0.219
25.667122,91.758962,0.1813
25.667122,91.768913,0.2232
25.667122,91.778863,0.1679
25.667122,91.788814,0.4539
25.667122,91.798764,0.2012
25.667122,91.808715,0.2469
25.667122,91.818666,0.1544
25.667122,91.828616,0.1921
25.667122,91.838567,0.1642
25.667122,91.848517,0.0902
25.667122,91.858468,0.1418
25.667122,91.868418,0.1245
25.667122,91.878369,0.1554
25.667122,91.88832,0.2395
25.667122,91.89827,0.2278
25.667122,91.908221,0.1416
25.667122,91.918171,0.0938
25.667122,91.928122,0.1353
25.667122,91.938072,0.082
25.667122,91.948023,0.2304
25.667122,91.957974,0.1054
25.667122,91.967924,0.1572
25.667122,91.977875,0.1265
25.667122,91.987825,0.1597
25.667122,91.997776,0.4079
25.667122,92.007726,0.4775
25.667122,92.017677,0.2169
25.667122,92.027628,0.1436
25.667122,92.037578,0.1681
25.667122,92.047529,0.2268
25.676105,91.55,0.407
25.676105,91.559951,0.2143
25.676105,91.569901,0.1865
25.676105,91.579852,0.1943
25.676105,91.589802,0.2062
25.676105,91.599753,0.3531
25.676105,91.609703,0.2419
25.676105,91.619654,0.2336
25.676105,91.629605,0.1815
25.676105,91.639555,0.195
25.676105,91.649506,0.1662
25.676105,91.659456,0.3829
25.676105,91.669407,0.3367
25.676105,91.679357,0.1799
25.676105,91.689308,0.3153
25.676105,91.699259,0.1685
25.676105,91.709209,0.4729
25.676105,91.71916,0.1903
25.676105,91.72911,0.229
25.676105,91.739061,0.2144
25.676105,91.749012,0.2722
25.676105,91.758962,0.2068
25.676105,91.768913,0.2085
25.676105,91.778863,0.2244
25.676105,91.788814,0.1586
25.676105,91.798764,0.2017
25.676105,91.808715,0.2272
25.676105,91.818666,0.1771
25.676105,91.828616,0.24
25.676105,91.838567,0.177
25.676105,91.848517,0.2136
25.676105,91.858468,0.1294
25.676105,91.868418,0.1421
25.676105,91.878369,0.1883
25.676105,91.88832,0.1202
25.676105,91.89827,0.1602
25.676105,91.908221,0.1023
25.676105,91.918171,0.1083
25.676105,91.928122,0.1767
25.676105,91.938072,0.1698
25.676105,91.948023,0.1491
25.676105,91.957974,0.1252
25.676105,91.967924,0.1103
25.676105,91.977875,0.091
25.676105,91.987825,0.1428
25.676105,91.997776,0.442
25.676105,92.007726,0.15
25.676105,92.017677,0.258
25.676105,92.027628,0.1297
25.676105,92.037578,0.1497
25.676105,92.047529,0.4196
25.685088,91.55,0.4613
25.685088,91.559951,0.2304
25.685088,91.569901,0.4145
25.685088,91.579852,0.2062
25.685088,91.589802,0.2112
25.685088,91.599753,0.2451
25.685088,91.609703,0.2638
25.685088,91.619654,0.2
25.685088,91.629605,0.2199
25.685088,91.639555,0.1909
25.685088,91.649506,0.4053
25.685088,91.659456,0.3831
25.685088,91.669407,0.1507
25.685088,91.679357,0.1406
25.685088,91.689308,0.1588
25.685088,91.699259,0.3334
25.685088,91.709209,0.164
25.685088,91.71916,0.1745
25.685088,91.72911,0.3475
25.685088,91.739061,0.1749
25.685088,91.749012,0.1591
25.685088,91.758962,0.2561
25.685088,91.768913,0.1464
25.685088,91.778863,0.2377
25.685088,91.788814,0.1985
25.685088,91.798764,0.1944
25.685088,91.808715,0.1407
25.685088,91.818666,0.1227
25.685088,91.828616,0.1497
25.685088,91.838567,0.1152
25.685088,91.848517,0.158
25.685088,91.858468,0.1758
25.685088,91.868418,0.2399
25.685088,91.878369,0.2888
25.685088,91.88832,0.3622
25.685088,91.89827,0.3548
25.685088,91.908221,0.1188
25.685088,91.918171,0.1526
25.685088,91.928122,0.1063
25.685088,91.938072,0.121
25.685088,91.948023,0.112
25.685088,91.957974,0.1498
25.685088,91.967924,0.1407
25.685088,91.977875,0.1443
25.685088,91.987825,0.1302
25.685088,91.997776,0.1138
25.685088,92.007726,0.119
25.685088,92.017677,0.1721
25.685088,92.027628,0.1686
25.685088,92.037578,0.1834
25.685088,92.047529,0.1242
25.694071,91.55,0.2333
25.694071,91.559951,0.196
25.694071,91.569901,0.3927
25.694071,91.579852,0.198
25.694071,91.589802,0.3566
25.694071,91.599753,0.1697
25.694071,91.609703,0.1883
25.694071,91.619654,0.1833
25.694071,91.629605,0.173
25.694071,91.639555,0.1622
25.694071,91.649506,0.4047
25.694071,91.659456,0.1398
25.694071,91.669407,0.179
25.694071,91.679357,0.1203
25.694071,91.689308,0.1843
25.694071,91.699259,0.1528
25.694071,91.709209,0.1724
25.694071,91.71916,0.2377
25.694071,91.72911,0.1669
25.694071,91.739061,0.1473
25.694071,91.749012,0.2357
25.694071,91.758962,0.2191
25.694071,91.768913,0.1622
25.694071,91.778863,0.1729
25.694071,91.788814,0.1423
25.694071,91.798764,0.1845
25.694071,91.808715,0.1473
25.694071,91.818666,0.1232
25.694071,91.828616,0.1136
25.694071,91.838567,0.1971
25.694071,91.848517,0.1406
25.694071,91.858468,0.1617
25.694071,91.868418,0.1056
25.694071,91.878369,0.1778
25.694071,91.88832,0.2096
25.694071,91.89827,0.0935
25.694071,91.908221,0.1467
25.694071,91.918171,0.0977
25.694071,91.928122,0.1254
25.694071,91.938072,0.0977
25.694071,91.948023,0.0969
25.694071,91.957974,0.1442
25.694071,91.967924,0.1516
25.694071,91.977875,0.1215
25.694071,91.987825,0.1058
25.694071,91.997776,0.1014
25.694071,92.007726,0.1716
25.694071,92.017677,0.1883
25.694071,92.027628,0.2057
25.694071,92.037578,0.1651
25.694071,92.047529,0.1465
25.703054,91.55,0.2856
25.703054,91.559951,0.2691
25.703054,91.569901,0.1932
25.703054,91.579852,0.2442
25.703054,91.589802,0.1823
25.703054,91.599753,0.1873
25.703054,91.609703,0.195
25.703054,91.619654,0.1814
25.703054,91.629605,0.4047
25.703054,91.639555,0.1499
25.703054,91.649506,0.3945
25.703054,91.659456,0.3843
25.703054,91.669407,0.1333
25.703054,91.679357,0.1681
25.703054,91.689308,0.1333
25.703054,91.699259,0.1544
25.703054,91.709209,0.1843
25.703054,91.71916,0.1956
25.703054,91.72911,0.2026
25.703054,91.739061,0.1478
25.703054,91.749012,0.2171
25.703054,91.758962,0.4828
25.703054,91.768913,0.1283
25.703054,91.778863,0.1559
25.703054,91.788814,0.1357
25.703054,91.798764,0.1406
25.703054,91.808715,0.1471
25.703054,91.818666,0.1346
25.703054,91.828616,0.3505
25.703054,91.838567,0.1465
25.703054,91.848517,0.1602
25.703054,91.858468,0.1222
25.703054,91.868418,0.2039
25.703054,91.878369,0.1566
25.703054,91.88832,0.1062
25.703054,91.89827,0.1116
25.703054,91.908221,0.1002
25.703054,91.918171,0.3526
25.703054,91.928122,0.2978
25.703054,91.938072,0.1206
25.703054,91.948023,0.1052
25.703054,91.957974,0.1311
25.703054,91.967924,0.1333
25.703054,91.977875,0.1547
25.703054,91.987825,0.0984
25.703054,91.997776,0.1662
25.703054,92.007726,0.1287
25.703054,92.017677,0.1398
25.703054,92.027628,0.1532
25.703054,92.037578,0.1518
25.703054,92.047529,0.1383
25.712037,91.55,0.2189
25.712037,91.559951,0.209
25.712037,91.569901,0.1401
25.712037,91.579852,0.3165
25.712037,91.589802,0.1726
25.712037,91.599753,0.2081
25.712037,91.609703,0.2525
25.712037,91.619654,0.1394
25.712037,91.629605,0.3217
25.712037,91.639555,0.3947
25.712037,91.649506,0.1831
25.712037,91.659456,0.191
25.712037,91.669407,0.1831
25.712037,91.679357,0.1658
25.712037,91.689308,0.1435
25.712037,91.699259,0.2531
25.712037,91.709209,0.1544
25.712037,91.71916,0.3308
25.712037,91.72911,0.1943
25.712037,91.739061,0.2359
25.712037,91.749012,0.1943
25.712037,91.758962,0.0953
25.712037,91.768913,0.2838
25.712037,91.778863,0.2214
25.712037,91.788814,0.1139
25.712037,91.798764,0.1707
25.712037,91.808715,0.3582
25.712037,91.818666,0.1448
25.712037,91.828616,0.1758
25.712037,91.838567,0.0951
25.712037,91.848517,0.1236
25.712037,91.858468,0.4449
25.712037,91.868418,0.2167
25.712037,91.878369,0.1824
25.712037,91.88832,0.128
25.712037,91.89827,0.1281
25.712037,91.908221,0.2044
25.712037,91.918171,0.3384
25.712037,91.928122,0.308
25.712037,91.938072,0.3394
25.712037,91.948023,0.1141
25.712037,91.957974,0.1557
25.712037,91.967924,0.141
25.712037,91.977875,0.1361
25.712037,91.987825,0.09
25.712037,91.997776,0.1302
25.712037,92.007726,0.1081
25.712037,92.017677,0.1069
25.712037,92.027628,0.1556
25.712037,92.037578,0.079
25.712037,92.047529,0.1633
25.72102,91.55,0.1659
25.72102,91.559951,0.1866
25.72102,91.569901,0.1665
25.72102,91.579852,0.1892
25.72102,91.589802,0.194
25.72102,91.599753,0.1428
25.72102,91.609703,0.2426
25.72102,91.619654,0.1633
25.72102,91.629605,0.157
25.72102,91.639555,0.1516
25.72102,91.649506,0.3925
25.72102,91.659456,0.1724
25.72102,91.669407,0.1972
25.72102,91.679357,0.1868
25.72102,91.689308,0.3321
25.72102,91.699259,0.1719
25.72102,91.709209,0.2053
25.72102,91.71916,0.1783
25.72102,91.72911,0.197
25.72102,91.739061,0.1858
25.72102,91.749012,0.3428
25.72102,91.758962,0.1764
25.72102,91.768913,0.1382
25.72102,91.778863,0.1665
25.72102,91.788814,0.1689
25.72102,91.798764,0.1811
25.72102,91.808715,0.16
25.72102,91.818666,0.1273
25.72102,91.828616,0.1532
25.72102,91.838567,0.1531
25.72102,91.848517,0.1466
25.72102,91.858468,0.2078
25.72102,91.868418,0.194
25.72102,91.878369,0.1142
25.72102,91.88832,0.1359
25.72102,91.89827,0.1261
25.72102,91.908221,0.1657
25.72102,91.918171,0.1187
25.72102,91.928122,0.3526
25.72102,91.938072,0.3188
25.72102,91.948023,0.1045
25.72102,91.957974,0.3499
25.72102,91.967924,0.1326
25.72102,91.977875,0.1757
25.72102,91.987825,0.0975
25.72102,91.997776,0.1534
25.72102,92.007726,0.2356
25.72102,92.017677,0.1303
25.72102,92.027628,0.0695
25.72102,92.037578,0.1797
25.72102,92.047529,0.0725
25.730004,91.55,0.1715
25.730004,91.559951,0.2121
25.730004,91.569901,0.1664
25.730004,91.579852,0.1981
25.730004,91.589802,0.2174
25.730004,91.599753,0.1985
25.730004,91.609703,0.2028
25.730004,91.619654,0.3321
25.730004,91.629605,0.1775
25.730004,91.639555,0.3923
25.730004,91.649506,0.1892
25.730004,91.659456,0.3923
25.730004,91.669407,0.1662
25.730004,91.679357,0.3993
25.730004,91.689308,0.1359
25.730004,91.699259,0.3359
25.730004,91.709209,0.4449
25.730004,91.71916,0.1918
25.730004,91.72911,0.1746
25.730004,91.739061,0.1921
25.730004,91.749012,0.3881
25.730004,91.758962,0.1303
25.730004,91.768913,0.4449
25.730004,91.778863,0.1602
25.730004,91.788814,0.1117
25.730004,91.798764,0.0982
25.730004,91.808715,0.1838
25.730004,91.818666,0.0974
25.730004,91.828616,0.1719
25.730004,91.838567,0.1272
25.730004,91.848517,0.1509
25.730004,91.858468,0.0999
25.730004,91.868418,0.1355
25.730004,91.878369,0.1194
25.730004,91.88832,0.1207
25.730004,91.89827,0.118
25.730004,91.908221,0.2236
25.730004,91.918171,0.1829
25.730004,91.928122,0.1101
25.730004,91.938072,0.1482
25.730004,91.948023,0.2714
25.730004,91.957974,0.142
25.730004,91.967924,0.1066
25.730004,91.977875,0.1111
25.730004,91.987825,0.118
25.730004,91.997776,0.1164
25.730004,92.007726,0.1816
25.730004,92.017677,0.3379
25.730004,92.027628,0.3318
25.730004,92.037578,0.0904
25.730004,92.047529,0.121
25.738987,91.55,0.3886
25.738987,91.559951,0.3238
25.738987,91.569901,0.401
25.738987,91.579852,0.3338
25.738987,91.589802,0.3949
25.738987,91.599753,0.194
25.738987,91.609703,0.1873
25.738987,91.619654,0.3925
25.738987,91.629605,0.1528
25.738987,91.639555,0.2127
25.738987,91.649506,0.199
25.738987,91.659456,0.1564
25.738987,91.669407,0.2098
25.738987,91.679357,0.1719
25.738987,91.689308,0.1442
25.738987,91.699259,0.1814
25.738987,91.709209,0.1909
25.738987,91.71916,0.17
25.738987,91.72911,0.1715
25.738987,91.739061,0.1909
25.738987,91.749012,0.1755
25.738987,91.758962,0.1275
25.738987,91.768913,0.1657
25.738987,91.778863,0.1178
25.738987,91.788814,0.3465
25.738987,91.798764,0.1365
25.738987,91.808715,0.2617
25.738987,91.818666,0.1252
25.738987,91.828616,0.108
25.738987,91.838567,0.1472
25.738987,91.848517,0.2233
25.738987,91.858468,0.2109
25.738987,91.868418,0.4752
25.738987,91.878369,0.1708
25.738987,91.88832,0.1626
25.738987,91.89827,0.1524
25.738987,91.908221,0.0966
25.738987,91.918171,0.1311
25.738987,91.928122,0.087
25.738987,91.938072,0.1075
25.738987,91.948023,0.1205
25.738987,91.957974,0.3451
25.738987,91.967924,0.0938
25.738987,91.977875,0.0845
25.738987,91.987825,0.1454
25.738987,91.997776,0.1376
25.738987,92.007726,0.2125
25.738987,92.017677,0.1583
25.738987,92.027628,0.3972
25.738987,92.037578,0.1213
25.738987,92.047529,0.1013
25.74797,91.55,0.194
25.74797,91.559951,0.244
25.74797,91.569901,0.2067
25.74797,91.579852,0.4008
25.74797,91.589802,0.1291
25.74797,91.599753,0.4105
25.74797,91.609703,0.1493
25.74797,91.619654,0.3789
25.74797,91.629605,0.3504
25.74797,91.639555,0.3545
25.74797,91.649506,0.191
25.74797,91.659456,0.1705
25.74797,91.669407,0.2066
25.74797,91.679357,0.1703
25.74797,91.689308,0.1768
25.74797,91.699259,0.2566
25.74797,91.709209,0.1764
25.74797,91.71916,0.2091
25.74797,91.72911,0.1516
25.74797,91.739061,0.4437
25.74797,91.749012,0.1454
25.74797,91.758962,0.1397
25.74797,91.768913,0.0891
25.74797,91.778863,0.1016
25.74797,91.788814,0.0988
25.74797,91.798764,0.1286
25.74797,91.808715,0.3826
25.74797,91.818666,0.1777
25.74797,91.828616,0.1432
25.74797,91.838567,0.1337
25.74797,91.848517,0.2242
25.74797,91.858468,0.1783
25.74797,91.868418,0.1208
25.74797,91.878369,0.0891
25.74797,91.88832,0.1182
25.74797,91.89827,0.1628
25.74797,91.908221,0.3035
25.74797,91.918171,0.091
25.74797,91.928122,0.1614
25.74797,91.938072,0.4065
25.74797,91.948023,0.1221
25.74797,91.957974,0.2824
25.74797,91.967924,0.0888
25.74797,91.977875,0.2847
25.74797,91.987825,0.3119
25.74797,91.997776,0.1537
25.74797,92.007726,0.2014
25.74797,92.017677,0.1301
25.74797,92.027628,0.1585
25.74797,92.037578,0.1097
25.74797,92.047529,0.1424
23.55,92.55,0.1289
23.55,92.559814,0.3554
23.55,92.569629,0.5032
23.55,92.579443,0.227
23.55,92.589257,0.5162
23.55,92.599071,0.5144
23.55,92.608886,0.1222
23.55,92.6187,0.3997
23.55,92.628514,0.3997
23.55,92.638328,0.4048
23.55,92.648143,0.1205
23.55,92.657957,0.3614
23.55,92.667771,0.0961
23.55,92.677585,0.4048
23.55,92.6874,0.4021
23.55,92.697214,0.1126
23.55,92.707028,0.4778
23.55,92.716843,0.3521
23.55,92.726657,0.1673
23.55,92.736471,0.4225
23.55,92.746285,0.4449
23.55,92.7561,0.2456
23.55,92.765914,0.165
23.55,92.775728,0.1775
23.55,92.785542,0.506
23.55,92.795357,0.219
23.55,92.805171,0.3632
23.55,92.814985,0.1607
23.55,92.824799,0.506
23.55,92.834614,0.3493
23.55,92.844428,0.3869
23.55,92.854242,0.1902
23.558983,92.55,0.4552
23.558983,92.559814,0.5396
23.558983,92.569629,0.5149
23.558983,92.579443,0.5157
23.558983,92.589257,0.3829
23.558983,92.599071,0.1226
23.558983,92.608886,0.4218
23.558983,92.6187,0.3997
23.558983,92.628514,0.3786
23.558983,92.638328,0.1098
23.558983,92.648143,0.4048
23.558983,92.657957,0.3402
23.558983,92.667771,0.4048
23.558983,92.677585,0.3527
23.558983,92.6874,0.1311
23.558983,92.697214,0.1761
23.558983,92.707028,0.2181
23.558983,92.716843,0.4225
23.558983,92.726657,0.4886
23.558983,92.736471,0.137
23.558983,92.746285,0.1918
23.558983,92.7561,0.5288
23.558983,92.765914,0.3916
23.558983,92.775728,0.4225
23.558983,92.785542,0.4449
23.558983,92.795357,0.4225
23.558983,92.805171,0.1859
23.558983,92.814985,0.1788
23.558983,92.824799,0.2465
23.558983,92.834614,0.4218
23.558983,92.844428,0.3949
23.558983,92.854242,0.5006
23.567966,92.55,0.5027
23.567966,92.559814,0.4296
23.567966,92.569629,0.5505
23.567966,92.579443,0.4467
23.567966,92.589257,0.4783
23.567966,92.599071,0.5233
23.567966,92.608886,0.1367
23.567966,92.6187,0.3527
23.567966,92.628514,0.3697
23.567966,92.638328,0.4118
23.567966,92.648143,0.1295
23.567966,92.657957,0.3997
23.567966,92.667771,0.3527
23.567966,92.677585,0.3997
23.567966,92.6874,0.4048
23.567966,92.697214,0.4903
23.567966,92.707028,0.3434
23.567966,92.716843,0.2334
23.567966,92.726657,0.4862
23.567966,92.736471,0.2122
23.567966,92.746285,0.2009
23.567966,92.7561,0.2103
23.567966,92.765914,0.506
23.567966,92.775728,0.2221
23.567966,92.785542,0.1384
23.567966,92.795357,0.3911
23.567966,92.805171,0.2378
23.567966,92.814985,0.466
23.567966,92.824799,0.1673
23.567966,92.834614,0.4778
23.567966,92.844428,0.5027
23.567966,92.854242,0.3869
23.576949,92.55,0.4733
23.576949,92.559814,0.5694
23.576949,92.569629,0.4756
23.576949,92.579443,0.2734
23.576949,92.589257,0.4511
23.576949,92.599071,0.5451
23.576949,92.608886,0.4073
23.576949,92.6187,0.3527
23.576949,92.628514,0.4186
23.576949,92.638328,0.4406
23.576949,92.648143,0.3997
23.576949,92.657957,0.4048
23.576949,92.667771,0.3743
23.576949,92.677585,0.4048
23.576949,92.6874,0.4903
23.576949,92.697214,0.1761
23.576949,92.707028,0.4225
23.576949,92.716843,0.1613
23.576949,92.726657,0.3861
23.576949,92.736471,0.1911
23.576949,92.746285,0.1984
23.576949,92.7561,0.4449
23.576949,92.765914,0.2124
23.576949,92.775728,0.1984
23.576949,92.785542,0.506
23.576949,92.795357,0.4225
23.576949,92.805171,0.3493
23.576949,92.814985,0.3783
23.576949,92.824799,0.3916
23.576949,92.834614,0.4225
23.576949,92.844428,0.3869
23.576949,92.854242,0.2031
23.585932,92.55,0.5027
23.585932,92.559814,0.5362
23.585932,92.569629,0.5406
23.585932,92.579443,0.5224
23.585932,92.589257,0.5018
23.585932,92.599071,0.546
23.585932,92.608886,0.3937
23.585932,92.6187,0.3697
23.585932,92.628514,0.1041
23.585932,92.638328,0.1117
23.585932,92.648143,0.4298
23.585932,92.657957,0.4421
23.585932,92.667771,0.1295
23.585932,92.677585,0.4048
23.585932,92.6874,0.3527
23.585932,92.697214,0.4048
23.585932,92.707028,0.3384
23.585932,92.716843,0.1715
23.585932,92.726657,0.4296
23.585932,92.736471,0.2384
23.585932,92.746285,0.4449
23.585932,92.7561,0.2275
23.585932,92.765914,0.4225
23.585932,92.775728,0.1761
23.585932,92.785542,0.506
23.585932,92.795357,0.4449
23.585932,92.805171,0.5288
23.585932,92.814985,0.3696
23.585932,92.824799,0.1822
23.585932,92.834614,0.144
23.585932,92.844428,0.3213
23.585932,92.854242,0.2285
23.594916,92.55,0.4476
23.594916,92.559814,0.2446
23.594916,92.569629,0.5224
23.594916,92.579443,0.2398
23.594916,92.589257,0.5246
23.594916,92.599071,0.2653
23.594916,92.608886,0.4027
23.594916,92.6187,0.3677
23.594916,92.628514,0.1222
23.594916,92.638328,0.1531
23.594916,92.648143,0.1367
23.594916,92.657957,0.4218
23.594916,92.667771,0.3997
23.594916,92.677585,0.3497
23.594916,92.6874,0.4048
23.594916,92.697214,0.3464
23.594916,92.707028,0.1584
23.594916,92.716843,0.3583
23.594916,92.726657,0.264
23.594916,92.736471,0.4157
23.594916,92.746285,0.2415
23.594916,92.7561,0.264
23.594916,92.765914,0.5242
23.594916,92.775728,0.5288
23.594916,92.785542,0.506
23.594916,92.795357,0.3665
23.594916,92.805171,0.3916
23.594916,92.814985,0.2014
23.594916,92.824799,0.4225
23.594916,92.834614,0.1547
23.594916,92.844428,0.3662
23.594916,92.854242,0.5255
23.603899,92.55,0.5027
23.603899,92.559814,0.5438
23.603899,92.569629,0.4566
23.603899,92.579443,0.5303
23.603899,92.589257,0.227
23.603899,92.599071,0.5248
23.603899,92.608886,0.3075
23.603899,92.6187,0.3997
23.603899,92.628514,0.4048
23.603899,92.638328,0.1621
23.603899,92.648143,0.3786
23.603899,92.657957,0.1766
23.603899,92.667771,0.4048
23.603899,92.677585,0.2948
23.603899,92.6874,0.4071
23.603899,92.697214,0.3782
23.603899,92.707028,0.4247
23.603899,92.716843,0.2484
23.603899,92.726657,0.3803
23.603899,92.736471,0.2299
23.603899,92.746285,0.3803
23.603899,92.7561,0.4157
23.603899,92.765914,0.2265
23.603899,92.775728,0.2487
23.603899,92.785542,0.385
23.603899,92.795357,0.506
23.603899,92.805171,0.5288
23.603899,92.814985,0.5288
23.603899,92.824799,0.1955
23.603899,92.834614,0.2583
23.603899,92.844428,0.3405
23.603899,92.854242,0.4566
23.612882,92.55,0.4733
23.612882,92.559814,0.5303
23.612882,92.569629,0.4983
23.612882,92.579443,0.5741
23.612882,92.589257,0.5018
23.612882,92.599071,0.2397
23.612882,92.608886,0.4073
23.612882,92.6187,0.3997
23.612882,92.628514,0.3271
23.612882,92.638328,0.1152
23.612882,92.648143,0.1471
23.612882,92.657957,0.1414
23.612882,92.667771,0.4585
23.612882,92.677585,0.3402
23.612882,92.6874,0.1506
23.612882,92.697214,0.4748
23.612882,92.707028,0.1313
23.612882,92.716843,0.3435
23.612882,92.726657,0.1968
23.612882,92.736471,0.3748
23.612882,92.746285,0.4834
23.612882,92.7561,0.3686
23.612882,92.765914,0.2627
23.612882,92.775728,0.3631
23.612882,92.785542,0.2096
23.612882,92.795357,0.4157
23.612882,92.805171,0.4404
23.612882,92.814985,0.4249
23.612882,92.824799,0.4225
23.612882,92.834614,0.506
23.612882,92.844428,0.3434
23.612882,92.854242,0.3124
23.621865,92.55,0.5303
23.621865,92.559814,0.5147
23.621865,92.569629,0.5224
23.621865,92.579443,0.4284
23.621865,92.589257,0.5162
23.621865,92.599071,0.5428
23.621865,92.608886,0.4182
23.621865,92.6187,0.3892
23.621865,92.628514,0.3963
23.621865,92.638328,0.373
23.621865,92.648143,0.3997
23.621865,92.657957,0.5132
23.621865,92.667771,0.4766
23.621865,92.677585,0.355
23.621865,92.6874,0.3284
23.621865,92.697214,0.4903
23.621865,92.707028,0.3678
23.621865,92.716843,0.119
23.621865,92.726657,0.4936
23.621865,92.736471,0.2675
23.621865,92.746285,0.4157
23.621865,92.7561,0.3589
23.621865,92.765914,0.5445
23.621865,92.775728,0.2429
23.621865,92.785542,0.3654
23.621865,92.795357,0.3893
23.621865,92.805171,0.339
23.621865,92.814985,0.5288
23.621865,92.824799,0.3916
23.621865,92.834614,0.2165
23.621865,92.844428,0.3197
23.621865,92.854242,0.2375
23.630848,92.55,0.5664
23.630848,92.559814,0.5438
23.630848,92.569629,0.3209
23.630848,92.579443,0.5018
23.630848,92.589257,0.5061
23.630848,92.599071,0.492
23.630848,92.608886,0.304
23.630848,92.6187,0.3787
23.630848,92.628514,0.1434
23.630848,92.638328,0.4048
23.630848,92.648143,0.1357
23.630848,92.657957,0.4048
23.630848,92.667771,0.4048
23.630848,92.677585,0.4834
23.630848,92.6874,0.4834
23.630848,92.697214,0.4834
23.630848,92.707028,0.4006
23.630848,92.716843,0.2193
23.630848,92.726657,0.4792
23.630848,92.736471,0.499
23.630848,92.746285,0.499
23.630848,92.7561,0.385
23.630848,92.765914,0.5218
23.630848,92.775728,0.499
23.630848,92.785542,0.2807
23.630848,92.795357,0.3811
23.630848,92.805171,0.438
23.630848,92.814985,0.5218
23.630848,92.824799,0.3525
23.630848,92.834614,0.506
23.630848,92.844428,0.155
23.630848,92.854242,0.2441
23.639831,92.55,0.4934
23.639831,92.559814,0.5517
23.639831,92.569629,0.5147
23.639831,92.579443,0.4218
23.639831,92.589257,0.518
23.639831,92.599071,0.5022
23.639831,92.608886,0.1743
23.639831,92.6187,0.4903
23.639831,92.628514,0.1627
23.639831,92.638328,0.4903
23.639831,92.648143,0.1478
23.639831,92.657957,0.4654
23.639831,92.667771,0.1358
23.639831,92.677585,0.3981
23.639831,92.6874,0.3981
23.639831,92.697214,0.3712
23.639831,92.707028,0.2205
23.639831,92.716843,0.3575
23.639831,92.726657,0.531
23.639831,92.736471,0.543
23.639831,92.746285,0.2299
23.639831,92.7561,0.438
23.639831,92.765914,0.438
23.639831,92.775728,0.4157
23.639831,92.785542,0.2265
23.639831,92.795357,0.385
23.639831,92.805171,0.438
23.639831,92.814985,0.3893
23.639831,92.824799,0.2784
23.639831,92.834614,0.4225
23.639831,92.844428,0.506
23.639831,92.854242,0.2311
23.648814,92.55,0.5418
23.648814,92.559814,0.2209
23.648814,92.569629,0.3694
23.648814,92.579443,0.4286
23.648814,92.589257,0.7732
23.648814,92.599071,0.2224
23.648814,92.608886,0.2073
23.648814,92.6187,0.1327
23.648814,92.628514,0.4903
23.648814,92.638328,0.1641
23.648814,92.648143,0.1359
23.648814,92.657957,0.1644
23.648814,92.667771,0.254
23.648814,92.677585,0.4086
23.648814,92.6874,0.345
23.648814,92.697214,0.3906
23.648814,92.707028,0.5099
23.648814,92.716843,0.4087
23.648814,92.726657,0.4046
23.648814,92.736471,0.1559
23.648814,92.746285,0.3868
23.648814,92.7561,0.4213
23.648814,92.765914,0.5047
23.648814,92.775728,0.2339
23.648814,92.785542,0.2265
23.648814,92.795357,0.438
23.648814,92.805171,0.438
23.648814,92.814985,0.385
23.648814,92.824799,0.2468
23.648814,92.834614,0.506
23.648814,92.844428,0.4225
23.648814,92.854242,0.3591
23.657797,92.55,0.1848
23.657797,92.559814,0.5303
23.657797,92.569629,0.2751
23.657797,92.579443,0.4926
23.657797,92.589257,0.4955
23.657797,92.599071,0.537
23.657797,92.608886,0.1455
23.657797,92.6187,0.1445
23.657797,92.628514,0.4903
23.657797,92.638328,0.3614
23.657797,92.648143,0.2895
23.657797,92.657957,0.2422
23.657797,92.667771,0.4257
23.657797,92.677585,0.4817
23.657797,92.6874,0.4589
23.657797,92.697214,0.3987
23.657797,92.707028,0.4006
23.657797,92.716843,0.4196
23.657797,92.726657,0.2156
23.657797,92.736471,0.2525
23.657797,92.746285,0.2981
23.657797,92.7561,0.3078
23.657797,92.765914,0.4975
23.657797,92.775728,0.4365
23.657797,92.785542,0.4157
23.657797,92.795357,0.499
23.657797,92.805171,0.2102
23.657797,92.814985,0.3589
23.657797,92.824799,0.1688
23.657797,92.834614,0.5605
23.657797,92.844428,0.4225
23.657797,92.854242,0.3227
23.66678,92.55,0.4476
23.66678,92.559814,0.2377
23.66678,92.569629,0.4959
23.66678,92.579443,0.4204
23.66678,92.589257,0.1682
23.66678,92.599071,0.1611
23.66678,92.608886,0.1335
23.66678,92.6187,0.436
23.66678,92.628514,0.4269
23.66678,92.638328,0.1349
23.66678,92.648143,0.3729
23.66678,92.657957,0.3804
23.66678,92.667771,0.2211
23.66678,92.677585,0.4817
23.66678,92.6874,0.5099
23.66678,92.697214,0.4006
23.66678,92.707028,0.4091
23.66678,92.716843,0.3432
23.66678,92.726657,0.4643
23.66678,92.736471,0.2739
23.66678,92.746285,0.4365
23.66678,92.7561,0.2443
23.66678,92.765914,0.3021
23.66678,92.775728,0.4777
23.66678,92.785542,0.4142
23.66678,92.795357,0.4365
23.66678,92.805171,0.438
23.66678,92.814985,0.4435
23.66678,92.824799,0.506
23.66678,92.834614,0.239
23.66678,92.844428,0.4225
23.66678,92.854242,0.3869
23.675764,92.55,0.5176
23.675764,92.559814,0.2483
23.675764,92.569629,0.5246
23.675764,92.579443,0.5441
23.675764,92.589257,0.6093
23.675764,92.599071,0.4006
23.675764,92.608886,0.3763
23.675764,92.6187,0.1955
23.675764,92.628514,0.3932
23.675764,92.638328,0.3981
23.675764,92.648143,0.4769
23.675764,92.657957,0.3122
23.675764,92.667771,0.2139
23.675764,92.677585,0.4671
23.675764,92.6874,0.352
23.675764,92.697214,0.1379
23.675764,92.707028,0.4693
23.675764,92.716843,0.3535
23.675764,92.726657,0.5203
23.675764,92.736471,0.5203
23.675764,92.746285,0.5203
23.675764,92.7561,0.4365
23.675764,92.765914,0.4213
23.675764,92.775728,0.4777
23.675764,92.785542,0.2148
23.675764,92.795357,0.3885
23.675764,92.805171,0.3447
23.675764,92.814985,0.1289
23.675764,92.824799,0.5288
23.675764,92.834614,0.4652
23.675764,92.844428,0.3949
23.675764,92.854242,0.3545
23.684747,92.55,0.1423
23.684747,92.559814,0.1165
23.684747,92.569629,0.5276
23.684747,92.579443,0.6277
23.684747,92.589257,0.2904
23.684747,92.599071,0.4822
23.684747,92.608886,0.1663
23.684747,92.6187,0.1462
23.684747,92.628514,0.2452
23.684747,92.638328,0.4257
23.684747,92.648143,0.4016
23.684747,92.657957,0.3584
23.684747,92.667771,0.1368
23.684747,92.677585,0.4817
23.684747,92.6874,0.4237
23.684747,92.697214,0.3929
23.684747,92.707028,0.4006
23.684747,92.716843,0.5219
23.684747,92.726657,0.5515
23.684747,92.736471,0.4798
23.684747,92.746285,0.4365
23.684747,92.7561,0.2615
23.684747,92.765914,0.3247
23.684747,92.775728,0.4901
23.684747,92.785542,0.4871
23.684747,92.795357,0.1726
23.684747,92.805171,0.4201
23.684747,92.814985,0.4834
23.684747,92.824799,0.3186
23.684747,92.834614,0.1282
23.684747,92.844428,0.3404
23.684747,92.854242,0.1652
23.69373,92.55,0.4786
23.69373,92.559814,0.3357
23.69373,92.569629,0.5416
23.69373,92.579443,0.3179
23.69373,92.589257,0.4467
23.69373,92.599071,0.2307
23.69373,92.608886,0.4977
23.69373,92.6187,0.1688
23.69373,92.628514,0.2905
23.69373,92.638328,0.2076
23.69373,92.648143,0.5487
23.69373,92.657957,0.4016
23.69373,92.667771,0.1622
23.69373,92.677585,0.1017
23.69373,92.6874,0.1642
23.69373,92.697214,0.4673
23.69373,92.707028,0.4901
23.69373,92.716843,0.1884
23.69373,92.726657,0.5203
23.69373,92.736471,0.3575
23.69373,92.746285,0.421
23.69373,92.7561,0.4029
23.69373,92.765914,0.4213
23.69373,92.775728,0.4673
23.69373,92.785542,0.2488
23.69373,92.795357,0.1774
23.69373,92.805171,0.4871
23.69373,92.814985,0.2216
23.69373,92.824799,0.1289
23.69373,92.834614,0.5359
23.69373,92.844428,0.188
23.69373,92.854242,0.4296
23.702713,92.55,0.0967
23.702713,92.559814,0.302
23.702713,92.569629,0.1122
23.702713,92.579443,0.1606
23.702713,92.589257,0.5121
23.702713,92.599071,0.8168
23.702713,92.608886,0.2311
23.702713,92.6187,0.5096
23.702713,92.628514,0.1498
23.702713,92.638328,0.1349
23.702713,92.648143,0.204
23.702713,92.657957,0.4237
23.702713,92.667771,0.3729
23.702713,92.677585,0.3712
23.702713,92.6874,0.3129
23.702713,92.697214,0.1479
23.702713,92.707028,0.4525
23.702713,92.716843,0.458
23.702713,92.726657,0.5047
23.702713,92.736471,0.4213
23.702713,92.746285,0.4365
23.702713,92.7561,0.3575
23.702713,92.765914,0.4905
23.702713,92.775728,0.3745
23.702713,92.785542,0.4871
23.702713,92.795357,0.1576
23.702713,92.805171,0.3712
23.702713,92.814985,0.2269
23.702713,92.824799,0.3464
23.702713,92.834614,0.3552
23.702713,92.844428,0.4756
23.702713,92.854242,0.4678
23.711696,92.55,0.3744
23.711696,92.559814,0.2794
23.711696,92.569629,0.4198
23.711696,92.579443,0.1497
23.711696,92.589257,0.4143
23.711696,92.599071,0.3158
23.711696,92.608886,0.2356
23.711696,92.6187,0.2135
23.711696,92.628514,0.1272
23.711696,92.638328,0.2012
23.711696,92.648143,0.4871
23.711696,92.657957,0.4871
23.711696,92.667771,0.4237
23.711696,92.677585,0.1258
23.711696,92.6874,0.2208
23.711696,92.697214,0.4086
23.711696,92.707028,0.1894
23.711696,92.716843,0.1907
23.711696,92.726657,0.2725
23.711696,92.736471,0.4538
23.711696,92.746285,0.5203
23.711696,92.7561,0.4283
23.711696,92.765914,0.4883
23.711696,92.775728,0.4673
23.711696,92.785542,0.1941
23.711696,92.795357,0.5099
23.711696,92.805171,0.355
23.711696,92.814985,0.4201
23.711696,92.824799,0.3656
23.711696,92.834614,0.4073
23.711696,92.844428,0.4529
23.711696,92.854242,0.384
23.720679,92.55,0.2997
23.720679,92.559814,0.4094
23.720679,92.569629,0.3915
23.720679,92.579443,0.1479
23.720679,92.589257,0.4076
23.720679,92.599071,0.1069
23.720679,92.608886,0.1465
23.720679,92.6187,0.1234
23.720679,92.628514,0.5417
23.720679,92.638328,0.1704
23.720679,92.648143,0.3491
23.720679,92.657957,0.1815
23.720679,92.667771,0.4237
23.720679,92.677585,0.1815
23.720679,92.6874,0.434
23.720679,92.697214,0.3889
23.720679,92.707028,0.373
23.720679,92.716843,0.2724
23.720679,92.726657,0.5125
23.720679,92.736471,0.2927
23.720679,92.746285,0.2055
23.720679,92.7561,0.4283
23.720679,92.765914,0.3906
23.720679,92.775728,0.1783
23.720679,92.785542,0.1775
23.720679,92.795357,0.2422
23.720679,92.805171,0.355
23.720679,92.814985,0.2272
23.720679,92.824799,0.3981
23.720679,92.834614,0.3768
23.720679,92.844428,0.3989
23.720679,92.854242,0.557
23.729662,92.55,0.3551
23.729662,92.559814,0.3563
23.729662,92.569629,0.3875
23.729662,92.579443,0.4965
23.729662,92.589257,0.377
23.729662,92.599071,0.0714
23.729662,92.608886,0.3152
23.729662,92.6187,0.4304
23.729662,92.628514,0.1884
23.729662,92.638328,0.4871
23.729662,92.648143,0.1897
23.729662,92.657957,0.1249
23.729662,92.667771,0.1954
23.729662,92.677585,0.4109
23.729662,92.6874,0.1532
23.729662,92.697214,0.5135
23.729662,92.707028,0.2064
23.729662,92.716843,0.3521
23.729662,92.726657,0.19
23.729662,92.736471,0.2213
23.729662,92.746285,0.2009
23.729662,92.7561,0.2593
23.729662,92.765914,0.36
23.729662,92.775728,0.3551
23.729662,92.785542,0.5099
23.729662,92.795357,0.5099
23.729662,92.805171,0.3612
23.729662,92.814985,0.3981
23.729662,92.824799,0.1432
23.729662,92.834614,0.4295
23.729662,92.844428,0.5146
23.729662,92.854242,0.48
23.738645,92.55,0.3212
23.738645,92.559814,0.3695
23.738645,92.569629,0.3549
23.738645,92.579443,0.2393
23.738645,92.589257,0.2569
23.738645,92.599071,0.1752
23.738645,92.608886,0.3423
23.738645,92.6187,0.1477
23.738645,92.628514,0.1222
23.738645,92.638328,0.0967
23.738645,92.648143,0.4237
23.738645,92.657957,0.1688
23.738645,92.667771,0.1697
23.738645,92.677585,0.1951
23.738645,92.6874,0.2156
23.738645,92.697214,0.2713
23.738645,92.707028,0.3683
23.738645,92.716843,0.2501
23.738645,92.726657,0.3419
23.738645,92.736471,0.3756
23.738645,92.746285,0.2635
23.738645,92.7561,0.4596
23.738645,92.765914,0.218
23.738645,92.775728,0.5099
23.738645,92.785542,0.3498
23.738645,92.795357,0.2438
23.738645,92.805171,0.4138
23.738645,92.814985,0.196
23.738645,92.824799,0.1522
23.738645,92.834614,0.5132
23.738645,92.844428,0.5132
23.738645,92.854242,0.3939
23.747628,92.55,0.0799
23.747628,92.559814,0.3019
23.747628,92.569629,0.392
23.747628,92.579443,0.1545
23.747628,92.589257,0.3019
23.747628,92.599071,0.1063
23.747628,92.608886,0.3641
23.747628,92.6187,0.3712
23.747628,92.628514,0.1112
23.747628,92.638328,0.3584
23.747628,92.648143,0.1355
23.747628,92.657957,0.1069
23.747628,92.667771,0.0957
23.747628,92.677585,0.5135
23.747628,92.6874,0.6699
23.747628,92.697214,0.5314
23.747628,92.707028,0.2806
23.747628,92.716843,0.2726
23.747628,92.726657,0.2584
23.747628,92.736471,0.2925
23.747628,92.746285,0.3868
23.747628,92.7561,0.4975
23.747628,92.765914,0.3958
23.747628,92.775728,0.4871
23.747628,92.785542,0.3498
23.747628,92.795357,0.5099
23.747628,92.805171,0.4201
23.747628,92.814985,0.4903
23.747628,92.824799,0.3362
23.747628,92.834614,0.5132
23.747628,92.844428,0.5132
23.747628,92.854242,0.5315
23.756612,92.55,0.0956
23.756612,92.559814,0.3566
23.756612,92.569629,0.3551
23.756612,92.579443,0.326
23.756612,92.589257,0.4516
23.756612,92.599071,0.1379
23.756612,92.608886,0.1863
23.756612,92.6187,0.4016
23.756612,92.628514,0.2227
23.756612,92.638328,0.3584
23.756612,92.648143,0.3712
23.756612,92.657957,0.1856
23.756612,92.667771,0.1788
23.756612,92.677585,0.2111
23.756612,92.6874,0.1956
23.756612,92.697214,0.522
23.756612,92.707028,0.2333
23.756612,92.716843,0.3499
23.756612,92.726657,0.2939
23.756612,92.736471,0.2747
23.756612,92.746285,0.4017
23.756612,92.7561,0.4596
23.756612,92.765914,0.5451
23.756612,92.775728,0.3876
23.756612,92.785542,0.2148
23.756612,92.795357,0.2066
23.756612,92.805171,0.2167
23.756612,92.814985,0.4903
23.756612,92.824799,0.165
23.756612,92.834614,0.4654
23.756612,92.844428,0.1501
23.756612,92.854242,0.4624
23.765595,92.55,0.1054
23.765595,92.559814,0.2764
23.765595,92.569629,0.3566
23.765595,92.579443,0.451
23.765595,92.589257,0.4372
23.765595,92.599071,0.1391
23.765595,92.608886,0.2186
23.765595,92.6187,0.1937
23.765595,92.628514,0.1458
23.765595,92.638328,0.197
23.765595,92.648143,0.1124
23.765595,92.657957,0.1627
23.765595,92.667771,0.6087
23.765595,92.677585,0.529
23.765595,92.6874,0.1487
23.765595,92.697214,0.1061
23.765595,92.707028,0.5203
23.765595,92.716843,0.2377
23.765595,92.726657,0.4622
23.765595,92.736471,0.321
23.765595,92.746285,0.4397
23.765595,92.7561,0.4091
23.765595,92.765914,0.4213
23.765595,92.775728,0.4237
23.765595,92.785542,0.2012
23.765595,92.795357,0.3423
23.765595,92.805171,0.1044
23.765595,92.814985,0.1552
23.765595,92.824799,0.4269
23.765595,92.834614,0.1512
23.765595,92.844428,0.1827
23.765595,92.854242,0.201
23.774578,92.55,0.3242
23.774578,92.559814,0.343
23.774578,92.569629,0.1168
23.774578,92.579443,0.4401
23.774578,92.589257,0.1027
23.774578,92.599071,0.0851
23.774578,92.608886,0.1424
23.774578,92.6187,0.1424
23.774578,92.628514,0.1964
23.774578,92.638328,0.1792
23.774578,92.648143,0.1472
23.774578,92.657957,0.1553
23.774578,92.667771,0.16
23.774578,92.677585,0.1736
23.774578,92.6874,0.2912
23.774578,92.697214,0.1829
23.774578,92.707028,0.4142
23.774578,92.716843,0.3689
23.774578,92.726657,0.2171
23.774578,92.736471,0.553
23.774578,92.746285,0.3792
23.774578,92.7561,0.3499
23.774578,92.765914,0.5157
23.774578,92.775728,0.2242
23.774578,92.785542,0.5099
23.774578,92.795357,0.1328
23.774578,92.805171,0.4269
23.774578,92.814985,0.1443
23.774578,92.824799,0.5132
23.774578,92.834614,0.4269
23.774578,92.844428,0.3768
23.774578,92.854242,0.3485
23.783561,92.55,0.3545
23.783561,92.559814,0.1106
23.783561,92.569629,0.1739
23.783561,92.579443,0.4076
23.783561,92.589257,0.3704
23.783561,92.599071,0.1449
23.783561,92.608886,0.1327
23.783561,92.6187,0.1811
23.783561,92.628514,0.0993
23.783561,92.638328,0.4871
23.783561,92.648143,0.1047
23.783561,92.657957,0.2485
23.783561,92.667771,0.1464
23.783561,92.677585,0.1124
23.783561,92.6874,0.4237
23.783561,92.697214,0.1879
23.783561,92.707028,0.2311
23.783561,92.716843,0.4014
23.783561,92.726657,0.2901
23.783561,92.736471,0.2975
23.783561,92.746285,0.3868
23.783561,92.7561,0.3233
23.783561,92.765914,0.5545
23.783561,92.775728,0.5099
23.783561,92.785542,0.5062
23.783561,92.795357,0.1357
23.783561,92.805171,0.3527
23.783561,92.814985,0.4269
23.783561,92.824799,0.1569
23.783561,92.834614,0.4295
23.783561,92.844428,0.1838
23.783561,92.854242,0.4529
23.792544,92.55,0.3545
23.792544,92.559814,0.2778
23.792544,92.569629,0.1193
23.792544,92.579443,0.1931
23.792544,92.589257,0.4743
23.792544,92.599071,0.1534
23.792544,92.608886,0.1951
23.792544,92.6187,0.1437
23.792544,92.628514,0.2153
23.792544,92.638328,0.1341
23.792544,92.648143,0.1486
23.792544,92.657957,0.11
23.792544,92.667771,0.1795
23.792544,92.677585,0.3712
23.792544,92.6874,0.1215
23.792544,92.697214,0.3095
23.792544,92.707028,0.2111
23.792544,92.716843,0.2901
23.792544,92.726657,0.3719
23.792544,92.736471,0.4714
23.792544,92.746285,0.5005
23.792544,92.7561,0.2021
23.792544,92.765914,0.4063
23.792544,92.775728,0.4257
23.792544,92.785542,0.4269
23.792544,92.795357,0.0995
23.792544,92.805171,0.2041
23.792544,92.814985,0.1512
23.792544,92.824799,0.4654
23.792544,92.834614,0.1079
23.792544,92.844428,0.3552
23.792544,92.854242,0.4529
23.801527,92.55,0.5403
23.801527,92.559814,0.341
23.801527,92.569629,0.2108
23.801527,92.579443,0.2298
23.801527,92.589257,0.5418
23.801527,92.599071,0.4944
23.801527,92.608886,0.4353
23.801527,92.6187,0.225
23.801527,92.628514,0.3559
23.801527,92.638328,0.2029
23.801527,92.648143,0.1599
23.801527,92.657957,0.3134
23.801527,92.667771,0.4138
23.801527,92.677585,0.3498
23.801527,92.6874,0.4263
23.801527,92.697214,0.3043
23.801527,92.707028,0.2548
23.801527,92.716843,0.3385
23.801527,92.726657,0.4296
23.801527,92.736471,0.5318
23.801527,92.746285,0.5392
23.801527,92.7561,0.2068
23.801527,92.765914,0.162
23.801527,92.775728,0.5132
23.801527,92.785542,0.5132
23.801527,92.795357,0.1445
23.801527,92.805171,0.3847
23.801527,92.814985,0.3743
23.801527,92.824799,0.5132
23.801527,92.834614,0.2362
23.801527,92.844428,0.1385
23.801527,92.854242,0.4529
23.81051,92.55,0.165
23.81051,92.559814,0.4205
23.81051,92.569629,0.4871
23.81051,92.579443,0.4171
23.81051,92.589257,0.49
23.81051,92.599071,0.4188
23.81051,92.608886,0.152
23.81051,92.6187,0.1459
23.81051,92.628514,0.1327
23.81051,92.638328,0.2383
23.81051,92.648143,0.2289
23.81051,92.657957,0.1468
23.81051,92.667771,0.2103
23.81051,92.677585,0.224
23.81051,92.6874,0.5099
23.81051,92.697214,0.4871
23.81051,92.707028,0.5061
23.81051,92.716843,0.4445
23.81051,92.726657,0.3661
23.81051,92.736471,0.3969
23.81051,92.746285,0.2346
23.81051,92.7561,0.3983
23.81051,92.765914,0.3937
23.81051,92.775728,0.5213
23.81051,92.785542,0.4269
23.81051,92.795357,0.179
23.81051,92.805171,0.1466
23.81051,92.814985,0.4269
23.81051,92.824799,0.1585
23.81051,92.834614,0.4048
23.81051,92.844428,0.4295
23.81051,92.854242,0.2828
23.819493,92.55,0.2179
23.819493,92.559814,0.4314
23.819493,92.569629,0.5666
23.819493,92.579443,0.5529
23.819493,92.589257,0.5255
23.819493,92.599071,0.3492
23.819493,92.608886,0.1459
23.819493,92.6187,0.1713
23.819493,92.628514,0.3884
23.819493,92.638328,0.4201
23.819493,92.648143,0.1327
23.819493,92.657957,0.1538
23.819493,92.667771,0.2054
23.819493,92.677585,0.1094
23.819493,92.6874,0.4016
23.819493,92.697214,0.4263
23.819493,92.707028,0.3159
23.819493,92.716843,0.4404
23.819493,92.726657,0.3563
23.819493,92.736471,0.4842
23.819493,92.746285,0.293
23.819493,92.7561,0.3
23.819493,92.765914,0.5239
23.819493,92.775728,0.4073
23.819493,92.785542,0.4048
23.819493,92.795357,0.1881
23.819493,92.805171,0.1697
23.819493,92.814985,0.1478
23.819493,92.824799,0.1791
23.819493,92.834614,0.1142
23.819493,92.844428,0.1287
23.819493,92.854242,0.3637
23.828476,92.55,0.4467
23.828476,92.559814,0.5014
23.828476,92.569629,0.5495
23.828476,92.579443,0.5162
23.828476,92.589257,0.2321
23.828476,92.599071,0.2682
23.828476,92.608886,0.1131
23.828476,92.6187,0.1459
23.828476,92.628514,0.198
23.828476,92.638328,0.4585
23.828476,92.648143,0.0969
23.828476,92.657957,0.0969
23.828476,92.667771,0.4048
23.828476,92.677585,0.4201
23.828476,92.6874,0.1451
23.828476,92.697214,0.17
23.828476,92.707028,0.4687
23.828476,92.716843,0.2256
23.828476,92.726657,0.4098
23.828476,92.736471,0.4256
23.828476,92.746285,0.4515
23.828476,92.7561,0.4786
23.828476,92.765914,0.4756
23.828476,92.775728,0.3384
23.828476,92.785542,0.4903
23.828476,92.795357,0.113
23.828476,92.805171,0.4269
23.828476,92.814985,0.4269
23.828476,92.824799,0.4269
23.828476,92.834614,0.2185
23.828476,92.844428,0.1229
23.828476,92.854242,0.1572
23.83746,92.55,0.5649
23.83746,92.559814,0.5014
23.83746,92.569629,0.4444
23.83746,92.579443,0.4829
23.83746,92.589257,0.2787
23.83746,92.599071,0.6079
23.83746,92.608886,0.1601
23.83746,92.6187,0.2336
23.83746,92.628514,0.1933
23.83746,92.638328,0.1732
23.83746,92.648143,0.152
23.83746,92.657957,0.5349
23.83746,92.667771,0.3652
23.83746,92.677585,0.3678
23.83746,92.6874,0.0968
23.83746,92.697214,0.1462
23.83746,92.707028,0.2359
23.83746,92.716843,0.1916
23.83746,92.726657,0.3731
23.83746,92.736471,0.4267
23.83746,92.746285,0.4444
23.83746,92.7561,0.4867
23.83746,92.765914,0.5016
23.83746,92.775728,0.3748
23.83746,92.785542,0.1487
23.83746,92.795357,0.1086
23.83746,92.805171,0.1318
23.83746,92.814985,0.3382
23.83746,92.824799,0.1203
23.83746,92.834614,0.3548
23.83746,92.844428,0.1155
23.83746,92.854242,0.4048
23.846443,92.55,0.4467
23.846443,92.559814,0.4493
23.846443,92.569629,0.1776
23.846443,92.579443,0.4237
23.846443,92.589257,0.6708
23.846443,92.599071,0.2887
23.846443,92.608886,0.1541
23.846443,92.6187,0.2476
23.846443,92.628514,0.1942
23.846443,92.638328,0.1314
23.846443,92.648143,0.2173
23.846443,92.657957,0.4484
23.846443,92.667771,0.2106
23.846443,92.677585,0.164
23.846443,92.6874,0.1794
23.846443,92.697214,0.4006
23.846443,92.707028,0.5299
23.846443,92.716843,0.384
23.846443,92.726657,0.5344
23.846443,92.736471,0.2986
23.846443,92.746285,0.4524
23.846443,92.7561,0.4257
23.846443,92.765914,0.5067
23.846443,92.775728,0.1771
23.846443,92.785542,0.4451
23.846443,92.795357,0.113
23.846443,92.805171,0.158
23.846443,92.814985,0.4218
23.846443,92.824799,0.4119
23.846443,92.834614,0.4269
23.846443,92.844428,0.1496
23.846443,92.854242,0.1162
23.855426,92.55,0.2028
23.855426,92.559814,0.4812
23.855426,92.569629,0.2781
23.855426,92.579443,0.4677
23.855426,92.589257,0.6515
23.855426,92.599071,0.6125
23.855426,92.608886,0.1707
23.855426,92.6187,0.2245
23.855426,92.628514,0.4201
23.855426,92.638328,0.1529
23.855426,92.648143,0.4867
23.855426,92.657957,0.2038
23.855426,92.667771,0.2088
23.855426,92.677585,0.3423
23.855426,92.6874,0.3228
23.855426,92.697214,0.1055
23.855426,92.707028,0.5299
23.855426,92.716843,0.3608
23.855426,92.726657,0.3939
23.855426,92.736471,0.4648
23.855426,92.746285,0.1755
23.855426,92.7561,0.5023
23.855426,92.765914,0.2035
23.855426,92.775728,0.4529
23.855426,92.785542,0.4451
23.855426,92.795357,0.1597
23.855426,92.805171,0.13
23.855426,92.814985,0.4218
23.855426,92.824799,0.4048
23.855426,92.834614,0.4269
23.855426,92.844428,0.4048
23.855426,92.854242,0.1398
23.864409,92.55,0.586
23.864409,92.559814,0.6244
23.864409,92.569629,0.4837
23.864409,92.579443,0.2252
23.864409,92.589257,0.2839
23.864409,92.599071,0.1808
23.864409,92.608886,0.5132
23.864409,92.6187,0.1747
23.864409,92.628514,0.1898
23.864409,92.638328,0.1395
23.864409,92.648143,0.172
23.864409,92.657957,0.1795
23.864409,92.667771,0.1473
23.864409,92.677585,0.3678
23.864409,92.6874,0.4006
23.864409,92.697214,0.1981
23.864409,92.707028,0.3231
23.864409,92.716843,0.3233
23.864409,92.726657,0.4248
23.864409,92.736471,0.3355
23.864409,92.746285,0.8294
23.864409,92.7561,0.4248
23.864409,92.765914,0.4529
23.864409,92.775728,0.4529
23.864409,92.785542,0.4073
23.864409,92.795357,0.1234
23.864409,92.805171,0.1631
23.864409,92.814985,0.3536
23.864409,92.824799,0.4048
23.864409,92.834614,0.3578
23.864409,92.844428,0.4269
23.864409,92.854242,0.1621
23.873392,92.55,0.586
23.873392,92.559814,0.1821
23.873392,92.569629,0.5741
23.873392,92.579443,0.5186
23.873392,92.589257,0.5103
23.873392,92.599071,0.5649
23.873392,92.608886,0.158
23.873392,92.6187,0.1764
23.873392,92.628514,0.1414
23.873392,92.638328,0.133
23.873392,92.648143,0.133
23.873392,92.657957,0.1328
23.873392,92.667771,0.3743
23.873392,92.677585,0.1881
23.873392,92.6874,0.3552
23.873392,92.697214,0.2359
23.873392,92.707028,0.223
23.873392,92.716843,0.4756
23.873392,92.726657,0.1601
23.873392,92.736471,0.4687
23.873392,92.746285,0.4322
23.873392,92.7561,0.4127
23.873392,92.765914,0.5599
23.873392,92.775728,0.4218
23.873392,92.785542,0.1442
23.873392,92.795357,0.1138
23.873392,92.805171,0.1559
23.873392,92.814985,0.4048
23.873392,92.824799,0.3821
23.873392,92.834614,0.4269
23.873392,92.844428,0.4269
23.873392,92.854242,0.4048
23.882375,92.55,0.5415
23.882375,92.559814,0.4812
23.882375,92.569629,0.5929
23.882375,92.579443,0.5362
23.882375,92.589257,0.6394
23.882375,92.599071,0.206
23.882375,92.608886,0.1393
23.882375,92.6187,0.1436
23.882375,92.628514,0.1063
23.882375,92.638328,0.1477
23.882375,92.648143,0.1138
23.882375,92.657957,0.1126
23.882375,92.667771,0.1805
23.882375,92.677585,0.3358
23.882375,92.6874,0.1228
23.882375,92.697214,0.3768
23.882375,92.707028,0.5368
23.882375,92.716843,0.2183
23.882375,92.726657,0.4529
23.882375,92.736471,0.8441
23.882375,92.746285,0.4515
23.882375,92.7561,0.4024
23.882375,92.765914,0.1851
23.882375,92.775728,0.4681
23.882375,92.785542,0.3527
23.882375,92.795357,0.1228
23.882375,92.805171,0.417
23.882375,92.814985,0.145
23.882375,92.824799,0.1632
23.882375,92.834614,0.3521
23.882375,92.844428,0.161
23.882375,92.854242,0.3898
23.891358,92.55,0.1462
23.891358,92.559814,0.1407
23.891358,92.569629,0.4264
23.891358,92.579443,0.2527
23.891358,92.589257,0.6193
23.891358,92.599071,0.2297
23.891358,92.608886,0.4048
23.891358,92.6187,0.1357
23.891358,92.628514,0.1027
23.891358,92.638328,0.5326
23.891358,92.648143,0.1229
23.891358,92.657957,0.1187
23.891358,92.667771,0.4048
23.891358,92.677585,0.1943
23.891358,92.6874,0.1433
23.891358,92.697214,0.3768
23.891358,92.707028,0.4451
23.891358,92.716843,0.2276
23.891358,92.726657,0.4664
23.891358,92.736471,0.3938
23.891358,92.746285,0.4643
23.891358,92.7561,0.1825
23.891358,92.765914,0.258
23.891358,92.775728,0.3708
23.891358,92.785542,0.1688
23.891358,92.795357,0.2975
23.891358,92.805171,0.1243
23.891358,92.814985,0.4501
23.891358,92.824799,0.39
23.891358,92.834614,0.4654
23.891358,92.844428,0.4269
23.891358,92.854242,0.3817
23.900341,92.55,0.5229
23.900341,92.559814,0.1869
23.900341,92.569629,0.194
23.900341,92.579443,0.4469
23.900341,92.589257,0.2557
23.900341,92.599071,0.1677
23.900341,92.608886,0.4048
23.900341,92.6187,0.1335
23.900341,92.628514,0.4269
23.900341,92.638328,0.1715
23.900341,92.648143,0.417
23.900341,92.657957,0.3673
23.900341,92.667771,0.1498
23.900341,92.677585,0.2118
23.900341,92.6874,0.4269
23.900341,92.697214,0.4073
23.900341,92.707028,0.4148
23.900341,92.716843,0.3916
23.900341,92.726657,0.4073
23.900341,92.736471,0.1448
23.900341,92.746285,0.3374
23.900341,92.7561,0.2294
23.900341,92.765914,0.1472
23.900341,92.775728,0.4295
23.900341,92.785542,0.4584
23.900341,92.795357,0.1414
23.900341,92.805171,0.3898
23.900341,92.814985,0.1076
23.900341,92.824799,0.3874
23.900341,92.834614,0.3659
23.900341,92.844428,0.3271
23.900341,92.854242,0.1087
23.909324,92.55,0.4395
23.909324,92.559814,0.1677
23.909324,92.569629,0.1936
23.909324,92.579443,0.4788
23.909324,92.589257,0.497
23.909324,92.599071,0.233
23.909324,92.608886,0.1131
23.909324,92.6187,0.3536
23.909324,92.628514,0.1915
23.909324,92.638328,0.1682
23.909324,92.648143,0.1298
23.909324,92.657957,0.1055
23.909324,92.667771,0.1534
23.909324,92.677585,0.5449
23.909324,92.6874,0.3503
23.909324,92.697214,0.1478
23.909324,92.707028,0.4148
23.909324,92.716843,0.1753
23.909324,92.726657,0.37
23.909324,92.736471,0.366
23.909324,92.746285,0.2035
23.909324,92.7561,0.4148
23.909324,92.765914,0.107
23.909324,92.775728,0.4654
23.909324,92.785542,0.3997
23.909324,92.795357,0.39
23.909324,92.805171,0.1076
23.909324,92.814985,0.1564
23.909324,92.824799,0.3566
23.909324,92.834614,0.3182
23.909324,92.844428,0.3659
23.909324,92.854242,0.3139
23.918308,92.55,0.4034
23.918308,92.559814,0.5001
23.918308,92.569629,0.5872
23.918308,92.579443,0.4983
23.918308,92.589257,0.4658
23.918308,92.599071,0.4786
23.918308,92.608886,0.4654
23.918308,92.6187,0.4269
23.918308,92.628514,0.4115
23.918308,92.638328,0.1403
23.918308,92.648143,0.1205
23.918308,92.657957,0.18
23.918308,92.667771,0.1357
23.918308,92.677585,0.5132
23.918308,92.6874,0.4218
23.918308,92.697214,0.0936
23.918308,92.707028,0.3959
23.918308,92.716843,0.4225
23.918308,92.726657,0.2213
23.918308,92.736471,0.331
23.918308,92.746285,0.2237
23.918308,92.7561,0.4319
23.918308,92.765914,0.1253
23.918308,92.775728,0.3898
23.918308,92.785542,0.1801
23.918308,92.795357,0.3997
23.918308,92.805171,0.1065
23.918308,92.814985,0.1213
23.918308,92.824799,0.3211
23.918308,92.834614,0.3333
23.918308,92.844428,0.332
23.918308,92.854242,0.3683
23.927291,92.55,0.4128
23.927291,92.559814,0.5872
23.927291,92.569629,0.4707
23.927291,92.579443,0.1943
23.927291,92.589257,0.5366
23.927291,92.599071,0.5618
23.927291,92.608886,0.4903
23.927291,92.6187,0.131
23.927291,92.628514,0.1416
23.927291,92.638328,0.5112
23.927291,92.648143,0.131
23.927291,92.657957,0.1266
23.927291,92.667771,0.1466
23.927291,92.677585,0.3788
23.927291,92.6874,0.1524
23.927291,92.697214,0.4073
23.927291,92.707028,0.1846
23.927291,92.716843,0.3394
23.927291,92.726657,0.2742
23.927291,92.736471,0.4561
23.927291,92.746285,0.3016
23.927291,92.7561,0.1626
23.927291,92.765914,0.3961
23.927291,92.775728,0.1522
23.927291,92.785542,0.3534
23.927291,92.795357,0.4048
23.927291,92.805171,0.0985
23.927291,92.814985,0.1318
23.927291,92.824799,0.1088
23.927291,92.834614,0.3025
23.927291,92.844428,0.3732
23.927291,92.854242,0.3356
23.936274,92.55,0.5403
23.936274,92.559814,0.3856
23.936274,92.569629,0.5649
23.936274,92.579443,0.4493
23.936274,92.589257,0.5454
23.936274,92.599071,0.2309
23.936274,92.608886,0.5132
23.936274,92.6187,0.2061
23.936274,92.628514,0.1056
23.936274,92.638328,0.1213
23.936274,92.648143,0.1327
23.936274,92.657957,0.4269
23.936274,92.667771,0.1419
23.936274,92.677585,0.1801
23.936274,92.6874,0.1929
23.936274,92.697214,0.3731
23.936274,92.707028,0.3998
23.936274,92.716843,0.3916
23.936274,92.726657,0.3143
23.936274,92.736471,0.4148
23.936274,92.746285,0.3879
23.936274,92.7561,0.3023
23.936274,92.765914,0.3843
23.936274,92.775728,0.1227
23.936274,92.785542,0.4602
23.936274,92.795357,0.3997
23.936274,92.805171,0.3683
23.936274,92.814985,0.4108
23.936274,92.824799,0.1354
23.936274,92.834614,0.3683
23.936274,92.844428,0.1045
23.936274,92.854242,0.3683
23.945257,92.55,0.4603
23.945257,92.559814,0.5564
23.945257,92.569629,0.1733
23.945257,92.579443,0.504
23.945257,92.589257,0.5454
23.945257,92.599071,0.1187
23.945257,92.608886,0.4048
23.945257,92.6187,0.1293
23.945257,92.628514,0.1828
23.945257,92.638328,0.1281
23.945257,92.648143,0.1534
23.945257,92.657957,0.1478
23.945257,92.667771,0.1357
23.945257,92.677585,0.1464
23.945257,92.6874,0.414
23.945257,92.697214,0.4451
23.945257,92.707028,0.4148
23.945257,92.716843,0.2638
23.945257,92.726657,0.175
23.945257,92.736471,0.2108
23.945257,92.746285,0.4225
23.945257,92.7561,0.3434
23.945257,92.765914,0.3348
23.945257,92.775728,0.1249
23.945257,92.785542,0.3776
23.945257,92.795357,0.4067
23.945257,92.805171,0.3683
23.945257,92.814985,0.1032
23.945257,92.824799,0.1167
23.945257,92.834614,0.3333
23.945257,92.844428,0.3368
23.945257,92.854242,0.3683
23.95424,92.55,0.1443
23.95424,92.559814,0.4714
23.95424,92.569629,0.5014
23.95424,92.579443,0.504
23.95424,92.589257,0.4948
23.95424,92.599071,0.1288
23.95424,92.608886,0.3997
23.95424,92.6187,0.1407
23.95424,92.628514,0.137
23.95424,92.638328,0.1078
23.95424,92.648143,0.4218
23.95424,92.657957,0.151
23.95424,92.667771,0.4218
23.95424,92.677585,0.1417
23.95424,92.6874,0.2039
23.95424,92.697214,0.4214
23.95424,92.707028,0.2024
23.95424,92.716843,0.2277
23.95424,92.726657,0.4225
23.95424,92.736471,0.4225
23.95424,92.746285,0.1612
23.95424,92.7561,0.4837
23.95424,92.765914,0.4603
23.95424,92.775728,0.4092
23.95424,92.785542,0.4406
23.95424,92.795357,0.4218
23.95424,92.805171,0.1333
23.95424,92.814985,0.2117
23.95424,92.824799,0.1241
23.95424,92.834614,0.3874
23.95424,92.844428,0.1357
23.95424,92.854242,0.1236
